Name	Value	Time
txInjected-average	0	2020-04-13T22:56:53.633Z
txInjected-total	0	2020-04-13T22:56:53.633Z
txApplied-average	11	2020-04-13T22:56:53.633Z
txApplied-total	11	2020-04-13T22:56:53.633Z
txRejected-average	0	2020-04-13T22:56:53.633Z
txRejected-total	0	2020-04-13T22:56:53.633Z
txExpired-average	0	2020-04-13T22:56:53.633Z
txExpired-total	0	2020-04-13T22:56:53.633Z
txProcessed-average	0	2020-04-13T22:56:53.633Z
txProcessed-total	0	2020-04-13T22:56:53.633Z
queueLength-average	3	2020-04-13T22:56:53.633Z
queueLength-value	3	2020-04-13T22:56:53.633Z
serverLoad-average	0	2020-04-13T22:56:53.633Z
serverLoad-value	0	2020-04-13T22:56:53.633Z
txTimeInQueue-average	2.323	2020-04-13T22:56:53.633Z
txInjected-average	0	2020-04-13T22:56:54.633Z
txInjected-total	0	2020-04-13T22:56:54.633Z
txApplied-average	5.5	2020-04-13T22:56:54.633Z
txApplied-total	11	2020-04-13T22:56:54.633Z
txRejected-average	0	2020-04-13T22:56:54.633Z
txRejected-total	0	2020-04-13T22:56:54.633Z
txExpired-average	0	2020-04-13T22:56:54.633Z
txExpired-total	0	2020-04-13T22:56:54.633Z
txProcessed-average	0	2020-04-13T22:56:54.633Z
txProcessed-total	0	2020-04-13T22:56:54.633Z
queueLength-average	3	2020-04-13T22:56:54.633Z
queueLength-value	3	2020-04-13T22:56:54.633Z
serverLoad-average	0.07743333333333333	2020-04-13T22:56:54.633Z
serverLoad-value	0.15486666666666665	2020-04-13T22:56:54.633Z
txTimeInQueue-average	2.823	2020-04-13T22:56:54.633Z
txInjected-average	0	2020-04-13T22:56:55.635Z
txInjected-total	0	2020-04-13T22:56:55.635Z
txApplied-average	3.6666666666666665	2020-04-13T22:56:55.635Z
txApplied-total	11	2020-04-13T22:56:55.635Z
txRejected-average	0	2020-04-13T22:56:55.635Z
txRejected-total	0	2020-04-13T22:56:55.635Z
txExpired-average	0	2020-04-13T22:56:55.635Z
txExpired-total	0	2020-04-13T22:56:55.635Z
txProcessed-average	0	2020-04-13T22:56:55.635Z
txProcessed-total	0	2020-04-13T22:56:55.635Z
queueLength-average	3	2020-04-13T22:56:55.635Z
queueLength-value	3	2020-04-13T22:56:55.635Z
serverLoad-average	0.11435555555555554	2020-04-13T22:56:55.635Z
serverLoad-value	0.1882	2020-04-13T22:56:55.635Z
txTimeInQueue-average	3.3236666666666665	2020-04-13T22:56:55.635Z
txInjected-average	0	2020-04-13T22:56:56.637Z
txInjected-total	0	2020-04-13T22:56:56.637Z
txApplied-average	2.75	2020-04-13T22:56:56.637Z
txApplied-total	11	2020-04-13T22:56:56.637Z
txRejected-average	0	2020-04-13T22:56:56.637Z
txRejected-total	0	2020-04-13T22:56:56.637Z
txExpired-average	0	2020-04-13T22:56:56.637Z
txExpired-total	0	2020-04-13T22:56:56.637Z
txProcessed-average	0	2020-04-13T22:56:56.637Z
txProcessed-total	0	2020-04-13T22:56:56.637Z
queueLength-average	3.25	2020-04-13T22:56:56.637Z
queueLength-value	4	2020-04-13T22:56:56.637Z
serverLoad-average	0.1411611111111111	2020-04-13T22:56:56.637Z
serverLoad-value	0.22157777777777776	2020-04-13T22:56:56.637Z
txTimeInQueue-average	3.721	2020-04-13T22:56:56.637Z
txInjected-average	0	2020-04-13T22:56:57.638Z
txInjected-total	0	2020-04-13T22:56:57.638Z
txApplied-average	2.2	2020-04-13T22:56:57.638Z
txApplied-total	11	2020-04-13T22:56:57.638Z
txRejected-average	0	2020-04-13T22:56:57.638Z
txRejected-total	0	2020-04-13T22:56:57.638Z
txExpired-average	0	2020-04-13T22:56:57.638Z
txExpired-total	0	2020-04-13T22:56:57.638Z
txProcessed-average	0	2020-04-13T22:56:57.638Z
txProcessed-total	0	2020-04-13T22:56:57.638Z
queueLength-average	3.4	2020-04-13T22:56:57.638Z
queueLength-value	4	2020-04-13T22:56:57.638Z
serverLoad-average	0.1625422222222222	2020-04-13T22:56:57.638Z
serverLoad-value	0.24806666666666669	2020-04-13T22:56:57.638Z
txTimeInQueue-average	4.1596	2020-04-13T22:56:57.638Z
txInjected-average	0	2020-04-13T22:56:58.638Z
txInjected-total	0	2020-04-13T22:56:58.638Z
txApplied-average	1.8333333333333333	2020-04-13T22:56:58.638Z
txApplied-total	11	2020-04-13T22:56:58.638Z
txRejected-average	0	2020-04-13T22:56:58.638Z
txRejected-total	0	2020-04-13T22:56:58.638Z
txExpired-average	0	2020-04-13T22:56:58.638Z
txExpired-total	0	2020-04-13T22:56:58.638Z
txProcessed-average	0	2020-04-13T22:56:58.638Z
txProcessed-total	0	2020-04-13T22:56:58.638Z
queueLength-average	3.5	2020-04-13T22:56:58.638Z
queueLength-value	4	2020-04-13T22:56:58.638Z
serverLoad-average	0.18166962962962963	2020-04-13T22:56:58.638Z
serverLoad-value	0.2773066666666667	2020-04-13T22:56:58.638Z
txTimeInQueue-average	4.618666666666667	2020-04-13T22:56:58.638Z
txInjected-average	0	2020-04-13T22:56:59.638Z
txInjected-total	0	2020-04-13T22:56:59.638Z
txApplied-average	1.5714285714285714	2020-04-13T22:56:59.638Z
txApplied-total	11	2020-04-13T22:56:59.638Z
txRejected-average	0	2020-04-13T22:56:59.638Z
txRejected-total	0	2020-04-13T22:56:59.638Z
txExpired-average	0	2020-04-13T22:56:59.638Z
txExpired-total	0	2020-04-13T22:56:59.638Z
txProcessed-average	0	2020-04-13T22:56:59.638Z
txProcessed-total	0	2020-04-13T22:56:59.638Z
queueLength-average	3.5714285714285716	2020-04-13T22:56:59.638Z
queueLength-value	4	2020-04-13T22:56:59.638Z
serverLoad-average	0.199704126984127	2020-04-13T22:56:59.638Z
serverLoad-value	0.30791111111111114	2020-04-13T22:56:59.638Z
txTimeInQueue-average	5.089428571428572	2020-04-13T22:56:59.638Z
txInjected-average	0	2020-04-13T22:57:00.639Z
txInjected-total	0	2020-04-13T22:57:00.639Z
txApplied-average	1.375	2020-04-13T22:57:00.639Z
txApplied-total	11	2020-04-13T22:57:00.639Z
txRejected-average	0	2020-04-13T22:57:00.639Z
txRejected-total	0	2020-04-13T22:57:00.639Z
txExpired-average	0	2020-04-13T22:57:00.639Z
txExpired-total	0	2020-04-13T22:57:00.639Z
txProcessed-average	0	2020-04-13T22:57:00.639Z
txProcessed-total	0	2020-04-13T22:57:00.639Z
queueLength-average	3.625	2020-04-13T22:57:00.639Z
queueLength-value	4	2020-04-13T22:57:00.639Z
serverLoad-average	0.2171530158730159	2020-04-13T22:57:00.639Z
serverLoad-value	0.33929523809523815	2020-04-13T22:57:00.639Z
txTimeInQueue-average	5.567625	2020-04-13T22:57:00.639Z
txInjected-average	0	2020-04-13T22:57:01.641Z
txInjected-total	0	2020-04-13T22:57:01.641Z
txApplied-average	1.2222222222222223	2020-04-13T22:57:01.641Z
txApplied-total	11	2020-04-13T22:57:01.641Z
txRejected-average	0	2020-04-13T22:57:01.641Z
txRejected-total	0	2020-04-13T22:57:01.641Z
txExpired-average	0	2020-04-13T22:57:01.641Z
txExpired-total	0	2020-04-13T22:57:01.641Z
txProcessed-average	0	2020-04-13T22:57:01.641Z
txProcessed-total	0	2020-04-13T22:57:01.641Z
queueLength-average	3.6666666666666665	2020-04-13T22:57:01.641Z
queueLength-value	4	2020-04-13T22:57:01.641Z
serverLoad-average	0.234266569664903	2020-04-13T22:57:01.641Z
serverLoad-value	0.371175	2020-04-13T22:57:01.641Z
txTimeInQueue-average	6.050888888888888	2020-04-13T22:57:01.641Z
txInjected-average	0	2020-04-13T22:57:02.641Z
txInjected-total	0	2020-04-13T22:57:02.641Z
txApplied-average	1.1	2020-04-13T22:57:02.641Z
txApplied-total	11	2020-04-13T22:57:02.641Z
txRejected-average	0	2020-04-13T22:57:02.641Z
txRejected-total	0	2020-04-13T22:57:02.641Z
txExpired-average	0	2020-04-13T22:57:02.641Z
txExpired-total	0	2020-04-13T22:57:02.641Z
txProcessed-average	0	2020-04-13T22:57:02.641Z
txProcessed-total	0	2020-04-13T22:57:02.641Z
queueLength-average	3.7	2020-04-13T22:57:02.641Z
queueLength-value	4	2020-04-13T22:57:02.641Z
serverLoad-average	0.251179171957672	2020-04-13T22:57:02.641Z
serverLoad-value	0.4033925925925926	2020-04-13T22:57:02.641Z
txTimeInQueue-average	6.5375	2020-04-13T22:57:02.641Z
txInjected-average	0	2020-04-13T22:57:03.646Z
txInjected-total	0	2020-04-13T22:57:03.646Z
txApplied-average	1.3636363636363635	2020-04-13T22:57:03.646Z
txApplied-total	15	2020-04-13T22:57:03.646Z
txRejected-average	0	2020-04-13T22:57:03.646Z
txRejected-total	0	2020-04-13T22:57:03.646Z
txExpired-average	0	2020-04-13T22:57:03.646Z
txExpired-total	0	2020-04-13T22:57:03.646Z
txProcessed-average	0	2020-04-13T22:57:03.646Z
txProcessed-total	0	2020-04-13T22:57:03.646Z
queueLength-average	3.3636363636363638	2020-04-13T22:57:03.646Z
queueLength-value	0	2020-04-13T22:57:03.646Z
serverLoad-average	0.2679659139009139	2020-04-13T22:57:03.646Z
serverLoad-value	0.4358333333333333	2020-04-13T22:57:03.646Z
txTimeInQueue-average	5.943181818181818	2020-04-13T22:57:03.646Z
txInjected-average	0	2020-04-13T22:57:04.649Z
txInjected-total	0	2020-04-13T22:57:04.649Z
txApplied-average	1.25	2020-04-13T22:57:04.649Z
txApplied-total	15	2020-04-13T22:57:04.649Z
txRejected-average	0	2020-04-13T22:57:04.649Z
txRejected-total	0	2020-04-13T22:57:04.649Z
txExpired-average	0	2020-04-13T22:57:04.649Z
txExpired-total	0	2020-04-13T22:57:04.649Z
txProcessed-average	0	2020-04-13T22:57:04.649Z
txProcessed-total	0	2020-04-13T22:57:04.649Z
queueLength-average	3.0833333333333335	2020-04-13T22:57:04.649Z
queueLength-value	0	2020-04-13T22:57:04.649Z
serverLoad-average	0.2786530978435145	2020-04-13T22:57:04.649Z
serverLoad-value	0.39621212121212124	2020-04-13T22:57:04.649Z
txTimeInQueue-average	5.447916666666667	2020-04-13T22:57:04.649Z
txInjected-average	0	2020-04-13T22:57:05.650Z
txInjected-total	0	2020-04-13T22:57:05.650Z
txApplied-average	1.1538461538461537	2020-04-13T22:57:05.650Z
txApplied-total	15	2020-04-13T22:57:05.650Z
txRejected-average	0	2020-04-13T22:57:05.650Z
txRejected-total	0	2020-04-13T22:57:05.650Z
txExpired-average	0	2020-04-13T22:57:05.650Z
txExpired-total	0	2020-04-13T22:57:05.650Z
txProcessed-average	0	2020-04-13T22:57:05.650Z
txProcessed-total	0	2020-04-13T22:57:05.650Z
queueLength-average	2.8461538461538463	2020-04-13T22:57:05.650Z
queueLength-value	0	2020-04-13T22:57:05.650Z
serverLoad-average	0.2851562783512783	2020-04-13T22:57:05.650Z
serverLoad-value	0.3631944444444445	2020-04-13T22:57:05.650Z
txTimeInQueue-average	5.028846153846154	2020-04-13T22:57:05.650Z
