Name	Value	Time
txInjected-average	0	2020-04-13T22:56:53.657Z
txInjected-total	0	2020-04-13T22:56:53.657Z
txApplied-average	8	2020-04-13T22:56:53.657Z
txApplied-total	8	2020-04-13T22:56:53.657Z
txRejected-average	0	2020-04-13T22:56:53.657Z
txRejected-total	0	2020-04-13T22:56:53.657Z
txExpired-average	0	2020-04-13T22:56:53.657Z
txExpired-total	0	2020-04-13T22:56:53.657Z
txProcessed-average	0	2020-04-13T22:56:53.657Z
txProcessed-total	0	2020-04-13T22:56:53.657Z
queueLength-average	3	2020-04-13T22:56:53.657Z
queueLength-value	3	2020-04-13T22:56:53.657Z
serverLoad-average	0	2020-04-13T22:56:53.657Z
serverLoad-value	0	2020-04-13T22:56:53.657Z
txTimeInQueue-average	2.346	2020-04-13T22:56:53.657Z
txInjected-average	0	2020-04-13T22:56:54.657Z
txInjected-total	0	2020-04-13T22:56:54.657Z
txApplied-average	4	2020-04-13T22:56:54.657Z
txApplied-total	8	2020-04-13T22:56:54.657Z
txRejected-average	0	2020-04-13T22:56:54.657Z
txRejected-total	0	2020-04-13T22:56:54.657Z
txExpired-average	0	2020-04-13T22:56:54.657Z
txExpired-total	0	2020-04-13T22:56:54.657Z
txProcessed-average	0	2020-04-13T22:56:54.657Z
txProcessed-total	0	2020-04-13T22:56:54.657Z
queueLength-average	3	2020-04-13T22:56:54.657Z
queueLength-value	3	2020-04-13T22:56:54.657Z
serverLoad-average	0.0782	2020-04-13T22:56:54.657Z
serverLoad-value	0.1564	2020-04-13T22:56:54.657Z
txTimeInQueue-average	2.846	2020-04-13T22:56:54.657Z
txInjected-average	0	2020-04-13T22:56:55.657Z
txInjected-total	0	2020-04-13T22:56:55.657Z
txApplied-average	2.6666666666666665	2020-04-13T22:56:55.657Z
txApplied-total	8	2020-04-13T22:56:55.657Z
txRejected-average	0	2020-04-13T22:56:55.657Z
txRejected-total	0	2020-04-13T22:56:55.657Z
txExpired-average	0	2020-04-13T22:56:55.657Z
txExpired-total	0	2020-04-13T22:56:55.657Z
txProcessed-average	0	2020-04-13T22:56:55.657Z
txProcessed-total	0	2020-04-13T22:56:55.657Z
queueLength-average	3	2020-04-13T22:56:55.657Z
queueLength-value	3	2020-04-13T22:56:55.657Z
serverLoad-average	0.11537777777777779	2020-04-13T22:56:55.657Z
serverLoad-value	0.18973333333333334	2020-04-13T22:56:55.657Z
txTimeInQueue-average	3.3463333333333334	2020-04-13T22:56:55.657Z
txInjected-average	0	2020-04-13T22:56:56.658Z
txInjected-total	0	2020-04-13T22:56:56.658Z
txApplied-average	2	2020-04-13T22:56:56.658Z
txApplied-total	8	2020-04-13T22:56:56.658Z
txRejected-average	0	2020-04-13T22:56:56.658Z
txRejected-total	0	2020-04-13T22:56:56.658Z
txExpired-average	0	2020-04-13T22:56:56.658Z
txExpired-total	0	2020-04-13T22:56:56.658Z
txProcessed-average	0	2020-04-13T22:56:56.658Z
txProcessed-total	0	2020-04-13T22:56:56.658Z
queueLength-average	3	2020-04-13T22:56:56.658Z
queueLength-value	3	2020-04-13T22:56:56.658Z
serverLoad-average	0.14230555555555557	2020-04-13T22:56:56.658Z
serverLoad-value	0.2230888888888889	2020-04-13T22:56:56.658Z
txTimeInQueue-average	3.8465	2020-04-13T22:56:56.658Z
txInjected-average	0	2020-04-13T22:56:57.659Z
txInjected-total	0	2020-04-13T22:56:57.659Z
txApplied-average	1.6	2020-04-13T22:56:57.659Z
txApplied-total	8	2020-04-13T22:56:57.659Z
txRejected-average	0	2020-04-13T22:56:57.659Z
txRejected-total	0	2020-04-13T22:56:57.659Z
txExpired-average	0	2020-04-13T22:56:57.659Z
txExpired-total	0	2020-04-13T22:56:57.659Z
txProcessed-average	0	2020-04-13T22:56:57.659Z
txProcessed-total	0	2020-04-13T22:56:57.659Z
queueLength-average	3	2020-04-13T22:56:57.659Z
queueLength-value	3	2020-04-13T22:56:57.659Z
serverLoad-average	0.16513111111111112	2020-04-13T22:56:57.659Z
serverLoad-value	0.25643333333333335	2020-04-13T22:56:57.659Z
txTimeInQueue-average	4.3468	2020-04-13T22:56:57.659Z
txInjected-average	0	2020-04-13T22:56:58.659Z
txInjected-total	0	2020-04-13T22:56:58.659Z
txApplied-average	1.3333333333333333	2020-04-13T22:56:58.659Z
txApplied-total	8	2020-04-13T22:56:58.659Z
txRejected-average	0	2020-04-13T22:56:58.659Z
txRejected-total	0	2020-04-13T22:56:58.659Z
txExpired-average	0	2020-04-13T22:56:58.659Z
txExpired-total	0	2020-04-13T22:56:58.659Z
txProcessed-average	0	2020-04-13T22:56:58.659Z
txProcessed-total	0	2020-04-13T22:56:58.659Z
queueLength-average	3	2020-04-13T22:56:58.659Z
queueLength-value	3	2020-04-13T22:56:58.659Z
serverLoad-average	0.18590703703703704	2020-04-13T22:56:58.659Z
serverLoad-value	0.2897866666666667	2020-04-13T22:56:58.659Z
txTimeInQueue-average	4.847	2020-04-13T22:56:58.659Z
txInjected-average	0	2020-04-13T22:56:59.659Z
txInjected-total	0	2020-04-13T22:56:59.659Z
txApplied-average	1.1428571428571428	2020-04-13T22:56:59.659Z
txApplied-total	8	2020-04-13T22:56:59.659Z
txRejected-average	0	2020-04-13T22:56:59.659Z
txRejected-total	0	2020-04-13T22:56:59.659Z
txExpired-average	0	2020-04-13T22:56:59.659Z
txExpired-total	0	2020-04-13T22:56:59.659Z
txProcessed-average	0	2020-04-13T22:56:59.659Z
txProcessed-total	0	2020-04-13T22:56:59.659Z
queueLength-average	3	2020-04-13T22:56:59.659Z
queueLength-value	3	2020-04-13T22:56:59.659Z
serverLoad-average	0.20551079365079364	2020-04-13T22:56:59.659Z
serverLoad-value	0.3231333333333334	2020-04-13T22:56:59.659Z
txTimeInQueue-average	5.347142857142857	2020-04-13T22:56:59.659Z
txInjected-average	0	2020-04-13T22:57:00.662Z
txInjected-total	0	2020-04-13T22:57:00.662Z
txApplied-average	1	2020-04-13T22:57:00.662Z
txApplied-total	8	2020-04-13T22:57:00.662Z
txRejected-average	0	2020-04-13T22:57:00.662Z
txRejected-total	0	2020-04-13T22:57:00.662Z
txExpired-average	0	2020-04-13T22:57:00.662Z
txExpired-total	0	2020-04-13T22:57:00.662Z
txProcessed-average	0	2020-04-13T22:57:00.662Z
txProcessed-total	0	2020-04-13T22:57:00.662Z
queueLength-average	3	2020-04-13T22:57:00.662Z
queueLength-value	3	2020-04-13T22:57:00.662Z
serverLoad-average	0.22438146825396824	2020-04-13T22:57:00.662Z
serverLoad-value	0.35647619047619045	2020-04-13T22:57:00.662Z
txTimeInQueue-average	5.847625	2020-04-13T22:57:00.662Z
txInjected-average	0	2020-04-13T22:57:01.664Z
txInjected-total	0	2020-04-13T22:57:01.664Z
txApplied-average	0.8888888888888888	2020-04-13T22:57:01.664Z
txApplied-total	8	2020-04-13T22:57:01.664Z
txRejected-average	0	2020-04-13T22:57:01.664Z
txRejected-total	0	2020-04-13T22:57:01.664Z
txExpired-average	0	2020-04-13T22:57:01.664Z
txExpired-total	0	2020-04-13T22:57:01.664Z
txProcessed-average	0	2020-04-13T22:57:01.664Z
txProcessed-total	0	2020-04-13T22:57:01.664Z
queueLength-average	3	2020-04-13T22:57:01.664Z
queueLength-value	3	2020-04-13T22:57:01.664Z
serverLoad-average	0.24276593474426805	2020-04-13T22:57:01.664Z
serverLoad-value	0.38984166666666664	2020-04-13T22:57:01.664Z
txTimeInQueue-average	6.348333333333333	2020-04-13T22:57:01.664Z
txInjected-average	0	2020-04-13T22:57:02.665Z
txInjected-total	0	2020-04-13T22:57:02.665Z
txApplied-average	0.8	2020-04-13T22:57:02.665Z
txApplied-total	8	2020-04-13T22:57:02.665Z
txRejected-average	0	2020-04-13T22:57:02.665Z
txRejected-total	0	2020-04-13T22:57:02.665Z
txExpired-average	0	2020-04-13T22:57:02.665Z
txExpired-total	0	2020-04-13T22:57:02.665Z
txProcessed-average	0	2020-04-13T22:57:02.665Z
txProcessed-total	0	2020-04-13T22:57:02.665Z
queueLength-average	3	2020-04-13T22:57:02.665Z
queueLength-value	3	2020-04-13T22:57:02.665Z
serverLoad-average	0.26081156349206347	2020-04-13T22:57:02.665Z
serverLoad-value	0.42322222222222217	2020-04-13T22:57:02.665Z
txTimeInQueue-average	6.8488999999999995	2020-04-13T22:57:02.665Z
txInjected-average	0	2020-04-13T22:57:03.668Z
txInjected-total	0	2020-04-13T22:57:03.668Z
txApplied-average	1	2020-04-13T22:57:03.668Z
txApplied-total	11	2020-04-13T22:57:03.668Z
txRejected-average	0	2020-04-13T22:57:03.668Z
txRejected-total	0	2020-04-13T22:57:03.668Z
txExpired-average	0	2020-04-13T22:57:03.668Z
txExpired-total	0	2020-04-13T22:57:03.668Z
txProcessed-average	0	2020-04-13T22:57:03.668Z
txProcessed-total	0	2020-04-13T22:57:03.668Z
queueLength-average	2.727272727272727	2020-04-13T22:57:03.668Z
queueLength-value	0	2020-04-13T22:57:03.668Z
serverLoad-average	0.27860990620490617	2020-04-13T22:57:03.668Z
serverLoad-value	0.4565933333333333	2020-04-13T22:57:03.668Z
txTimeInQueue-average	6.226272727272727	2020-04-13T22:57:03.668Z
txInjected-average	0	2020-04-13T22:57:04.671Z
txInjected-total	0	2020-04-13T22:57:04.671Z
txApplied-average	0.9166666666666666	2020-04-13T22:57:04.671Z
txApplied-total	11	2020-04-13T22:57:04.671Z
txRejected-average	0	2020-04-13T22:57:04.671Z
txRejected-total	0	2020-04-13T22:57:04.671Z
txExpired-average	0	2020-04-13T22:57:04.671Z
txExpired-total	0	2020-04-13T22:57:04.671Z
txProcessed-average	0	2020-04-13T22:57:04.671Z
txProcessed-total	0	2020-04-13T22:57:04.671Z
queueLength-average	2.5	2020-04-13T22:57:04.671Z
queueLength-value	0	2020-04-13T22:57:04.671Z
serverLoad-average	0.28998281806156806	2020-04-13T22:57:04.671Z
serverLoad-value	0.4150848484848485	2020-04-13T22:57:04.671Z
txTimeInQueue-average	5.707416666666667	2020-04-13T22:57:04.671Z
txInjected-average	0	2020-04-13T22:57:05.672Z
txInjected-total	0	2020-04-13T22:57:05.672Z
txApplied-average	0.8461538461538461	2020-04-13T22:57:05.672Z
txApplied-total	11	2020-04-13T22:57:05.672Z
txRejected-average	0	2020-04-13T22:57:05.672Z
txRejected-total	0	2020-04-13T22:57:05.672Z
txExpired-average	0	2020-04-13T22:57:05.672Z
txExpired-total	0	2020-04-13T22:57:05.672Z
txProcessed-average	0	2020-04-13T22:57:05.672Z
txProcessed-total	0	2020-04-13T22:57:05.672Z
queueLength-average	2.3076923076923075	2020-04-13T22:57:05.672Z
queueLength-value	0	2020-04-13T22:57:05.672Z
serverLoad-average	0.29694525086025086	2020-04-13T22:57:05.672Z
serverLoad-value	0.38049444444444447	2020-04-13T22:57:05.672Z
txTimeInQueue-average	5.268384615384615	2020-04-13T22:57:05.672Z
txInjected-average	0	2020-04-13T22:57:06.677Z
txInjected-total	0	2020-04-13T22:57:06.677Z
txApplied-average	0.7857142857142857	2020-04-13T22:57:06.677Z
txApplied-total	11	2020-04-13T22:57:06.677Z
txRejected-average	0	2020-04-13T22:57:06.677Z
txRejected-total	0	2020-04-13T22:57:06.677Z
txExpired-average	0	2020-04-13T22:57:06.677Z
txExpired-total	0	2020-04-13T22:57:06.677Z
txProcessed-average	0	2020-04-13T22:57:06.677Z
txProcessed-total	0	2020-04-13T22:57:06.677Z
queueLength-average	2.142857142857143	2020-04-13T22:57:06.677Z
queueLength-value	0	2020-04-13T22:57:06.677Z
serverLoad-average	0.30082242158635014	2020-04-13T22:57:06.677Z
serverLoad-value	0.351225641025641	2020-04-13T22:57:06.677Z
txTimeInQueue-average	4.892071428571429	2020-04-13T22:57:06.677Z
txInjected-average	0	2020-04-13T22:57:07.678Z
txInjected-total	0	2020-04-13T22:57:07.678Z
txApplied-average	0.7333333333333333	2020-04-13T22:57:07.678Z
txApplied-total	11	2020-04-13T22:57:07.678Z
txRejected-average	0	2020-04-13T22:57:07.678Z
txRejected-total	0	2020-04-13T22:57:07.678Z
txExpired-average	0	2020-04-13T22:57:07.678Z
txExpired-total	0	2020-04-13T22:57:07.678Z
txProcessed-average	0	2020-04-13T22:57:07.678Z
txProcessed-total	0	2020-04-13T22:57:07.678Z
queueLength-average	2	2020-04-13T22:57:07.678Z
queueLength-value	0	2020-04-13T22:57:07.678Z
serverLoad-average	0.30251013316313313	2020-04-13T22:57:07.678Z
serverLoad-value	0.3261380952380952	2020-04-13T22:57:07.678Z
txTimeInQueue-average	4.565933333333334	2020-04-13T22:57:07.678Z
txInjected-average	0	2020-04-13T22:57:08.682Z
txInjected-total	0	2020-04-13T22:57:08.682Z
txApplied-average	0.6875	2020-04-13T22:57:08.682Z
txApplied-total	11	2020-04-13T22:57:08.682Z
txRejected-average	0	2020-04-13T22:57:08.682Z
txRejected-total	0	2020-04-13T22:57:08.682Z
txExpired-average	0	2020-04-13T22:57:08.682Z
txExpired-total	0	2020-04-13T22:57:08.682Z
txProcessed-average	0	2020-04-13T22:57:08.682Z
txProcessed-total	0	2020-04-13T22:57:08.682Z
queueLength-average	1.875	2020-04-13T22:57:08.682Z
queueLength-value	0	2020-04-13T22:57:08.682Z
serverLoad-average	0.30262797206265957	2020-04-13T22:57:08.682Z
serverLoad-value	0.3043955555555556	2020-04-13T22:57:08.682Z
txTimeInQueue-average	4.2805625	2020-04-13T22:57:08.682Z
txInjected-average	0	2020-04-13T22:57:09.684Z
txInjected-total	0	2020-04-13T22:57:09.684Z
txApplied-average	0.6470588235294118	2020-04-13T22:57:09.684Z
txApplied-total	11	2020-04-13T22:57:09.684Z
txRejected-average	0	2020-04-13T22:57:09.684Z
txRejected-total	0	2020-04-13T22:57:09.684Z
txExpired-average	0	2020-04-13T22:57:09.684Z
txExpired-total	0	2020-04-13T22:57:09.684Z
txProcessed-average	0	2020-04-13T22:57:09.684Z
txProcessed-total	0	2020-04-13T22:57:09.684Z
queueLength-average	1.7647058823529411	2020-04-13T22:57:09.684Z
queueLength-value	0	2020-04-13T22:57:09.684Z
serverLoad-average	0.30161284625505214	2020-04-13T22:57:09.684Z
serverLoad-value	0.28537083333333335	2020-04-13T22:57:09.684Z
txTimeInQueue-average	4.028764705882353	2020-04-13T22:57:09.684Z
txInjected-average	0	2020-04-13T22:57:10.685Z
txInjected-total	0	2020-04-13T22:57:10.685Z
txApplied-average	0.6111111111111112	2020-04-13T22:57:10.685Z
txApplied-total	11	2020-04-13T22:57:10.685Z
txRejected-average	0	2020-04-13T22:57:10.685Z
txRejected-total	0	2020-04-13T22:57:10.685Z
txExpired-average	0	2020-04-13T22:57:10.685Z
txExpired-total	0	2020-04-13T22:57:10.685Z
txProcessed-average	0	2020-04-13T22:57:10.685Z
txProcessed-total	0	2020-04-13T22:57:10.685Z
queueLength-average	1.6666666666666667	2020-04-13T22:57:10.685Z
queueLength-value	0	2020-04-13T22:57:10.685Z
serverLoad-average	0.2997779277811876	2020-04-13T22:57:10.685Z
serverLoad-value	0.26858431372549024	2020-04-13T22:57:10.685Z
txTimeInQueue-average	3.8049444444444442	2020-04-13T22:57:10.685Z
txInjected-average	0	2020-04-13T22:57:11.688Z
txInjected-total	0	2020-04-13T22:57:11.688Z
txApplied-average	0.5789473684210527	2020-04-13T22:57:11.688Z
txApplied-total	11	2020-04-13T22:57:11.688Z
txRejected-average	0	2020-04-13T22:57:11.688Z
txRejected-total	0	2020-04-13T22:57:11.688Z
txExpired-average	0	2020-04-13T22:57:11.688Z
txExpired-total	0	2020-04-13T22:57:11.688Z
txProcessed-average	0	2020-04-13T22:57:11.688Z
txProcessed-total	0	2020-04-13T22:57:11.688Z
queueLength-average	1.5789473684210527	2020-04-13T22:57:11.688Z
queueLength-value	0	2020-04-13T22:57:11.688Z
serverLoad-average	0.2973508243697021	2020-04-13T22:57:11.688Z
serverLoad-value	0.2536629629629629	2020-04-13T22:57:11.688Z
txTimeInQueue-average	3.6046842105263157	2020-04-13T22:57:11.688Z
txInjected-average	0	2020-04-13T22:57:12.694Z
txInjected-total	0	2020-04-13T22:57:12.694Z
txApplied-average	0.55	2020-04-13T22:57:12.694Z
txApplied-total	11	2020-04-13T22:57:12.694Z
txRejected-average	0	2020-04-13T22:57:12.694Z
txRejected-total	0	2020-04-13T22:57:12.694Z
txExpired-average	0	2020-04-13T22:57:12.694Z
txExpired-total	0	2020-04-13T22:57:12.694Z
txProcessed-average	0	2020-04-13T22:57:12.694Z
txProcessed-total	0	2020-04-13T22:57:12.694Z
queueLength-average	1.5	2020-04-13T22:57:12.694Z
queueLength-value	0	2020-04-13T22:57:12.694Z
serverLoad-average	0.29449889718630473	2020-04-13T22:57:12.694Z
serverLoad-value	0.2403122807017544	2020-04-13T22:57:12.694Z
txTimeInQueue-average	3.4244499999999998	2020-04-13T22:57:12.694Z
txInjected-average	0	2020-04-13T22:57:13.695Z
txInjected-total	0	2020-04-13T22:57:13.695Z
txApplied-average	0.5238095238095238	2020-04-13T22:57:13.695Z
txApplied-total	11	2020-04-13T22:57:13.695Z
txRejected-average	0	2020-04-13T22:57:13.695Z
txRejected-total	0	2020-04-13T22:57:13.695Z
txExpired-average	0	2020-04-13T22:57:13.695Z
txExpired-total	0	2020-04-13T22:57:13.695Z
txProcessed-average	0	2020-04-13T22:57:13.695Z
txProcessed-total	0	2020-04-13T22:57:13.695Z
queueLength-average	1.4285714285714286	2020-04-13T22:57:13.695Z
queueLength-value	0	2020-04-13T22:57:13.695Z
serverLoad-average	0.29134641001870293	2020-04-13T22:57:13.695Z
serverLoad-value	0.22829666666666665	2020-04-13T22:57:13.695Z
txTimeInQueue-average	3.2613809523809523	2020-04-13T22:57:13.695Z
txInjected-average	0	2020-04-13T22:57:14.696Z
txInjected-total	0	2020-04-13T22:57:14.696Z
txApplied-average	0.5	2020-04-13T22:57:14.696Z
txApplied-total	11	2020-04-13T22:57:14.696Z
txRejected-average	0	2020-04-13T22:57:14.696Z
txRejected-total	0	2020-04-13T22:57:14.696Z
txExpired-average	0	2020-04-13T22:57:14.696Z
txExpired-total	0	2020-04-13T22:57:14.696Z
txProcessed-average	0	2020-04-13T22:57:14.696Z
txProcessed-total	0	2020-04-13T22:57:14.696Z
queueLength-average	1.3636363636363635	2020-04-13T22:57:14.696Z
queueLength-value	0	2020-04-13T22:57:14.696Z
serverLoad-average	0.28798636396446176	2020-04-13T22:57:14.696Z
serverLoad-value	0.21742539682539683	2020-04-13T22:57:14.696Z
txTimeInQueue-average	3.1131363636363636	2020-04-13T22:57:14.696Z
txInjected-average	0	2020-04-13T22:57:15.701Z
txInjected-total	0	2020-04-13T22:57:15.701Z
txApplied-average	0.4782608695652174	2020-04-13T22:57:15.701Z
txApplied-total	11	2020-04-13T22:57:15.701Z
txRejected-average	0	2020-04-13T22:57:15.701Z
txRejected-total	0	2020-04-13T22:57:15.701Z
txExpired-average	0	2020-04-13T22:57:15.701Z
txExpired-total	0	2020-04-13T22:57:15.701Z
txProcessed-average	0	2020-04-13T22:57:15.701Z
txProcessed-total	0	2020-04-13T22:57:15.701Z
queueLength-average	1.3043478260869565	2020-04-13T22:57:15.701Z
queueLength-value	0	2020-04-13T22:57:15.701Z
serverLoad-average	0.28448880136785143	2020-04-13T22:57:15.701Z
serverLoad-value	0.20754242424242425	2020-04-13T22:57:15.701Z
txTimeInQueue-average	2.977782608695652	2020-04-13T22:57:15.701Z
txInjected-average	0	2020-04-13T22:57:16.702Z
txInjected-total	0	2020-04-13T22:57:16.702Z
txApplied-average	0.4583333333333333	2020-04-13T22:57:16.702Z
txApplied-total	11	2020-04-13T22:57:16.702Z
txRejected-average	0	2020-04-13T22:57:16.702Z
txRejected-total	0	2020-04-13T22:57:16.702Z
txExpired-average	0	2020-04-13T22:57:16.702Z
txExpired-total	0	2020-04-13T22:57:16.702Z
txProcessed-average	0	2020-04-13T22:57:16.702Z
txProcessed-total	0	2020-04-13T22:57:16.702Z
queueLength-average	1.25	2020-04-13T22:57:16.702Z
queueLength-value	0	2020-04-13T22:57:16.702Z
serverLoad-average	0.2809067196683455	2020-04-13T22:57:16.702Z
serverLoad-value	0.19851884057971014	2020-04-13T22:57:16.702Z
txTimeInQueue-average	2.8537083333333335	2020-04-13T22:57:16.702Z
txInjected-average	0	2020-04-13T22:57:17.706Z
txInjected-total	0	2020-04-13T22:57:17.706Z
txApplied-average	0.44	2020-04-13T22:57:17.706Z
txApplied-total	11	2020-04-13T22:57:17.706Z
txRejected-average	0	2020-04-13T22:57:17.706Z
txRejected-total	0	2020-04-13T22:57:17.706Z
txExpired-average	0	2020-04-13T22:57:17.706Z
txExpired-total	0	2020-04-13T22:57:17.706Z
txProcessed-average	0	2020-04-13T22:57:17.706Z
txProcessed-total	0	2020-04-13T22:57:17.706Z
queueLength-average	1.2	2020-04-13T22:57:17.706Z
queueLength-value	0	2020-04-13T22:57:17.706Z
serverLoad-average	0.2772803397705006	2020-04-13T22:57:17.706Z
serverLoad-value	0.19024722222222223	2020-04-13T22:57:17.706Z
txTimeInQueue-average	2.73956	2020-04-13T22:57:17.706Z
txInjected-average	0	2020-04-13T22:57:18.709Z
txInjected-total	0	2020-04-13T22:57:18.709Z
txApplied-average	0.4230769230769231	2020-04-13T22:57:18.709Z
txApplied-total	11	2020-04-13T22:57:18.709Z
txRejected-average	0	2020-04-13T22:57:18.709Z
txRejected-total	0	2020-04-13T22:57:18.709Z
txExpired-average	0	2020-04-13T22:57:18.709Z
txExpired-total	0	2020-04-13T22:57:18.709Z
txProcessed-average	0	2020-04-13T22:57:18.709Z
txProcessed-total	0	2020-04-13T22:57:18.709Z
queueLength-average	1.1538461538461537	2020-04-13T22:57:18.709Z
queueLength-value	0	2020-04-13T22:57:18.709Z
serverLoad-average	0.27364022413830186	2020-04-13T22:57:18.709Z
serverLoad-value	0.18263733333333335	2020-04-13T22:57:18.709Z
txTimeInQueue-average	2.6341923076923077	2020-04-13T22:57:18.709Z
txInjected-average	0	2020-04-13T22:57:19.712Z
txInjected-total	0	2020-04-13T22:57:19.712Z
txApplied-average	0.4074074074074074	2020-04-13T22:57:19.712Z
txApplied-total	11	2020-04-13T22:57:19.712Z
txRejected-average	0	2020-04-13T22:57:19.712Z
txRejected-total	0	2020-04-13T22:57:19.712Z
txExpired-average	0	2020-04-13T22:57:19.712Z
txExpired-total	0	2020-04-13T22:57:19.712Z
txProcessed-average	0	2020-04-13T22:57:19.712Z
txProcessed-total	0	2020-04-13T22:57:19.712Z
queueLength-average	1.1111111111111112	2020-04-13T22:57:19.712Z
queueLength-value	0	2020-04-13T22:57:19.712Z
serverLoad-average	0.2700095795595803	2020-04-13T22:57:19.712Z
serverLoad-value	0.1756128205128205	2020-04-13T22:57:19.712Z
txTimeInQueue-average	2.5366296296296293	2020-04-13T22:57:19.712Z
txInjected-average	0	2020-04-13T22:57:20.713Z
txInjected-total	0	2020-04-13T22:57:20.713Z
txApplied-average	0.39285714285714285	2020-04-13T22:57:20.713Z
txApplied-total	11	2020-04-13T22:57:20.713Z
txRejected-average	0	2020-04-13T22:57:20.713Z
txRejected-total	0	2020-04-13T22:57:20.713Z
txExpired-average	0	2020-04-13T22:57:20.713Z
txExpired-total	0	2020-04-13T22:57:20.713Z
txProcessed-average	0	2020-04-13T22:57:20.713Z
txProcessed-total	0	2020-04-13T22:57:20.713Z
queueLength-average	1.0714285714285714	2020-04-13T22:57:20.713Z
queueLength-value	0	2020-04-13T22:57:20.713Z
serverLoad-average	0.26640597464585636	2020-04-13T22:57:20.713Z
serverLoad-value	0.16910864197530862	2020-04-13T22:57:20.713Z
txTimeInQueue-average	2.4460357142857143	2020-04-13T22:57:20.713Z
txInjected-average	0	2020-04-13T22:57:21.714Z
txInjected-total	0	2020-04-13T22:57:21.714Z
txApplied-average	0.3793103448275862	2020-04-13T22:57:21.714Z
txApplied-total	11	2020-04-13T22:57:21.714Z
txRejected-average	0	2020-04-13T22:57:21.714Z
txRejected-total	0	2020-04-13T22:57:21.714Z
txExpired-average	0	2020-04-13T22:57:21.714Z
txExpired-total	0	2020-04-13T22:57:21.714Z
txProcessed-average	0	2020-04-13T22:57:21.714Z
txProcessed-total	0	2020-04-13T22:57:21.714Z
queueLength-average	1.0344827586206897	2020-04-13T22:57:21.714Z
queueLength-value	0	2020-04-13T22:57:21.714Z
serverLoad-average	0.26284263233458705	2020-04-13T22:57:21.714Z
serverLoad-value	0.1630690476190476	2020-04-13T22:57:21.714Z
txTimeInQueue-average	2.361689655172414	2020-04-13T22:57:21.714Z
txInjected-average	0	2020-04-13T22:57:22.716Z
txInjected-total	0	2020-04-13T22:57:22.716Z
txApplied-average	0.36666666666666664	2020-04-13T22:57:22.716Z
txApplied-total	11	2020-04-13T22:57:22.716Z
txRejected-average	0	2020-04-13T22:57:22.716Z
txRejected-total	0	2020-04-13T22:57:22.716Z
txExpired-average	0	2020-04-13T22:57:22.716Z
txExpired-total	0	2020-04-13T22:57:22.716Z
txProcessed-average	0	2020-04-13T22:57:22.716Z
txProcessed-total	0	2020-04-13T22:57:22.716Z
queueLength-average	1	2020-04-13T22:57:22.716Z
queueLength-value	0	2020-04-13T22:57:22.716Z
serverLoad-average	0.25932941049048397	2020-04-13T22:57:22.716Z
serverLoad-value	0.15744597701149426	2020-04-13T22:57:22.716Z
txTimeInQueue-average	2.282966666666667	2020-04-13T22:57:22.716Z
txInjected-average	0	2020-04-13T22:57:23.720Z
txInjected-total	0	2020-04-13T22:57:23.720Z
txApplied-average	0.3548387096774194	2020-04-13T22:57:23.720Z
txApplied-total	11	2020-04-13T22:57:23.720Z
txRejected-average	0	2020-04-13T22:57:23.720Z
txRejected-total	0	2020-04-13T22:57:23.720Z
txExpired-average	0	2020-04-13T22:57:23.720Z
txExpired-total	0	2020-04-13T22:57:23.720Z
txProcessed-average	0	2020-04-13T22:57:23.720Z
txProcessed-total	0	2020-04-13T22:57:23.720Z
queueLength-average	0.967741935483871	2020-04-13T22:57:23.720Z
queueLength-value	0	2020-04-13T22:57:23.720Z
serverLoad-average	0.25587355137071927	2020-04-13T22:57:23.720Z
serverLoad-value	0.1521977777777778	2020-04-13T22:57:23.720Z
txTimeInQueue-average	2.2093225806451615	2020-04-13T22:57:23.720Z
txInjected-average	0	2020-04-13T22:57:24.725Z
txInjected-total	0	2020-04-13T22:57:24.725Z
txApplied-average	0.34375	2020-04-13T22:57:24.725Z
txApplied-total	11	2020-04-13T22:57:24.725Z
txRejected-average	0	2020-04-13T22:57:24.725Z
txRejected-total	0	2020-04-13T22:57:24.725Z
txExpired-average	0	2020-04-13T22:57:24.725Z
txExpired-total	0	2020-04-13T22:57:24.725Z
txProcessed-average	0	2020-04-13T22:57:24.725Z
txProcessed-total	0	2020-04-13T22:57:24.725Z
queueLength-average	0.9375	2020-04-13T22:57:24.725Z
queueLength-value	0	2020-04-13T22:57:24.725Z
serverLoad-average	0.2524802582667284	2020-04-13T22:57:24.725Z
serverLoad-value	0.14728817204301076	2020-04-13T22:57:24.725Z
txTimeInQueue-average	2.14028125	2020-04-13T22:57:24.725Z
txInjected-average	0	2020-04-13T22:57:25.725Z
txInjected-total	0	2020-04-13T22:57:25.725Z
txApplied-average	0.3333333333333333	2020-04-13T22:57:25.725Z
txApplied-total	11	2020-04-13T22:57:25.725Z
txRejected-average	0	2020-04-13T22:57:25.725Z
txRejected-total	0	2020-04-13T22:57:25.725Z
txExpired-average	0	2020-04-13T22:57:25.725Z
txExpired-total	0	2020-04-13T22:57:25.725Z
txProcessed-average	0	2020-04-13T22:57:25.725Z
txProcessed-total	0	2020-04-13T22:57:25.725Z
queueLength-average	0.9090909090909091	2020-04-13T22:57:25.725Z
queueLength-value	0	2020-04-13T22:57:25.725Z
serverLoad-average	0.24915314185460527	2020-04-13T22:57:25.725Z
serverLoad-value	0.14268541666666668	2020-04-13T22:57:25.725Z
txTimeInQueue-average	2.0754242424242424	2020-04-13T22:57:25.725Z
txInjected-average	0	2020-04-13T22:57:26.727Z
txInjected-total	0	2020-04-13T22:57:26.727Z
txApplied-average	0.3235294117647059	2020-04-13T22:57:26.727Z
txApplied-total	11	2020-04-13T22:57:26.727Z
txRejected-average	0	2020-04-13T22:57:26.727Z
txRejected-total	0	2020-04-13T22:57:26.727Z
txExpired-average	0	2020-04-13T22:57:26.727Z
txExpired-total	0	2020-04-13T22:57:26.727Z
txProcessed-average	0	2020-04-13T22:57:26.727Z
txProcessed-total	0	2020-04-13T22:57:26.727Z
queueLength-average	0.8823529411764706	2020-04-13T22:57:26.727Z
queueLength-value	0	2020-04-13T22:57:26.727Z
serverLoad-average	0.24589456756951733	2020-04-13T22:57:26.727Z
serverLoad-value	0.13836161616161616	2020-04-13T22:57:26.727Z
txTimeInQueue-average	2.0143823529411766	2020-04-13T22:57:26.727Z
