Name	Value	Time
txInjected-average	0	2020-04-13T22:55:24.854Z
txInjected-total	0	2020-04-13T22:55:24.854Z
txApplied-average	1	2020-04-13T22:55:24.854Z
txApplied-total	1	2020-04-13T22:55:24.854Z
txRejected-average	0	2020-04-13T22:55:24.854Z
txRejected-total	0	2020-04-13T22:55:24.854Z
txExpired-average	0	2020-04-13T22:55:24.854Z
txExpired-total	0	2020-04-13T22:55:24.854Z
txProcessed-average	0	2020-04-13T22:55:24.854Z
txProcessed-total	0	2020-04-13T22:55:24.854Z
queueLength-average	0	2020-04-13T22:55:24.854Z
queueLength-value	0	2020-04-13T22:55:24.854Z
serverLoad-average	0	2020-04-13T22:55:24.854Z
serverLoad-value	0	2020-04-13T22:55:24.854Z
txTimeInQueue-average	0	2020-04-13T22:55:24.854Z
txInjected-average	0	2020-04-13T22:55:25.855Z
txInjected-total	0	2020-04-13T22:55:25.855Z
txApplied-average	0.5	2020-04-13T22:55:25.855Z
txApplied-total	1	2020-04-13T22:55:25.855Z
txRejected-average	0	2020-04-13T22:55:25.855Z
txRejected-total	0	2020-04-13T22:55:25.855Z
txExpired-average	0	2020-04-13T22:55:25.855Z
txExpired-total	0	2020-04-13T22:55:25.855Z
txProcessed-average	0	2020-04-13T22:55:25.855Z
txProcessed-total	0	2020-04-13T22:55:25.855Z
queueLength-average	0	2020-04-13T22:55:25.855Z
queueLength-value	0	2020-04-13T22:55:25.855Z
serverLoad-average	0	2020-04-13T22:55:25.855Z
serverLoad-value	0	2020-04-13T22:55:25.855Z
txTimeInQueue-average	0	2020-04-13T22:55:25.855Z
txInjected-average	0	2020-04-13T22:55:26.856Z
txInjected-total	0	2020-04-13T22:55:26.856Z
txApplied-average	0.3333333333333333	2020-04-13T22:55:26.856Z
txApplied-total	1	2020-04-13T22:55:26.856Z
txRejected-average	0	2020-04-13T22:55:26.856Z
txRejected-total	0	2020-04-13T22:55:26.856Z
txExpired-average	0	2020-04-13T22:55:26.856Z
txExpired-total	0	2020-04-13T22:55:26.856Z
txProcessed-average	0	2020-04-13T22:55:26.856Z
txProcessed-total	0	2020-04-13T22:55:26.856Z
queueLength-average	0	2020-04-13T22:55:26.856Z
queueLength-value	0	2020-04-13T22:55:26.856Z
serverLoad-average	0	2020-04-13T22:55:26.856Z
serverLoad-value	0	2020-04-13T22:55:26.856Z
txTimeInQueue-average	0	2020-04-13T22:55:26.856Z
txInjected-average	0	2020-04-13T22:55:27.859Z
txInjected-total	0	2020-04-13T22:55:27.859Z
txApplied-average	0.25	2020-04-13T22:55:27.859Z
txApplied-total	1	2020-04-13T22:55:27.859Z
txRejected-average	0	2020-04-13T22:55:27.859Z
txRejected-total	0	2020-04-13T22:55:27.859Z
txExpired-average	0	2020-04-13T22:55:27.859Z
txExpired-total	0	2020-04-13T22:55:27.859Z
txProcessed-average	0	2020-04-13T22:55:27.859Z
txProcessed-total	0	2020-04-13T22:55:27.859Z
queueLength-average	0	2020-04-13T22:55:27.859Z
queueLength-value	0	2020-04-13T22:55:27.859Z
serverLoad-average	0	2020-04-13T22:55:27.859Z
serverLoad-value	0	2020-04-13T22:55:27.859Z
txTimeInQueue-average	0	2020-04-13T22:55:27.859Z
txInjected-average	0	2020-04-13T22:55:28.862Z
txInjected-total	0	2020-04-13T22:55:28.862Z
txApplied-average	0.2	2020-04-13T22:55:28.862Z
txApplied-total	1	2020-04-13T22:55:28.862Z
txRejected-average	0	2020-04-13T22:55:28.862Z
txRejected-total	0	2020-04-13T22:55:28.862Z
txExpired-average	0	2020-04-13T22:55:28.862Z
txExpired-total	0	2020-04-13T22:55:28.862Z
txProcessed-average	0	2020-04-13T22:55:28.862Z
txProcessed-total	0	2020-04-13T22:55:28.862Z
queueLength-average	0	2020-04-13T22:55:28.862Z
queueLength-value	0	2020-04-13T22:55:28.862Z
serverLoad-average	0	2020-04-13T22:55:28.862Z
serverLoad-value	0	2020-04-13T22:55:28.862Z
txTimeInQueue-average	0	2020-04-13T22:55:28.862Z
txInjected-average	0	2020-04-13T22:55:29.867Z
txInjected-total	0	2020-04-13T22:55:29.867Z
txApplied-average	0.16666666666666666	2020-04-13T22:55:29.867Z
txApplied-total	1	2020-04-13T22:55:29.867Z
txRejected-average	0	2020-04-13T22:55:29.867Z
txRejected-total	0	2020-04-13T22:55:29.867Z
txExpired-average	0	2020-04-13T22:55:29.867Z
txExpired-total	0	2020-04-13T22:55:29.867Z
txProcessed-average	0	2020-04-13T22:55:29.867Z
txProcessed-total	0	2020-04-13T22:55:29.867Z
queueLength-average	0	2020-04-13T22:55:29.867Z
queueLength-value	0	2020-04-13T22:55:29.867Z
serverLoad-average	0	2020-04-13T22:55:29.867Z
serverLoad-value	0	2020-04-13T22:55:29.867Z
txTimeInQueue-average	0	2020-04-13T22:55:29.867Z
txInjected-average	0	2020-04-13T22:55:30.870Z
txInjected-total	0	2020-04-13T22:55:30.870Z
txApplied-average	0.14285714285714285	2020-04-13T22:55:30.870Z
txApplied-total	1	2020-04-13T22:55:30.870Z
txRejected-average	0	2020-04-13T22:55:30.870Z
txRejected-total	0	2020-04-13T22:55:30.870Z
txExpired-average	0	2020-04-13T22:55:30.870Z
txExpired-total	0	2020-04-13T22:55:30.870Z
txProcessed-average	0	2020-04-13T22:55:30.870Z
txProcessed-total	0	2020-04-13T22:55:30.870Z
queueLength-average	0	2020-04-13T22:55:30.870Z
queueLength-value	0	2020-04-13T22:55:30.870Z
serverLoad-average	0	2020-04-13T22:55:30.870Z
serverLoad-value	0	2020-04-13T22:55:30.870Z
txTimeInQueue-average	0	2020-04-13T22:55:30.870Z
txInjected-average	0	2020-04-13T22:55:31.874Z
txInjected-total	0	2020-04-13T22:55:31.874Z
txApplied-average	0.125	2020-04-13T22:55:31.874Z
txApplied-total	1	2020-04-13T22:55:31.874Z
txRejected-average	0	2020-04-13T22:55:31.874Z
txRejected-total	0	2020-04-13T22:55:31.874Z
txExpired-average	0	2020-04-13T22:55:31.874Z
txExpired-total	0	2020-04-13T22:55:31.874Z
txProcessed-average	0	2020-04-13T22:55:31.874Z
txProcessed-total	0	2020-04-13T22:55:31.874Z
queueLength-average	0	2020-04-13T22:55:31.874Z
queueLength-value	0	2020-04-13T22:55:31.874Z
serverLoad-average	0	2020-04-13T22:55:31.874Z
serverLoad-value	0	2020-04-13T22:55:31.874Z
txTimeInQueue-average	0	2020-04-13T22:55:31.874Z
txInjected-average	0	2020-04-13T22:55:32.877Z
txInjected-total	0	2020-04-13T22:55:32.877Z
txApplied-average	0.1111111111111111	2020-04-13T22:55:32.877Z
txApplied-total	1	2020-04-13T22:55:32.877Z
txRejected-average	0	2020-04-13T22:55:32.877Z
txRejected-total	0	2020-04-13T22:55:32.877Z
txExpired-average	0	2020-04-13T22:55:32.877Z
txExpired-total	0	2020-04-13T22:55:32.877Z
txProcessed-average	0	2020-04-13T22:55:32.877Z
txProcessed-total	0	2020-04-13T22:55:32.877Z
queueLength-average	0	2020-04-13T22:55:32.877Z
queueLength-value	0	2020-04-13T22:55:32.877Z
serverLoad-average	0	2020-04-13T22:55:32.877Z
serverLoad-value	0	2020-04-13T22:55:32.877Z
txTimeInQueue-average	0	2020-04-13T22:55:32.877Z
txInjected-average	0	2020-04-13T22:55:33.881Z
txInjected-total	0	2020-04-13T22:55:33.881Z
txApplied-average	0.1	2020-04-13T22:55:33.881Z
txApplied-total	1	2020-04-13T22:55:33.881Z
txRejected-average	0	2020-04-13T22:55:33.881Z
txRejected-total	0	2020-04-13T22:55:33.881Z
txExpired-average	0	2020-04-13T22:55:33.881Z
txExpired-total	0	2020-04-13T22:55:33.881Z
txProcessed-average	0	2020-04-13T22:55:33.881Z
txProcessed-total	0	2020-04-13T22:55:33.881Z
queueLength-average	0	2020-04-13T22:55:33.881Z
queueLength-value	0	2020-04-13T22:55:33.881Z
serverLoad-average	0	2020-04-13T22:55:33.881Z
serverLoad-value	0	2020-04-13T22:55:33.881Z
txTimeInQueue-average	0	2020-04-13T22:55:33.881Z
txInjected-average	0	2020-04-13T22:55:34.882Z
txInjected-total	0	2020-04-13T22:55:34.882Z
txApplied-average	0.09090909090909091	2020-04-13T22:55:34.882Z
txApplied-total	1	2020-04-13T22:55:34.882Z
txRejected-average	0	2020-04-13T22:55:34.882Z
txRejected-total	0	2020-04-13T22:55:34.882Z
txExpired-average	0	2020-04-13T22:55:34.882Z
txExpired-total	0	2020-04-13T22:55:34.882Z
txProcessed-average	0	2020-04-13T22:55:34.882Z
txProcessed-total	0	2020-04-13T22:55:34.882Z
queueLength-average	0	2020-04-13T22:55:34.882Z
queueLength-value	0	2020-04-13T22:55:34.882Z
serverLoad-average	0	2020-04-13T22:55:34.882Z
serverLoad-value	0	2020-04-13T22:55:34.882Z
txTimeInQueue-average	0	2020-04-13T22:55:34.882Z
txInjected-average	0	2020-04-13T22:55:35.885Z
txInjected-total	0	2020-04-13T22:55:35.885Z
txApplied-average	0.08333333333333333	2020-04-13T22:55:35.885Z
txApplied-total	1	2020-04-13T22:55:35.885Z
txRejected-average	0	2020-04-13T22:55:35.885Z
txRejected-total	0	2020-04-13T22:55:35.885Z
txExpired-average	0	2020-04-13T22:55:35.885Z
txExpired-total	0	2020-04-13T22:55:35.885Z
txProcessed-average	0	2020-04-13T22:55:35.885Z
txProcessed-total	0	2020-04-13T22:55:35.885Z
queueLength-average	0	2020-04-13T22:55:35.885Z
queueLength-value	0	2020-04-13T22:55:35.885Z
serverLoad-average	0	2020-04-13T22:55:35.885Z
serverLoad-value	0	2020-04-13T22:55:35.885Z
txTimeInQueue-average	0	2020-04-13T22:55:35.885Z
txInjected-average	0	2020-04-13T22:55:36.889Z
txInjected-total	0	2020-04-13T22:55:36.889Z
txApplied-average	0.07692307692307693	2020-04-13T22:55:36.889Z
txApplied-total	1	2020-04-13T22:55:36.889Z
txRejected-average	0	2020-04-13T22:55:36.889Z
txRejected-total	0	2020-04-13T22:55:36.889Z
txExpired-average	0	2020-04-13T22:55:36.889Z
txExpired-total	0	2020-04-13T22:55:36.889Z
txProcessed-average	0	2020-04-13T22:55:36.889Z
txProcessed-total	0	2020-04-13T22:55:36.889Z
queueLength-average	0	2020-04-13T22:55:36.889Z
queueLength-value	0	2020-04-13T22:55:36.889Z
serverLoad-average	0	2020-04-13T22:55:36.889Z
serverLoad-value	0	2020-04-13T22:55:36.889Z
txTimeInQueue-average	0	2020-04-13T22:55:36.889Z
txInjected-average	0	2020-04-13T22:55:37.891Z
txInjected-total	0	2020-04-13T22:55:37.891Z
txApplied-average	0.07142857142857142	2020-04-13T22:55:37.891Z
txApplied-total	1	2020-04-13T22:55:37.891Z
txRejected-average	0	2020-04-13T22:55:37.891Z
txRejected-total	0	2020-04-13T22:55:37.891Z
txExpired-average	0	2020-04-13T22:55:37.891Z
txExpired-total	0	2020-04-13T22:55:37.891Z
txProcessed-average	0	2020-04-13T22:55:37.891Z
txProcessed-total	0	2020-04-13T22:55:37.891Z
queueLength-average	0	2020-04-13T22:55:37.891Z
queueLength-value	0	2020-04-13T22:55:37.891Z
serverLoad-average	0	2020-04-13T22:55:37.891Z
serverLoad-value	0	2020-04-13T22:55:37.891Z
txTimeInQueue-average	0	2020-04-13T22:55:37.891Z
txInjected-average	0	2020-04-13T22:55:38.892Z
txInjected-total	0	2020-04-13T22:55:38.892Z
txApplied-average	0.06666666666666667	2020-04-13T22:55:38.892Z
txApplied-total	1	2020-04-13T22:55:38.892Z
txRejected-average	0	2020-04-13T22:55:38.892Z
txRejected-total	0	2020-04-13T22:55:38.892Z
txExpired-average	0	2020-04-13T22:55:38.892Z
txExpired-total	0	2020-04-13T22:55:38.892Z
txProcessed-average	0	2020-04-13T22:55:38.892Z
txProcessed-total	0	2020-04-13T22:55:38.892Z
queueLength-average	0	2020-04-13T22:55:38.892Z
queueLength-value	0	2020-04-13T22:55:38.892Z
serverLoad-average	0	2020-04-13T22:55:38.892Z
serverLoad-value	0	2020-04-13T22:55:38.892Z
txTimeInQueue-average	0	2020-04-13T22:55:38.892Z
txInjected-average	0	2020-04-13T22:55:39.897Z
txInjected-total	0	2020-04-13T22:55:39.897Z
txApplied-average	0.0625	2020-04-13T22:55:39.897Z
txApplied-total	1	2020-04-13T22:55:39.897Z
txRejected-average	0	2020-04-13T22:55:39.897Z
txRejected-total	0	2020-04-13T22:55:39.897Z
txExpired-average	0	2020-04-13T22:55:39.897Z
txExpired-total	0	2020-04-13T22:55:39.897Z
txProcessed-average	0	2020-04-13T22:55:39.897Z
txProcessed-total	0	2020-04-13T22:55:39.897Z
queueLength-average	0	2020-04-13T22:55:39.897Z
queueLength-value	0	2020-04-13T22:55:39.897Z
serverLoad-average	0	2020-04-13T22:55:39.897Z
serverLoad-value	0	2020-04-13T22:55:39.897Z
txTimeInQueue-average	0	2020-04-13T22:55:39.897Z
txInjected-average	0	2020-04-13T22:55:40.898Z
txInjected-total	0	2020-04-13T22:55:40.898Z
txApplied-average	0.058823529411764705	2020-04-13T22:55:40.898Z
txApplied-total	1	2020-04-13T22:55:40.898Z
txRejected-average	0	2020-04-13T22:55:40.898Z
txRejected-total	0	2020-04-13T22:55:40.898Z
txExpired-average	0	2020-04-13T22:55:40.898Z
txExpired-total	0	2020-04-13T22:55:40.898Z
txProcessed-average	0	2020-04-13T22:55:40.898Z
txProcessed-total	0	2020-04-13T22:55:40.898Z
queueLength-average	0	2020-04-13T22:55:40.898Z
queueLength-value	0	2020-04-13T22:55:40.898Z
serverLoad-average	0	2020-04-13T22:55:40.898Z
serverLoad-value	0	2020-04-13T22:55:40.898Z
txTimeInQueue-average	0	2020-04-13T22:55:40.898Z
txInjected-average	0	2020-04-13T22:55:41.902Z
txInjected-total	0	2020-04-13T22:55:41.902Z
txApplied-average	0.05555555555555555	2020-04-13T22:55:41.902Z
txApplied-total	1	2020-04-13T22:55:41.902Z
txRejected-average	0	2020-04-13T22:55:41.902Z
txRejected-total	0	2020-04-13T22:55:41.902Z
txExpired-average	0	2020-04-13T22:55:41.902Z
txExpired-total	0	2020-04-13T22:55:41.902Z
txProcessed-average	0	2020-04-13T22:55:41.902Z
txProcessed-total	0	2020-04-13T22:55:41.902Z
queueLength-average	0	2020-04-13T22:55:41.902Z
queueLength-value	0	2020-04-13T22:55:41.902Z
serverLoad-average	0	2020-04-13T22:55:41.902Z
serverLoad-value	0	2020-04-13T22:55:41.902Z
txTimeInQueue-average	0	2020-04-13T22:55:41.902Z
txInjected-average	0	2020-04-13T22:55:42.905Z
txInjected-total	0	2020-04-13T22:55:42.905Z
txApplied-average	0.05263157894736842	2020-04-13T22:55:42.905Z
txApplied-total	1	2020-04-13T22:55:42.905Z
txRejected-average	0	2020-04-13T22:55:42.905Z
txRejected-total	0	2020-04-13T22:55:42.905Z
txExpired-average	0	2020-04-13T22:55:42.905Z
txExpired-total	0	2020-04-13T22:55:42.905Z
txProcessed-average	0	2020-04-13T22:55:42.905Z
txProcessed-total	0	2020-04-13T22:55:42.905Z
queueLength-average	0	2020-04-13T22:55:42.905Z
queueLength-value	0	2020-04-13T22:55:42.905Z
serverLoad-average	0	2020-04-13T22:55:42.905Z
serverLoad-value	0	2020-04-13T22:55:42.905Z
txTimeInQueue-average	0	2020-04-13T22:55:42.905Z
txInjected-average	0	2020-04-13T22:55:43.908Z
txInjected-total	0	2020-04-13T22:55:43.908Z
txApplied-average	0.05	2020-04-13T22:55:43.908Z
txApplied-total	1	2020-04-13T22:55:43.908Z
txRejected-average	0	2020-04-13T22:55:43.908Z
txRejected-total	0	2020-04-13T22:55:43.908Z
txExpired-average	0	2020-04-13T22:55:43.908Z
txExpired-total	0	2020-04-13T22:55:43.908Z
txProcessed-average	0	2020-04-13T22:55:43.908Z
txProcessed-total	0	2020-04-13T22:55:43.908Z
queueLength-average	0	2020-04-13T22:55:43.908Z
queueLength-value	0	2020-04-13T22:55:43.908Z
serverLoad-average	0	2020-04-13T22:55:43.908Z
serverLoad-value	0	2020-04-13T22:55:43.908Z
txTimeInQueue-average	0	2020-04-13T22:55:43.908Z
txInjected-average	0	2020-04-13T22:55:44.912Z
txInjected-total	0	2020-04-13T22:55:44.912Z
txApplied-average	0.047619047619047616	2020-04-13T22:55:44.912Z
txApplied-total	1	2020-04-13T22:55:44.912Z
txRejected-average	0	2020-04-13T22:55:44.912Z
txRejected-total	0	2020-04-13T22:55:44.912Z
txExpired-average	0	2020-04-13T22:55:44.912Z
txExpired-total	0	2020-04-13T22:55:44.912Z
txProcessed-average	0	2020-04-13T22:55:44.912Z
txProcessed-total	0	2020-04-13T22:55:44.912Z
queueLength-average	0	2020-04-13T22:55:44.912Z
queueLength-value	0	2020-04-13T22:55:44.912Z
serverLoad-average	0	2020-04-13T22:55:44.912Z
serverLoad-value	0	2020-04-13T22:55:44.912Z
txTimeInQueue-average	0	2020-04-13T22:55:44.912Z
txInjected-average	0	2020-04-13T22:55:45.913Z
txInjected-total	0	2020-04-13T22:55:45.913Z
txApplied-average	0.045454545454545456	2020-04-13T22:55:45.913Z
txApplied-total	1	2020-04-13T22:55:45.913Z
txRejected-average	0	2020-04-13T22:55:45.913Z
txRejected-total	0	2020-04-13T22:55:45.913Z
txExpired-average	0	2020-04-13T22:55:45.913Z
txExpired-total	0	2020-04-13T22:55:45.913Z
txProcessed-average	0	2020-04-13T22:55:45.913Z
txProcessed-total	0	2020-04-13T22:55:45.913Z
queueLength-average	0	2020-04-13T22:55:45.913Z
queueLength-value	0	2020-04-13T22:55:45.913Z
serverLoad-average	0	2020-04-13T22:55:45.913Z
serverLoad-value	0	2020-04-13T22:55:45.913Z
txTimeInQueue-average	0	2020-04-13T22:55:45.913Z
txInjected-average	0	2020-04-13T22:55:46.914Z
txInjected-total	0	2020-04-13T22:55:46.914Z
txApplied-average	0.043478260869565216	2020-04-13T22:55:46.914Z
txApplied-total	1	2020-04-13T22:55:46.914Z
txRejected-average	0	2020-04-13T22:55:46.914Z
txRejected-total	0	2020-04-13T22:55:46.914Z
txExpired-average	0	2020-04-13T22:55:46.914Z
txExpired-total	0	2020-04-13T22:55:46.914Z
txProcessed-average	0	2020-04-13T22:55:46.914Z
txProcessed-total	0	2020-04-13T22:55:46.914Z
queueLength-average	0	2020-04-13T22:55:46.914Z
queueLength-value	0	2020-04-13T22:55:46.914Z
serverLoad-average	0	2020-04-13T22:55:46.914Z
serverLoad-value	0	2020-04-13T22:55:46.914Z
txTimeInQueue-average	0	2020-04-13T22:55:46.914Z
txInjected-average	0	2020-04-13T22:55:47.918Z
txInjected-total	0	2020-04-13T22:55:47.918Z
txApplied-average	0.041666666666666664	2020-04-13T22:55:47.918Z
txApplied-total	1	2020-04-13T22:55:47.918Z
txRejected-average	0	2020-04-13T22:55:47.918Z
txRejected-total	0	2020-04-13T22:55:47.918Z
txExpired-average	0	2020-04-13T22:55:47.918Z
txExpired-total	0	2020-04-13T22:55:47.918Z
txProcessed-average	0	2020-04-13T22:55:47.918Z
txProcessed-total	0	2020-04-13T22:55:47.918Z
queueLength-average	0	2020-04-13T22:55:47.918Z
queueLength-value	0	2020-04-13T22:55:47.918Z
serverLoad-average	0	2020-04-13T22:55:47.918Z
serverLoad-value	0	2020-04-13T22:55:47.918Z
txTimeInQueue-average	0	2020-04-13T22:55:47.918Z
txInjected-average	0	2020-04-13T22:55:48.921Z
txInjected-total	0	2020-04-13T22:55:48.921Z
txApplied-average	0.04	2020-04-13T22:55:48.921Z
txApplied-total	1	2020-04-13T22:55:48.921Z
txRejected-average	0	2020-04-13T22:55:48.921Z
txRejected-total	0	2020-04-13T22:55:48.921Z
txExpired-average	0	2020-04-13T22:55:48.921Z
txExpired-total	0	2020-04-13T22:55:48.921Z
txProcessed-average	0	2020-04-13T22:55:48.921Z
txProcessed-total	0	2020-04-13T22:55:48.921Z
queueLength-average	0	2020-04-13T22:55:48.921Z
queueLength-value	0	2020-04-13T22:55:48.921Z
serverLoad-average	0	2020-04-13T22:55:48.921Z
serverLoad-value	0	2020-04-13T22:55:48.921Z
txTimeInQueue-average	0	2020-04-13T22:55:48.921Z
txInjected-average	0	2020-04-13T22:55:49.923Z
txInjected-total	0	2020-04-13T22:55:49.923Z
txApplied-average	0.038461538461538464	2020-04-13T22:55:49.923Z
txApplied-total	1	2020-04-13T22:55:49.923Z
txRejected-average	0	2020-04-13T22:55:49.923Z
txRejected-total	0	2020-04-13T22:55:49.923Z
txExpired-average	0	2020-04-13T22:55:49.923Z
txExpired-total	0	2020-04-13T22:55:49.923Z
txProcessed-average	0	2020-04-13T22:55:49.923Z
txProcessed-total	0	2020-04-13T22:55:49.923Z
queueLength-average	0	2020-04-13T22:55:49.923Z
queueLength-value	0	2020-04-13T22:55:49.923Z
serverLoad-average	0	2020-04-13T22:55:49.923Z
serverLoad-value	0	2020-04-13T22:55:49.923Z
txTimeInQueue-average	0	2020-04-13T22:55:49.923Z
txInjected-average	0	2020-04-13T22:55:50.923Z
txInjected-total	0	2020-04-13T22:55:50.923Z
txApplied-average	0.037037037037037035	2020-04-13T22:55:50.923Z
txApplied-total	1	2020-04-13T22:55:50.923Z
txRejected-average	0	2020-04-13T22:55:50.923Z
txRejected-total	0	2020-04-13T22:55:50.923Z
txExpired-average	0	2020-04-13T22:55:50.923Z
txExpired-total	0	2020-04-13T22:55:50.923Z
txProcessed-average	0	2020-04-13T22:55:50.923Z
txProcessed-total	0	2020-04-13T22:55:50.923Z
queueLength-average	0	2020-04-13T22:55:50.923Z
queueLength-value	0	2020-04-13T22:55:50.923Z
serverLoad-average	0	2020-04-13T22:55:50.923Z
serverLoad-value	0	2020-04-13T22:55:50.923Z
txTimeInQueue-average	0	2020-04-13T22:55:50.923Z
txInjected-average	0	2020-04-13T22:55:51.924Z
txInjected-total	0	2020-04-13T22:55:51.924Z
txApplied-average	0.03571428571428571	2020-04-13T22:55:51.924Z
txApplied-total	1	2020-04-13T22:55:51.924Z
txRejected-average	0	2020-04-13T22:55:51.924Z
txRejected-total	0	2020-04-13T22:55:51.924Z
txExpired-average	0	2020-04-13T22:55:51.924Z
txExpired-total	0	2020-04-13T22:55:51.924Z
txProcessed-average	0	2020-04-13T22:55:51.924Z
txProcessed-total	0	2020-04-13T22:55:51.924Z
queueLength-average	0	2020-04-13T22:55:51.924Z
queueLength-value	0	2020-04-13T22:55:51.924Z
serverLoad-average	0	2020-04-13T22:55:51.924Z
serverLoad-value	0	2020-04-13T22:55:51.924Z
txTimeInQueue-average	0	2020-04-13T22:55:51.924Z
txInjected-average	0	2020-04-13T22:55:52.924Z
txInjected-total	0	2020-04-13T22:55:52.924Z
txApplied-average	0.034482758620689655	2020-04-13T22:55:52.924Z
txApplied-total	1	2020-04-13T22:55:52.924Z
txRejected-average	0	2020-04-13T22:55:52.924Z
txRejected-total	0	2020-04-13T22:55:52.924Z
txExpired-average	0	2020-04-13T22:55:52.924Z
txExpired-total	0	2020-04-13T22:55:52.924Z
txProcessed-average	0	2020-04-13T22:55:52.924Z
txProcessed-total	0	2020-04-13T22:55:52.924Z
queueLength-average	0	2020-04-13T22:55:52.924Z
queueLength-value	0	2020-04-13T22:55:52.924Z
serverLoad-average	0	2020-04-13T22:55:52.924Z
serverLoad-value	0	2020-04-13T22:55:52.924Z
txTimeInQueue-average	0	2020-04-13T22:55:52.924Z
txInjected-average	0	2020-04-13T22:55:53.925Z
txInjected-total	0	2020-04-13T22:55:53.925Z
txApplied-average	0.03333333333333333	2020-04-13T22:55:53.925Z
txApplied-total	1	2020-04-13T22:55:53.925Z
txRejected-average	0	2020-04-13T22:55:53.925Z
txRejected-total	0	2020-04-13T22:55:53.925Z
txExpired-average	0	2020-04-13T22:55:53.925Z
txExpired-total	0	2020-04-13T22:55:53.925Z
txProcessed-average	0	2020-04-13T22:55:53.925Z
txProcessed-total	0	2020-04-13T22:55:53.925Z
queueLength-average	0	2020-04-13T22:55:53.925Z
queueLength-value	0	2020-04-13T22:55:53.925Z
serverLoad-average	0	2020-04-13T22:55:53.925Z
serverLoad-value	0	2020-04-13T22:55:53.925Z
txTimeInQueue-average	0	2020-04-13T22:55:53.925Z
txInjected-average	0	2020-04-13T22:55:54.926Z
txInjected-total	0	2020-04-13T22:55:54.926Z
txApplied-average	0.03225806451612903	2020-04-13T22:55:54.926Z
txApplied-total	1	2020-04-13T22:55:54.926Z
txRejected-average	0	2020-04-13T22:55:54.926Z
txRejected-total	0	2020-04-13T22:55:54.926Z
txExpired-average	0	2020-04-13T22:55:54.926Z
txExpired-total	0	2020-04-13T22:55:54.926Z
txProcessed-average	0	2020-04-13T22:55:54.926Z
txProcessed-total	0	2020-04-13T22:55:54.926Z
queueLength-average	0	2020-04-13T22:55:54.926Z
queueLength-value	0	2020-04-13T22:55:54.926Z
serverLoad-average	0	2020-04-13T22:55:54.926Z
serverLoad-value	0	2020-04-13T22:55:54.926Z
txTimeInQueue-average	0	2020-04-13T22:55:54.926Z
txInjected-average	0	2020-04-13T22:55:55.928Z
txInjected-total	0	2020-04-13T22:55:55.928Z
txApplied-average	0.03125	2020-04-13T22:55:55.928Z
txApplied-total	1	2020-04-13T22:55:55.928Z
txRejected-average	0	2020-04-13T22:55:55.928Z
txRejected-total	0	2020-04-13T22:55:55.928Z
txExpired-average	0	2020-04-13T22:55:55.928Z
txExpired-total	0	2020-04-13T22:55:55.928Z
txProcessed-average	0	2020-04-13T22:55:55.928Z
txProcessed-total	0	2020-04-13T22:55:55.928Z
queueLength-average	0	2020-04-13T22:55:55.928Z
queueLength-value	0	2020-04-13T22:55:55.928Z
serverLoad-average	0	2020-04-13T22:55:55.928Z
serverLoad-value	0	2020-04-13T22:55:55.928Z
txTimeInQueue-average	0	2020-04-13T22:55:55.928Z
txInjected-average	0	2020-04-13T22:55:56.931Z
txInjected-total	0	2020-04-13T22:55:56.931Z
txApplied-average	0.030303030303030304	2020-04-13T22:55:56.931Z
txApplied-total	1	2020-04-13T22:55:56.931Z
txRejected-average	0	2020-04-13T22:55:56.931Z
txRejected-total	0	2020-04-13T22:55:56.931Z
txExpired-average	0	2020-04-13T22:55:56.931Z
txExpired-total	0	2020-04-13T22:55:56.931Z
txProcessed-average	0	2020-04-13T22:55:56.931Z
txProcessed-total	0	2020-04-13T22:55:56.931Z
queueLength-average	0	2020-04-13T22:55:56.931Z
queueLength-value	0	2020-04-13T22:55:56.931Z
serverLoad-average	0	2020-04-13T22:55:56.931Z
serverLoad-value	0	2020-04-13T22:55:56.931Z
txTimeInQueue-average	0	2020-04-13T22:55:56.931Z
txInjected-average	0	2020-04-13T22:55:57.935Z
txInjected-total	0	2020-04-13T22:55:57.935Z
txApplied-average	0.029411764705882353	2020-04-13T22:55:57.935Z
txApplied-total	1	2020-04-13T22:55:57.935Z
txRejected-average	0	2020-04-13T22:55:57.935Z
txRejected-total	0	2020-04-13T22:55:57.935Z
txExpired-average	0	2020-04-13T22:55:57.935Z
txExpired-total	0	2020-04-13T22:55:57.935Z
txProcessed-average	0	2020-04-13T22:55:57.935Z
txProcessed-total	0	2020-04-13T22:55:57.935Z
queueLength-average	0	2020-04-13T22:55:57.935Z
queueLength-value	0	2020-04-13T22:55:57.935Z
serverLoad-average	0	2020-04-13T22:55:57.935Z
serverLoad-value	0	2020-04-13T22:55:57.935Z
txTimeInQueue-average	0	2020-04-13T22:55:57.935Z
txInjected-average	0	2020-04-13T22:55:58.939Z
txInjected-total	0	2020-04-13T22:55:58.939Z
txApplied-average	0.02857142857142857	2020-04-13T22:55:58.939Z
txApplied-total	1	2020-04-13T22:55:58.939Z
txRejected-average	0	2020-04-13T22:55:58.939Z
txRejected-total	0	2020-04-13T22:55:58.939Z
txExpired-average	0	2020-04-13T22:55:58.939Z
txExpired-total	0	2020-04-13T22:55:58.939Z
txProcessed-average	0	2020-04-13T22:55:58.939Z
txProcessed-total	0	2020-04-13T22:55:58.939Z
queueLength-average	0	2020-04-13T22:55:58.939Z
queueLength-value	0	2020-04-13T22:55:58.939Z
serverLoad-average	0	2020-04-13T22:55:58.939Z
serverLoad-value	0	2020-04-13T22:55:58.939Z
txTimeInQueue-average	0	2020-04-13T22:55:58.939Z
txInjected-average	0	2020-04-13T22:55:59.941Z
txInjected-total	0	2020-04-13T22:55:59.941Z
txApplied-average	0.027777777777777776	2020-04-13T22:55:59.941Z
txApplied-total	1	2020-04-13T22:55:59.941Z
txRejected-average	0	2020-04-13T22:55:59.941Z
txRejected-total	0	2020-04-13T22:55:59.941Z
txExpired-average	0	2020-04-13T22:55:59.941Z
txExpired-total	0	2020-04-13T22:55:59.941Z
txProcessed-average	0	2020-04-13T22:55:59.941Z
txProcessed-total	0	2020-04-13T22:55:59.941Z
queueLength-average	0	2020-04-13T22:55:59.941Z
queueLength-value	0	2020-04-13T22:55:59.941Z
serverLoad-average	0	2020-04-13T22:55:59.941Z
serverLoad-value	0	2020-04-13T22:55:59.941Z
txTimeInQueue-average	0	2020-04-13T22:55:59.941Z
txInjected-average	0	2020-04-13T22:56:00.945Z
txInjected-total	0	2020-04-13T22:56:00.945Z
txApplied-average	0.02702702702702703	2020-04-13T22:56:00.945Z
txApplied-total	1	2020-04-13T22:56:00.945Z
txRejected-average	0	2020-04-13T22:56:00.945Z
txRejected-total	0	2020-04-13T22:56:00.945Z
txExpired-average	0	2020-04-13T22:56:00.945Z
txExpired-total	0	2020-04-13T22:56:00.945Z
txProcessed-average	0	2020-04-13T22:56:00.945Z
txProcessed-total	0	2020-04-13T22:56:00.945Z
queueLength-average	0	2020-04-13T22:56:00.945Z
queueLength-value	0	2020-04-13T22:56:00.945Z
serverLoad-average	0	2020-04-13T22:56:00.945Z
serverLoad-value	0	2020-04-13T22:56:00.945Z
txTimeInQueue-average	0	2020-04-13T22:56:00.945Z
txInjected-average	0	2020-04-13T22:56:01.951Z
txInjected-total	0	2020-04-13T22:56:01.951Z
txApplied-average	0.02631578947368421	2020-04-13T22:56:01.951Z
txApplied-total	1	2020-04-13T22:56:01.951Z
txRejected-average	0	2020-04-13T22:56:01.951Z
txRejected-total	0	2020-04-13T22:56:01.951Z
txExpired-average	0	2020-04-13T22:56:01.951Z
txExpired-total	0	2020-04-13T22:56:01.951Z
txProcessed-average	0	2020-04-13T22:56:01.951Z
txProcessed-total	0	2020-04-13T22:56:01.951Z
queueLength-average	0	2020-04-13T22:56:01.951Z
queueLength-value	0	2020-04-13T22:56:01.951Z
serverLoad-average	0	2020-04-13T22:56:01.951Z
serverLoad-value	0	2020-04-13T22:56:01.951Z
txTimeInQueue-average	0	2020-04-13T22:56:01.951Z
txInjected-average	0	2020-04-13T22:56:02.955Z
txInjected-total	0	2020-04-13T22:56:02.955Z
txApplied-average	0.02564102564102564	2020-04-13T22:56:02.955Z
txApplied-total	1	2020-04-13T22:56:02.955Z
txRejected-average	0	2020-04-13T22:56:02.955Z
txRejected-total	0	2020-04-13T22:56:02.955Z
txExpired-average	0	2020-04-13T22:56:02.955Z
txExpired-total	0	2020-04-13T22:56:02.955Z
txProcessed-average	0	2020-04-13T22:56:02.955Z
txProcessed-total	0	2020-04-13T22:56:02.955Z
queueLength-average	0	2020-04-13T22:56:02.955Z
queueLength-value	0	2020-04-13T22:56:02.955Z
serverLoad-average	0	2020-04-13T22:56:02.955Z
serverLoad-value	0	2020-04-13T22:56:02.955Z
txTimeInQueue-average	0	2020-04-13T22:56:02.955Z
txInjected-average	0	2020-04-13T22:56:03.959Z
txInjected-total	0	2020-04-13T22:56:03.959Z
txApplied-average	0.025	2020-04-13T22:56:03.959Z
txApplied-total	1	2020-04-13T22:56:03.959Z
txRejected-average	0	2020-04-13T22:56:03.959Z
txRejected-total	0	2020-04-13T22:56:03.959Z
txExpired-average	0	2020-04-13T22:56:03.959Z
txExpired-total	0	2020-04-13T22:56:03.959Z
txProcessed-average	0	2020-04-13T22:56:03.959Z
txProcessed-total	0	2020-04-13T22:56:03.959Z
queueLength-average	0	2020-04-13T22:56:03.959Z
queueLength-value	0	2020-04-13T22:56:03.959Z
serverLoad-average	0	2020-04-13T22:56:03.959Z
serverLoad-value	0	2020-04-13T22:56:03.959Z
txTimeInQueue-average	0	2020-04-13T22:56:03.959Z
txInjected-average	0	2020-04-13T22:56:04.962Z
txInjected-total	0	2020-04-13T22:56:04.962Z
txApplied-average	0.024390243902439025	2020-04-13T22:56:04.962Z
txApplied-total	1	2020-04-13T22:56:04.962Z
txRejected-average	0	2020-04-13T22:56:04.962Z
txRejected-total	0	2020-04-13T22:56:04.962Z
txExpired-average	0	2020-04-13T22:56:04.962Z
txExpired-total	0	2020-04-13T22:56:04.962Z
txProcessed-average	0	2020-04-13T22:56:04.962Z
txProcessed-total	0	2020-04-13T22:56:04.962Z
queueLength-average	0	2020-04-13T22:56:04.962Z
queueLength-value	0	2020-04-13T22:56:04.962Z
serverLoad-average	0	2020-04-13T22:56:04.962Z
serverLoad-value	0	2020-04-13T22:56:04.962Z
txTimeInQueue-average	0	2020-04-13T22:56:04.962Z
txInjected-average	0	2020-04-13T22:56:05.965Z
txInjected-total	0	2020-04-13T22:56:05.965Z
txApplied-average	0.023809523809523808	2020-04-13T22:56:05.965Z
txApplied-total	1	2020-04-13T22:56:05.965Z
txRejected-average	0	2020-04-13T22:56:05.965Z
txRejected-total	0	2020-04-13T22:56:05.965Z
txExpired-average	0	2020-04-13T22:56:05.965Z
txExpired-total	0	2020-04-13T22:56:05.965Z
txProcessed-average	0	2020-04-13T22:56:05.965Z
txProcessed-total	0	2020-04-13T22:56:05.965Z
queueLength-average	0	2020-04-13T22:56:05.965Z
queueLength-value	0	2020-04-13T22:56:05.965Z
serverLoad-average	0	2020-04-13T22:56:05.965Z
serverLoad-value	0	2020-04-13T22:56:05.965Z
txTimeInQueue-average	0	2020-04-13T22:56:05.965Z
txInjected-average	0	2020-04-13T22:56:06.969Z
txInjected-total	0	2020-04-13T22:56:06.969Z
txApplied-average	0.023255813953488372	2020-04-13T22:56:06.969Z
txApplied-total	1	2020-04-13T22:56:06.969Z
txRejected-average	0	2020-04-13T22:56:06.969Z
txRejected-total	0	2020-04-13T22:56:06.969Z
txExpired-average	0	2020-04-13T22:56:06.969Z
txExpired-total	0	2020-04-13T22:56:06.969Z
txProcessed-average	0	2020-04-13T22:56:06.969Z
txProcessed-total	0	2020-04-13T22:56:06.969Z
queueLength-average	0	2020-04-13T22:56:06.969Z
queueLength-value	0	2020-04-13T22:56:06.969Z
serverLoad-average	0	2020-04-13T22:56:06.969Z
serverLoad-value	0	2020-04-13T22:56:06.969Z
txTimeInQueue-average	0	2020-04-13T22:56:06.969Z
txInjected-average	0	2020-04-13T22:56:07.969Z
txInjected-total	0	2020-04-13T22:56:07.969Z
txApplied-average	0.022727272727272728	2020-04-13T22:56:07.969Z
txApplied-total	1	2020-04-13T22:56:07.969Z
txRejected-average	0	2020-04-13T22:56:07.969Z
txRejected-total	0	2020-04-13T22:56:07.969Z
txExpired-average	0	2020-04-13T22:56:07.969Z
txExpired-total	0	2020-04-13T22:56:07.969Z
txProcessed-average	0	2020-04-13T22:56:07.969Z
txProcessed-total	0	2020-04-13T22:56:07.969Z
queueLength-average	0	2020-04-13T22:56:07.969Z
queueLength-value	0	2020-04-13T22:56:07.969Z
serverLoad-average	0	2020-04-13T22:56:07.969Z
serverLoad-value	0	2020-04-13T22:56:07.969Z
txTimeInQueue-average	0	2020-04-13T22:56:07.969Z
txInjected-average	0	2020-04-13T22:56:08.974Z
txInjected-total	0	2020-04-13T22:56:08.974Z
txApplied-average	0.022222222222222223	2020-04-13T22:56:08.974Z
txApplied-total	1	2020-04-13T22:56:08.974Z
txRejected-average	0	2020-04-13T22:56:08.974Z
txRejected-total	0	2020-04-13T22:56:08.974Z
txExpired-average	0	2020-04-13T22:56:08.974Z
txExpired-total	0	2020-04-13T22:56:08.974Z
txProcessed-average	0	2020-04-13T22:56:08.974Z
txProcessed-total	0	2020-04-13T22:56:08.974Z
queueLength-average	0	2020-04-13T22:56:08.974Z
queueLength-value	0	2020-04-13T22:56:08.974Z
serverLoad-average	0	2020-04-13T22:56:08.974Z
serverLoad-value	0	2020-04-13T22:56:08.974Z
txTimeInQueue-average	0	2020-04-13T22:56:08.974Z
txInjected-average	0	2020-04-13T22:56:09.978Z
txInjected-total	0	2020-04-13T22:56:09.978Z
txApplied-average	0.021739130434782608	2020-04-13T22:56:09.978Z
txApplied-total	1	2020-04-13T22:56:09.978Z
txRejected-average	0	2020-04-13T22:56:09.978Z
txRejected-total	0	2020-04-13T22:56:09.978Z
txExpired-average	0	2020-04-13T22:56:09.978Z
txExpired-total	0	2020-04-13T22:56:09.978Z
txProcessed-average	0	2020-04-13T22:56:09.978Z
txProcessed-total	0	2020-04-13T22:56:09.978Z
queueLength-average	0	2020-04-13T22:56:09.978Z
queueLength-value	0	2020-04-13T22:56:09.978Z
serverLoad-average	0	2020-04-13T22:56:09.978Z
serverLoad-value	0	2020-04-13T22:56:09.978Z
txTimeInQueue-average	0	2020-04-13T22:56:09.978Z
txInjected-average	0	2020-04-13T22:56:10.979Z
txInjected-total	0	2020-04-13T22:56:10.979Z
txApplied-average	0.02127659574468085	2020-04-13T22:56:10.979Z
txApplied-total	1	2020-04-13T22:56:10.979Z
txRejected-average	0	2020-04-13T22:56:10.979Z
txRejected-total	0	2020-04-13T22:56:10.979Z
txExpired-average	0	2020-04-13T22:56:10.979Z
txExpired-total	0	2020-04-13T22:56:10.979Z
txProcessed-average	0	2020-04-13T22:56:10.979Z
txProcessed-total	0	2020-04-13T22:56:10.979Z
queueLength-average	0	2020-04-13T22:56:10.979Z
queueLength-value	0	2020-04-13T22:56:10.979Z
serverLoad-average	0	2020-04-13T22:56:10.979Z
serverLoad-value	0	2020-04-13T22:56:10.979Z
txTimeInQueue-average	0	2020-04-13T22:56:10.979Z
txInjected-average	0	2020-04-13T22:56:11.981Z
txInjected-total	0	2020-04-13T22:56:11.981Z
txApplied-average	0.020833333333333332	2020-04-13T22:56:11.981Z
txApplied-total	1	2020-04-13T22:56:11.981Z
txRejected-average	0	2020-04-13T22:56:11.981Z
txRejected-total	0	2020-04-13T22:56:11.981Z
txExpired-average	0	2020-04-13T22:56:11.981Z
txExpired-total	0	2020-04-13T22:56:11.981Z
txProcessed-average	0	2020-04-13T22:56:11.981Z
txProcessed-total	0	2020-04-13T22:56:11.981Z
queueLength-average	0	2020-04-13T22:56:11.981Z
queueLength-value	0	2020-04-13T22:56:11.981Z
serverLoad-average	0	2020-04-13T22:56:11.981Z
serverLoad-value	0	2020-04-13T22:56:11.981Z
txTimeInQueue-average	0	2020-04-13T22:56:11.981Z
txInjected-average	0	2020-04-13T22:56:12.982Z
txInjected-total	0	2020-04-13T22:56:12.982Z
txApplied-average	0.02040816326530612	2020-04-13T22:56:12.982Z
txApplied-total	1	2020-04-13T22:56:12.982Z
txRejected-average	0	2020-04-13T22:56:12.982Z
txRejected-total	0	2020-04-13T22:56:12.982Z
txExpired-average	0	2020-04-13T22:56:12.982Z
txExpired-total	0	2020-04-13T22:56:12.982Z
txProcessed-average	0	2020-04-13T22:56:12.982Z
txProcessed-total	0	2020-04-13T22:56:12.982Z
queueLength-average	0	2020-04-13T22:56:12.982Z
queueLength-value	0	2020-04-13T22:56:12.982Z
serverLoad-average	0	2020-04-13T22:56:12.982Z
serverLoad-value	0	2020-04-13T22:56:12.982Z
txTimeInQueue-average	0	2020-04-13T22:56:12.982Z
txInjected-average	0	2020-04-13T22:56:13.987Z
txInjected-total	0	2020-04-13T22:56:13.987Z
txApplied-average	0.02	2020-04-13T22:56:13.987Z
txApplied-total	1	2020-04-13T22:56:13.987Z
txRejected-average	0	2020-04-13T22:56:13.987Z
txRejected-total	0	2020-04-13T22:56:13.987Z
txExpired-average	0	2020-04-13T22:56:13.987Z
txExpired-total	0	2020-04-13T22:56:13.987Z
txProcessed-average	0	2020-04-13T22:56:13.987Z
txProcessed-total	0	2020-04-13T22:56:13.987Z
queueLength-average	0	2020-04-13T22:56:13.987Z
queueLength-value	0	2020-04-13T22:56:13.987Z
serverLoad-average	0	2020-04-13T22:56:13.987Z
serverLoad-value	0	2020-04-13T22:56:13.987Z
txTimeInQueue-average	0	2020-04-13T22:56:13.987Z
txInjected-average	0	2020-04-13T22:56:14.988Z
txInjected-total	0	2020-04-13T22:56:14.988Z
txApplied-average	0.0196078431372549	2020-04-13T22:56:14.988Z
txApplied-total	1	2020-04-13T22:56:14.988Z
txRejected-average	0	2020-04-13T22:56:14.988Z
txRejected-total	0	2020-04-13T22:56:14.988Z
txExpired-average	0	2020-04-13T22:56:14.988Z
txExpired-total	0	2020-04-13T22:56:14.988Z
txProcessed-average	0	2020-04-13T22:56:14.988Z
txProcessed-total	0	2020-04-13T22:56:14.988Z
queueLength-average	0	2020-04-13T22:56:14.988Z
queueLength-value	0	2020-04-13T22:56:14.988Z
serverLoad-average	0	2020-04-13T22:56:14.988Z
serverLoad-value	0	2020-04-13T22:56:14.988Z
txTimeInQueue-average	0	2020-04-13T22:56:14.988Z
txInjected-average	0	2020-04-13T22:56:15.993Z
txInjected-total	0	2020-04-13T22:56:15.993Z
txApplied-average	0.019230769230769232	2020-04-13T22:56:15.993Z
txApplied-total	1	2020-04-13T22:56:15.993Z
txRejected-average	0	2020-04-13T22:56:15.993Z
txRejected-total	0	2020-04-13T22:56:15.993Z
txExpired-average	0	2020-04-13T22:56:15.993Z
txExpired-total	0	2020-04-13T22:56:15.993Z
txProcessed-average	0	2020-04-13T22:56:15.993Z
txProcessed-total	0	2020-04-13T22:56:15.993Z
queueLength-average	0	2020-04-13T22:56:15.993Z
queueLength-value	0	2020-04-13T22:56:15.993Z
serverLoad-average	0	2020-04-13T22:56:15.993Z
serverLoad-value	0	2020-04-13T22:56:15.993Z
txTimeInQueue-average	0	2020-04-13T22:56:15.993Z
txInjected-average	0	2020-04-13T22:56:16.994Z
txInjected-total	0	2020-04-13T22:56:16.994Z
txApplied-average	0.018867924528301886	2020-04-13T22:56:16.994Z
txApplied-total	1	2020-04-13T22:56:16.994Z
txRejected-average	0	2020-04-13T22:56:16.994Z
txRejected-total	0	2020-04-13T22:56:16.994Z
txExpired-average	0	2020-04-13T22:56:16.994Z
txExpired-total	0	2020-04-13T22:56:16.994Z
txProcessed-average	0	2020-04-13T22:56:16.994Z
txProcessed-total	0	2020-04-13T22:56:16.994Z
queueLength-average	0	2020-04-13T22:56:16.994Z
queueLength-value	0	2020-04-13T22:56:16.994Z
serverLoad-average	0	2020-04-13T22:56:16.994Z
serverLoad-value	0	2020-04-13T22:56:16.994Z
txTimeInQueue-average	0	2020-04-13T22:56:16.994Z
txInjected-average	0	2020-04-13T22:56:17.996Z
txInjected-total	0	2020-04-13T22:56:17.996Z
txApplied-average	0.018518518518518517	2020-04-13T22:56:17.996Z
txApplied-total	1	2020-04-13T22:56:17.996Z
txRejected-average	0	2020-04-13T22:56:17.996Z
txRejected-total	0	2020-04-13T22:56:17.996Z
txExpired-average	0	2020-04-13T22:56:17.996Z
txExpired-total	0	2020-04-13T22:56:17.996Z
txProcessed-average	0	2020-04-13T22:56:17.996Z
txProcessed-total	0	2020-04-13T22:56:17.996Z
queueLength-average	0	2020-04-13T22:56:17.996Z
queueLength-value	0	2020-04-13T22:56:17.996Z
serverLoad-average	0	2020-04-13T22:56:17.996Z
serverLoad-value	0	2020-04-13T22:56:17.996Z
txTimeInQueue-average	0	2020-04-13T22:56:17.996Z
txInjected-average	0	2020-04-13T22:56:19.000Z
txInjected-total	0	2020-04-13T22:56:19.000Z
txApplied-average	0.01818181818181818	2020-04-13T22:56:19.000Z
txApplied-total	1	2020-04-13T22:56:19.000Z
txRejected-average	0	2020-04-13T22:56:19.000Z
txRejected-total	0	2020-04-13T22:56:19.000Z
txExpired-average	0	2020-04-13T22:56:19.000Z
txExpired-total	0	2020-04-13T22:56:19.000Z
txProcessed-average	0	2020-04-13T22:56:19.000Z
txProcessed-total	0	2020-04-13T22:56:19.000Z
queueLength-average	0	2020-04-13T22:56:19.000Z
queueLength-value	0	2020-04-13T22:56:19.000Z
serverLoad-average	0	2020-04-13T22:56:19.000Z
serverLoad-value	0	2020-04-13T22:56:19.000Z
txTimeInQueue-average	0	2020-04-13T22:56:19.000Z
txInjected-average	0	2020-04-13T22:56:20.001Z
txInjected-total	0	2020-04-13T22:56:20.001Z
txApplied-average	0.017857142857142856	2020-04-13T22:56:20.001Z
txApplied-total	1	2020-04-13T22:56:20.001Z
txRejected-average	0	2020-04-13T22:56:20.001Z
txRejected-total	0	2020-04-13T22:56:20.001Z
txExpired-average	0	2020-04-13T22:56:20.001Z
txExpired-total	0	2020-04-13T22:56:20.001Z
txProcessed-average	0	2020-04-13T22:56:20.001Z
txProcessed-total	0	2020-04-13T22:56:20.001Z
queueLength-average	0.017857142857142856	2020-04-13T22:56:20.001Z
queueLength-value	1	2020-04-13T22:56:20.001Z
serverLoad-average	0	2020-04-13T22:56:20.001Z
serverLoad-value	0	2020-04-13T22:56:20.001Z
txTimeInQueue-average	0.004910714285714286	2020-04-13T22:56:20.001Z
txInjected-average	0	2020-04-13T22:56:21.007Z
txInjected-total	0	2020-04-13T22:56:21.007Z
txApplied-average	0.017543859649122806	2020-04-13T22:56:21.007Z
txApplied-total	1	2020-04-13T22:56:21.007Z
txRejected-average	0	2020-04-13T22:56:21.007Z
txRejected-total	0	2020-04-13T22:56:21.007Z
txExpired-average	0	2020-04-13T22:56:21.007Z
txExpired-total	0	2020-04-13T22:56:21.007Z
txProcessed-average	0	2020-04-13T22:56:21.007Z
txProcessed-total	0	2020-04-13T22:56:21.007Z
queueLength-average	0.03508771929824561	2020-04-13T22:56:21.007Z
queueLength-value	1	2020-04-13T22:56:21.007Z
serverLoad-average	0.000017543859649122806	2020-04-13T22:56:21.007Z
serverLoad-value	0.001	2020-04-13T22:56:21.007Z
txTimeInQueue-average	0.02729824561403509	2020-04-13T22:56:21.007Z
txInjected-average	0	2020-04-13T22:56:22.007Z
txInjected-total	0	2020-04-13T22:56:22.007Z
txApplied-average	0.017241379310344827	2020-04-13T22:56:22.007Z
txApplied-total	1	2020-04-13T22:56:22.007Z
txRejected-average	0	2020-04-13T22:56:22.007Z
txRejected-total	0	2020-04-13T22:56:22.007Z
txExpired-average	0	2020-04-13T22:56:22.007Z
txExpired-total	0	2020-04-13T22:56:22.007Z
txProcessed-average	0	2020-04-13T22:56:22.007Z
txProcessed-total	0	2020-04-13T22:56:22.007Z
queueLength-average	0.06896551724137931	2020-04-13T22:56:22.007Z
queueLength-value	2	2020-04-13T22:56:22.007Z
serverLoad-average	0.00004861867311958057	2020-04-13T22:56:22.007Z
serverLoad-value	0.0018198830409356726	2020-04-13T22:56:22.007Z
txTimeInQueue-average	0.06615517241379311	2020-04-13T22:56:22.007Z
txInjected-average	0	2020-04-13T22:56:23.008Z
txInjected-total	0	2020-04-13T22:56:23.008Z
txApplied-average	0.01694915254237288	2020-04-13T22:56:23.008Z
txApplied-total	1	2020-04-13T22:56:23.008Z
txRejected-average	0	2020-04-13T22:56:23.008Z
txRejected-total	0	2020-04-13T22:56:23.008Z
txExpired-average	0	2020-04-13T22:56:23.008Z
txExpired-total	0	2020-04-13T22:56:23.008Z
txProcessed-average	0	2020-04-13T22:56:23.008Z
txProcessed-total	0	2020-04-13T22:56:23.008Z
queueLength-average	0.13559322033898305	2020-04-13T22:56:23.008Z
queueLength-value	4	2020-04-13T22:56:23.008Z
serverLoad-average	0.0001225462350596929	2020-04-13T22:56:23.008Z
serverLoad-value	0.004410344827586207	2020-04-13T22:56:23.008Z
txTimeInQueue-average	0.0926271186440678	2020-04-13T22:56:23.008Z
txInjected-average	0	2020-04-13T22:56:24.010Z
txInjected-total	0	2020-04-13T22:56:24.010Z
txApplied-average	0.016666666666666666	2020-04-13T22:56:24.010Z
txApplied-total	1	2020-04-13T22:56:24.010Z
txRejected-average	0	2020-04-13T22:56:24.010Z
txRejected-total	0	2020-04-13T22:56:24.010Z
txExpired-average	0	2020-04-13T22:56:24.010Z
txExpired-total	0	2020-04-13T22:56:24.010Z
txProcessed-average	0	2020-04-13T22:56:24.010Z
txProcessed-total	0	2020-04-13T22:56:24.010Z
queueLength-average	0.2	2020-04-13T22:56:24.010Z
queueLength-value	4	2020-04-13T22:56:24.010Z
serverLoad-average	0.0002234228185243289	2020-04-13T22:56:24.010Z
serverLoad-value	0.006175141242937853	2020-04-13T22:56:24.010Z
txTimeInQueue-average	0.13491666666666666	2020-04-13T22:56:24.010Z
txInjected-average	0	2020-04-13T22:56:25.011Z
txInjected-total	0	2020-04-13T22:56:25.011Z
txApplied-average	0	2020-04-13T22:56:25.011Z
txApplied-total	1	2020-04-13T22:56:25.011Z
txRejected-average	0	2020-04-13T22:56:25.011Z
txRejected-total	0	2020-04-13T22:56:25.011Z
txExpired-average	0	2020-04-13T22:56:25.011Z
txExpired-total	0	2020-04-13T22:56:25.011Z
txProcessed-average	0	2020-04-13T22:56:25.011Z
txProcessed-total	0	2020-04-13T22:56:25.011Z
queueLength-average	0.26666666666666666	2020-04-13T22:56:25.011Z
queueLength-value	4	2020-04-13T22:56:25.011Z
serverLoad-average	0.0003733302259317363	2020-04-13T22:56:25.011Z
serverLoad-value	0.008994444444444444	2020-04-13T22:56:25.011Z
txTimeInQueue-average	0.19543333333333335	2020-04-13T22:56:25.011Z
txInjected-average	0	2020-04-13T22:56:26.012Z
txInjected-total	0	2020-04-13T22:56:26.012Z
txApplied-average	0.016666666666666666	2020-04-13T22:56:26.012Z
txApplied-total	2	2020-04-13T22:56:26.012Z
txRejected-average	0	2020-04-13T22:56:26.012Z
txRejected-total	0	2020-04-13T22:56:26.012Z
txExpired-average	0	2020-04-13T22:56:26.012Z
txExpired-total	0	2020-04-13T22:56:26.012Z
txProcessed-average	0	2020-04-13T22:56:26.012Z
txProcessed-total	0	2020-04-13T22:56:26.012Z
queueLength-average	0.31666666666666665	2020-04-13T22:56:26.012Z
queueLength-value	3	2020-04-13T22:56:26.012Z
serverLoad-average	0.0005904783740798845	2020-04-13T22:56:26.012Z
serverLoad-value	0.01302888888888889	2020-04-13T22:56:26.012Z
txTimeInQueue-average	0.26689999999999997	2020-04-13T22:56:26.012Z
txInjected-average	0	2020-04-13T22:56:27.011Z
txInjected-total	0	2020-04-13T22:56:27.011Z
txApplied-average	0.016666666666666666	2020-04-13T22:56:27.011Z
txApplied-total	2	2020-04-13T22:56:27.011Z
txRejected-average	0	2020-04-13T22:56:27.011Z
txRejected-total	0	2020-04-13T22:56:27.011Z
txExpired-average	0	2020-04-13T22:56:27.011Z
txExpired-total	0	2020-04-13T22:56:27.011Z
txProcessed-average	0	2020-04-13T22:56:27.011Z
txProcessed-total	0	2020-04-13T22:56:27.011Z
queueLength-average	0.36666666666666664	2020-04-13T22:56:27.011Z
queueLength-value	3	2020-04-13T22:56:27.011Z
serverLoad-average	0.00088703392963544	2020-04-13T22:56:27.011Z
serverLoad-value	0.01779333333333333	2020-04-13T22:56:27.011Z
txTimeInQueue-average	0.35501666666666665	2020-04-13T22:56:27.011Z
txInjected-average	0	2020-04-13T22:56:28.015Z
txInjected-total	0	2020-04-13T22:56:28.015Z
txApplied-average	0.03333333333333333	2020-04-13T22:56:28.015Z
txApplied-total	3	2020-04-13T22:56:28.015Z
txRejected-average	0	2020-04-13T22:56:28.015Z
txRejected-total	0	2020-04-13T22:56:28.015Z
txExpired-average	0	2020-04-13T22:56:28.015Z
txExpired-total	0	2020-04-13T22:56:28.015Z
txProcessed-average	0	2020-04-13T22:56:28.015Z
txProcessed-total	0	2020-04-13T22:56:28.015Z
queueLength-average	0.4	2020-04-13T22:56:28.015Z
queueLength-value	2	2020-04-13T22:56:28.015Z
serverLoad-average	0.0012814968925984028	2020-04-13T22:56:28.015Z
serverLoad-value	0.023667777777777777	2020-04-13T22:56:28.015Z
txTimeInQueue-average	0.45413333333333333	2020-04-13T22:56:28.015Z
txInjected-average	0	2020-04-13T22:56:29.016Z
txInjected-total	0	2020-04-13T22:56:29.016Z
txApplied-average	0.06666666666666667	2020-04-13T22:56:29.016Z
txApplied-total	5	2020-04-13T22:56:29.016Z
txRejected-average	0	2020-04-13T22:56:29.016Z
txRejected-total	0	2020-04-13T22:56:29.016Z
txExpired-average	0	2020-04-13T22:56:29.016Z
txExpired-total	0	2020-04-13T22:56:29.016Z
txProcessed-average	0	2020-04-13T22:56:29.016Z
txProcessed-total	0	2020-04-13T22:56:29.016Z
queueLength-average	0.4	2020-04-13T22:56:29.016Z
queueLength-value	0	2020-04-13T22:56:29.016Z
serverLoad-average	0.0017860894851909955	2020-04-13T22:56:29.016Z
serverLoad-value	0.030275555555555556	2020-04-13T22:56:29.016Z
txTimeInQueue-average	0.45413333333333333	2020-04-13T22:56:29.016Z
txInjected-average	0	2020-04-13T22:56:30.021Z
txInjected-total	0	2020-04-13T22:56:30.021Z
txApplied-average	0.06666666666666667	2020-04-13T22:56:30.021Z
txApplied-total	5	2020-04-13T22:56:30.021Z
txRejected-average	0	2020-04-13T22:56:30.021Z
txRejected-total	0	2020-04-13T22:56:30.021Z
txExpired-average	0	2020-04-13T22:56:30.021Z
txExpired-total	0	2020-04-13T22:56:30.021Z
txProcessed-average	0	2020-04-13T22:56:30.021Z
txProcessed-total	0	2020-04-13T22:56:30.021Z
queueLength-average	0.4	2020-04-13T22:56:30.021Z
queueLength-value	0	2020-04-13T22:56:30.021Z
serverLoad-average	0.0022906820777835878	2020-04-13T22:56:30.021Z
serverLoad-value	0.030275555555555556	2020-04-13T22:56:30.021Z
txTimeInQueue-average	0.45413333333333333	2020-04-13T22:56:30.021Z
txInjected-average	0	2020-04-13T22:56:31.021Z
txInjected-total	0	2020-04-13T22:56:31.021Z
txApplied-average	0.06666666666666667	2020-04-13T22:56:31.021Z
txApplied-total	5	2020-04-13T22:56:31.021Z
txRejected-average	0	2020-04-13T22:56:31.021Z
txRejected-total	0	2020-04-13T22:56:31.021Z
txExpired-average	0	2020-04-13T22:56:31.021Z
txExpired-total	0	2020-04-13T22:56:31.021Z
txProcessed-average	0	2020-04-13T22:56:31.021Z
txProcessed-total	0	2020-04-13T22:56:31.021Z
queueLength-average	0.4	2020-04-13T22:56:31.021Z
queueLength-value	0	2020-04-13T22:56:31.021Z
serverLoad-average	0.0027952746703761807	2020-04-13T22:56:31.021Z
serverLoad-value	0.030275555555555556	2020-04-13T22:56:31.021Z
txTimeInQueue-average	0.45413333333333333	2020-04-13T22:56:31.021Z
txInjected-average	0	2020-04-13T22:56:32.024Z
txInjected-total	0	2020-04-13T22:56:32.024Z
txApplied-average	0.06666666666666667	2020-04-13T22:56:32.024Z
txApplied-total	5	2020-04-13T22:56:32.024Z
txRejected-average	0	2020-04-13T22:56:32.024Z
txRejected-total	0	2020-04-13T22:56:32.024Z
txExpired-average	0	2020-04-13T22:56:32.024Z
txExpired-total	0	2020-04-13T22:56:32.024Z
txProcessed-average	0	2020-04-13T22:56:32.024Z
txProcessed-total	0	2020-04-13T22:56:32.024Z
queueLength-average	0.4	2020-04-13T22:56:32.024Z
queueLength-value	0	2020-04-13T22:56:32.024Z
serverLoad-average	0.0032998672629687737	2020-04-13T22:56:32.024Z
serverLoad-value	0.030275555555555556	2020-04-13T22:56:32.024Z
txTimeInQueue-average	0.45413333333333333	2020-04-13T22:56:32.024Z
txInjected-average	0	2020-04-13T22:56:33.030Z
txInjected-total	0	2020-04-13T22:56:33.030Z
txApplied-average	0.06666666666666667	2020-04-13T22:56:33.030Z
txApplied-total	5	2020-04-13T22:56:33.030Z
txRejected-average	0	2020-04-13T22:56:33.030Z
txRejected-total	0	2020-04-13T22:56:33.030Z
txExpired-average	0	2020-04-13T22:56:33.030Z
txExpired-total	0	2020-04-13T22:56:33.030Z
txProcessed-average	0	2020-04-13T22:56:33.030Z
txProcessed-total	0	2020-04-13T22:56:33.030Z
queueLength-average	0.4	2020-04-13T22:56:33.030Z
queueLength-value	0	2020-04-13T22:56:33.030Z
serverLoad-average	0.003804459855561366	2020-04-13T22:56:33.030Z
serverLoad-value	0.030275555555555556	2020-04-13T22:56:33.030Z
txTimeInQueue-average	0.45413333333333333	2020-04-13T22:56:33.030Z
txInjected-average	0	2020-04-13T22:56:34.034Z
txInjected-total	0	2020-04-13T22:56:34.034Z
txApplied-average	0.06666666666666667	2020-04-13T22:56:34.034Z
txApplied-total	5	2020-04-13T22:56:34.034Z
txRejected-average	0	2020-04-13T22:56:34.034Z
txRejected-total	0	2020-04-13T22:56:34.034Z
txExpired-average	0	2020-04-13T22:56:34.034Z
txExpired-total	0	2020-04-13T22:56:34.034Z
txProcessed-average	0	2020-04-13T22:56:34.034Z
txProcessed-total	0	2020-04-13T22:56:34.034Z
queueLength-average	0.4	2020-04-13T22:56:34.034Z
queueLength-value	0	2020-04-13T22:56:34.034Z
serverLoad-average	0.004309052448153958	2020-04-13T22:56:34.034Z
serverLoad-value	0.030275555555555556	2020-04-13T22:56:34.034Z
txTimeInQueue-average	0.45413333333333333	2020-04-13T22:56:34.034Z
txInjected-average	0	2020-04-13T22:56:35.035Z
txInjected-total	0	2020-04-13T22:56:35.035Z
txApplied-average	0.06666666666666667	2020-04-13T22:56:35.035Z
txApplied-total	5	2020-04-13T22:56:35.035Z
txRejected-average	0	2020-04-13T22:56:35.035Z
txRejected-total	0	2020-04-13T22:56:35.035Z
txExpired-average	0	2020-04-13T22:56:35.035Z
txExpired-total	0	2020-04-13T22:56:35.035Z
txProcessed-average	0	2020-04-13T22:56:35.035Z
txProcessed-total	0	2020-04-13T22:56:35.035Z
queueLength-average	0.4	2020-04-13T22:56:35.035Z
queueLength-value	0	2020-04-13T22:56:35.035Z
serverLoad-average	0.004813645040746551	2020-04-13T22:56:35.035Z
serverLoad-value	0.030275555555555556	2020-04-13T22:56:35.035Z
txTimeInQueue-average	0.45413333333333333	2020-04-13T22:56:35.035Z
txInjected-average	0	2020-04-13T22:56:36.036Z
txInjected-total	0	2020-04-13T22:56:36.036Z
txApplied-average	0.06666666666666667	2020-04-13T22:56:36.036Z
txApplied-total	5	2020-04-13T22:56:36.036Z
txRejected-average	0	2020-04-13T22:56:36.036Z
txRejected-total	0	2020-04-13T22:56:36.036Z
txExpired-average	0	2020-04-13T22:56:36.036Z
txExpired-total	0	2020-04-13T22:56:36.036Z
txProcessed-average	0	2020-04-13T22:56:36.036Z
txProcessed-total	0	2020-04-13T22:56:36.036Z
queueLength-average	0.4	2020-04-13T22:56:36.036Z
queueLength-value	0	2020-04-13T22:56:36.036Z
serverLoad-average	0.005318237633339144	2020-04-13T22:56:36.036Z
serverLoad-value	0.030275555555555556	2020-04-13T22:56:36.036Z
txTimeInQueue-average	0.45413333333333333	2020-04-13T22:56:36.036Z
txInjected-average	0	2020-04-13T22:56:37.040Z
txInjected-total	0	2020-04-13T22:56:37.040Z
txApplied-average	0.06666666666666667	2020-04-13T22:56:37.040Z
txApplied-total	5	2020-04-13T22:56:37.040Z
txRejected-average	0	2020-04-13T22:56:37.040Z
txRejected-total	0	2020-04-13T22:56:37.040Z
txExpired-average	0	2020-04-13T22:56:37.040Z
txExpired-total	0	2020-04-13T22:56:37.040Z
txProcessed-average	0	2020-04-13T22:56:37.040Z
txProcessed-total	0	2020-04-13T22:56:37.040Z
queueLength-average	0.4	2020-04-13T22:56:37.040Z
queueLength-value	0	2020-04-13T22:56:37.040Z
serverLoad-average	0.005822830225931736	2020-04-13T22:56:37.040Z
serverLoad-value	0.030275555555555556	2020-04-13T22:56:37.040Z
txTimeInQueue-average	0.45413333333333333	2020-04-13T22:56:37.040Z
txInjected-average	0	2020-04-13T22:56:38.044Z
txInjected-total	0	2020-04-13T22:56:38.044Z
txApplied-average	0.06666666666666667	2020-04-13T22:56:38.044Z
txApplied-total	5	2020-04-13T22:56:38.044Z
txRejected-average	0	2020-04-13T22:56:38.044Z
txRejected-total	0	2020-04-13T22:56:38.044Z
txExpired-average	0	2020-04-13T22:56:38.044Z
txExpired-total	0	2020-04-13T22:56:38.044Z
txProcessed-average	0	2020-04-13T22:56:38.044Z
txProcessed-total	0	2020-04-13T22:56:38.044Z
queueLength-average	0.4	2020-04-13T22:56:38.044Z
queueLength-value	0	2020-04-13T22:56:38.044Z
serverLoad-average	0.006327422818524329	2020-04-13T22:56:38.044Z
serverLoad-value	0.030275555555555556	2020-04-13T22:56:38.044Z
txTimeInQueue-average	0.45413333333333333	2020-04-13T22:56:38.044Z
txInjected-average	0	2020-04-13T22:56:39.044Z
txInjected-total	0	2020-04-13T22:56:39.044Z
txApplied-average	0.06666666666666667	2020-04-13T22:56:39.044Z
txApplied-total	5	2020-04-13T22:56:39.044Z
txRejected-average	0	2020-04-13T22:56:39.044Z
txRejected-total	0	2020-04-13T22:56:39.044Z
txExpired-average	0	2020-04-13T22:56:39.044Z
txExpired-total	0	2020-04-13T22:56:39.044Z
txProcessed-average	0	2020-04-13T22:56:39.044Z
txProcessed-total	0	2020-04-13T22:56:39.044Z
queueLength-average	0.45	2020-04-13T22:56:39.044Z
queueLength-value	3	2020-04-13T22:56:39.044Z
serverLoad-average	0.006832015411116921	2020-04-13T22:56:39.044Z
serverLoad-value	0.030275555555555556	2020-04-13T22:56:39.044Z
txTimeInQueue-average	0.4642	2020-04-13T22:56:39.044Z
txInjected-average	0	2020-04-13T22:56:40.047Z
txInjected-total	0	2020-04-13T22:56:40.047Z
txApplied-average	0.06666666666666667	2020-04-13T22:56:40.047Z
txApplied-total	5	2020-04-13T22:56:40.047Z
txRejected-average	0	2020-04-13T22:56:40.047Z
txRejected-total	0	2020-04-13T22:56:40.047Z
txExpired-average	0	2020-04-13T22:56:40.047Z
txExpired-total	0	2020-04-13T22:56:40.047Z
txProcessed-average	0	2020-04-13T22:56:40.047Z
txProcessed-total	0	2020-04-13T22:56:40.047Z
queueLength-average	0.5166666666666667	2020-04-13T22:56:40.047Z
queueLength-value	4	2020-04-13T22:56:40.047Z
serverLoad-average	0.007347793188894699	2020-04-13T22:56:40.047Z
serverLoad-value	0.030946666666666667	2020-04-13T22:56:40.047Z
txTimeInQueue-average	0.48751666666666665	2020-04-13T22:56:40.047Z
txInjected-average	0	2020-04-13T22:56:41.047Z
txInjected-total	0	2020-04-13T22:56:41.047Z
txApplied-average	0.06666666666666667	2020-04-13T22:56:41.047Z
txApplied-total	5	2020-04-13T22:56:41.047Z
txRejected-average	0	2020-04-13T22:56:41.047Z
txRejected-total	0	2020-04-13T22:56:41.047Z
txExpired-average	0	2020-04-13T22:56:41.047Z
txExpired-total	0	2020-04-13T22:56:41.047Z
txProcessed-average	0	2020-04-13T22:56:41.047Z
txProcessed-total	0	2020-04-13T22:56:41.047Z
queueLength-average	0.6	2020-04-13T22:56:41.047Z
queueLength-value	5	2020-04-13T22:56:41.047Z
serverLoad-average	0.007889478374079885	2020-04-13T22:56:41.047Z
serverLoad-value	0.03250111111111111	2020-04-13T22:56:41.047Z
txTimeInQueue-average	0.5243166666666668	2020-04-13T22:56:41.047Z
txInjected-average	0	2020-04-13T22:56:42.047Z
txInjected-total	0	2020-04-13T22:56:42.047Z
txApplied-average	0.06666666666666667	2020-04-13T22:56:42.047Z
txApplied-total	5	2020-04-13T22:56:42.047Z
txRejected-average	0	2020-04-13T22:56:42.047Z
txRejected-total	0	2020-04-13T22:56:42.047Z
txExpired-average	0	2020-04-13T22:56:42.047Z
txExpired-total	0	2020-04-13T22:56:42.047Z
txProcessed-average	0	2020-04-13T22:56:42.047Z
txProcessed-total	0	2020-04-13T22:56:42.047Z
queueLength-average	0.7166666666666667	2020-04-13T22:56:42.047Z
queueLength-value	7	2020-04-13T22:56:42.047Z
serverLoad-average	0.00847205244815396	2020-04-13T22:56:42.047Z
serverLoad-value	0.03495444444444445	2020-04-13T22:56:42.047Z
txTimeInQueue-average	0.5677166666666666	2020-04-13T22:56:42.047Z
txInjected-average	0	2020-04-13T22:56:43.049Z
txInjected-total	0	2020-04-13T22:56:43.049Z
txApplied-average	0.06666666666666667	2020-04-13T22:56:43.049Z
txApplied-total	5	2020-04-13T22:56:43.049Z
txRejected-average	0	2020-04-13T22:56:43.049Z
txRejected-total	0	2020-04-13T22:56:43.049Z
txExpired-average	0	2020-04-13T22:56:43.049Z
txExpired-total	0	2020-04-13T22:56:43.049Z
txProcessed-average	0	2020-04-13T22:56:43.049Z
txProcessed-total	0	2020-04-13T22:56:43.049Z
queueLength-average	0.8333333333333334	2020-04-13T22:56:43.049Z
queueLength-value	7	2020-04-13T22:56:43.049Z
serverLoad-average	0.009102848744450255	2020-04-13T22:56:43.049Z
serverLoad-value	0.03784777777777778	2020-04-13T22:56:43.049Z
txTimeInQueue-average	0.6278166666666667	2020-04-13T22:56:43.049Z
txInjected-average	0	2020-04-13T22:56:44.049Z
txInjected-total	0	2020-04-13T22:56:44.049Z
txApplied-average	0.06666666666666667	2020-04-13T22:56:44.049Z
txApplied-total	5	2020-04-13T22:56:44.049Z
txRejected-average	0	2020-04-13T22:56:44.049Z
txRejected-total	0	2020-04-13T22:56:44.049Z
txExpired-average	0	2020-04-13T22:56:44.049Z
txExpired-total	0	2020-04-13T22:56:44.049Z
txProcessed-average	0	2020-04-13T22:56:44.049Z
txProcessed-total	0	2020-04-13T22:56:44.049Z
queueLength-average	0.95	2020-04-13T22:56:44.049Z
queueLength-value	7	2020-04-13T22:56:44.049Z
serverLoad-average	0.00980042281852433	2020-04-13T22:56:44.049Z
serverLoad-value	0.041854444444444444	2020-04-13T22:56:44.049Z
txTimeInQueue-average	0.7045833333333333	2020-04-13T22:56:44.049Z
txInjected-average	0	2020-04-13T22:56:45.050Z
txInjected-total	0	2020-04-13T22:56:45.050Z
txApplied-average	0.11666666666666667	2020-04-13T22:56:45.050Z
txApplied-total	8	2020-04-13T22:56:45.050Z
txRejected-average	0	2020-04-13T22:56:45.050Z
txRejected-total	0	2020-04-13T22:56:45.050Z
txExpired-average	0	2020-04-13T22:56:45.050Z
txExpired-total	0	2020-04-13T22:56:45.050Z
txProcessed-average	0	2020-04-13T22:56:45.050Z
txProcessed-total	0	2020-04-13T22:56:45.050Z
queueLength-average	1.0166666666666666	2020-04-13T22:56:45.050Z
queueLength-value	4	2020-04-13T22:56:45.050Z
serverLoad-average	0.010583293188894699	2020-04-13T22:56:45.050Z
serverLoad-value	0.04697222222222222	2020-04-13T22:56:45.050Z
txTimeInQueue-average	0.7838999999999999	2020-04-13T22:56:45.050Z
txInjected-average	0	2020-04-13T22:56:46.051Z
txInjected-total	0	2020-04-13T22:56:46.051Z
txApplied-average	0.13333333333333333	2020-04-13T22:56:46.051Z
txApplied-total	9	2020-04-13T22:56:46.051Z
txRejected-average	0	2020-04-13T22:56:46.051Z
txRejected-total	0	2020-04-13T22:56:46.051Z
txExpired-average	0	2020-04-13T22:56:46.051Z
txExpired-total	0	2020-04-13T22:56:46.051Z
txProcessed-average	0	2020-04-13T22:56:46.051Z
txProcessed-total	0	2020-04-13T22:56:46.051Z
queueLength-average	1.0666666666666667	2020-04-13T22:56:46.051Z
queueLength-value	3	2020-04-13T22:56:46.051Z
serverLoad-average	0.0114542931888947	2020-04-13T22:56:46.051Z
serverLoad-value	0.052259999999999994	2020-04-13T22:56:46.051Z
txTimeInQueue-average	0.8690583333333333	2020-04-13T22:56:46.051Z
txInjected-average	0	2020-04-13T22:56:47.051Z
txInjected-total	0	2020-04-13T22:56:47.051Z
txApplied-average	0.15	2020-04-13T22:56:47.051Z
txApplied-total	10	2020-04-13T22:56:47.051Z
txRejected-average	0	2020-04-13T22:56:47.051Z
txRejected-total	0	2020-04-13T22:56:47.051Z
txExpired-average	0	2020-04-13T22:56:47.051Z
txExpired-total	0	2020-04-13T22:56:47.051Z
txProcessed-average	0	2020-04-13T22:56:47.051Z
txProcessed-total	0	2020-04-13T22:56:47.051Z
queueLength-average	1.1	2020-04-13T22:56:47.051Z
queueLength-value	2	2020-04-13T22:56:47.051Z
serverLoad-average	0.012419913559265068	2020-04-13T22:56:47.051Z
serverLoad-value	0.057937222222222216	2020-04-13T22:56:47.051Z
txTimeInQueue-average	0.9600416666666667	2020-04-13T22:56:47.051Z
txInjected-average	0	2020-04-13T22:56:48.054Z
txInjected-total	0	2020-04-13T22:56:48.054Z
txApplied-average	0.18333333333333332	2020-04-13T22:56:48.054Z
txApplied-total	12	2020-04-13T22:56:48.054Z
txRejected-average	0	2020-04-13T22:56:48.054Z
txRejected-total	0	2020-04-13T22:56:48.054Z
txExpired-average	0	2020-04-13T22:56:48.054Z
txExpired-total	0	2020-04-13T22:56:48.054Z
txProcessed-average	0	2020-04-13T22:56:48.054Z
txProcessed-total	0	2020-04-13T22:56:48.054Z
queueLength-average	1.1	2020-04-13T22:56:48.054Z
queueLength-value	0	2020-04-13T22:56:48.054Z
serverLoad-average	0.013486626522228031	2020-04-13T22:56:48.054Z
serverLoad-value	0.06400277777777778	2020-04-13T22:56:48.054Z
txTimeInQueue-average	0.9600416666666667	2020-04-13T22:56:48.054Z
txInjected-average	0	2020-04-13T22:56:49.057Z
txInjected-total	0	2020-04-13T22:56:49.057Z
txApplied-average	0.18333333333333332	2020-04-13T22:56:49.057Z
txApplied-total	12	2020-04-13T22:56:49.057Z
txRejected-average	0	2020-04-13T22:56:49.057Z
txRejected-total	0	2020-04-13T22:56:49.057Z
txExpired-average	0	2020-04-13T22:56:49.057Z
txExpired-total	0	2020-04-13T22:56:49.057Z
txProcessed-average	0	2020-04-13T22:56:49.057Z
txProcessed-total	0	2020-04-13T22:56:49.057Z
queueLength-average	1.1	2020-04-13T22:56:49.057Z
queueLength-value	0	2020-04-13T22:56:49.057Z
serverLoad-average	0.014553339485190993	2020-04-13T22:56:49.057Z
serverLoad-value	0.06400277777777778	2020-04-13T22:56:49.057Z
txTimeInQueue-average	0.9600416666666667	2020-04-13T22:56:49.057Z
txInjected-average	0	2020-04-13T22:56:50.062Z
txInjected-total	0	2020-04-13T22:56:50.062Z
txApplied-average	0.18333333333333332	2020-04-13T22:56:50.062Z
txApplied-total	12	2020-04-13T22:56:50.062Z
txRejected-average	0	2020-04-13T22:56:50.062Z
txRejected-total	0	2020-04-13T22:56:50.062Z
txExpired-average	0	2020-04-13T22:56:50.062Z
txExpired-total	0	2020-04-13T22:56:50.062Z
txProcessed-average	0	2020-04-13T22:56:50.062Z
txProcessed-total	0	2020-04-13T22:56:50.062Z
queueLength-average	1.1	2020-04-13T22:56:50.062Z
queueLength-value	0	2020-04-13T22:56:50.062Z
serverLoad-average	0.015620052448153956	2020-04-13T22:56:50.062Z
serverLoad-value	0.06400277777777778	2020-04-13T22:56:50.062Z
txTimeInQueue-average	0.9600416666666667	2020-04-13T22:56:50.062Z
txInjected-average	0	2020-04-13T22:56:51.063Z
txInjected-total	0	2020-04-13T22:56:51.063Z
txApplied-average	0.18333333333333332	2020-04-13T22:56:51.063Z
txApplied-total	12	2020-04-13T22:56:51.063Z
txRejected-average	0	2020-04-13T22:56:51.063Z
txRejected-total	0	2020-04-13T22:56:51.063Z
txExpired-average	0	2020-04-13T22:56:51.063Z
txExpired-total	0	2020-04-13T22:56:51.063Z
txProcessed-average	0	2020-04-13T22:56:51.063Z
txProcessed-total	0	2020-04-13T22:56:51.063Z
queueLength-average	1.1166666666666667	2020-04-13T22:56:51.063Z
queueLength-value	1	2020-04-13T22:56:51.063Z
serverLoad-average	0.016686765411116918	2020-04-13T22:56:51.063Z
serverLoad-value	0.06400277777777778	2020-04-13T22:56:51.063Z
txTimeInQueue-average	0.962825	2020-04-13T22:56:51.063Z
txInjected-average	0	2020-04-13T22:56:52.063Z
txInjected-total	0	2020-04-13T22:56:52.063Z
txApplied-average	0.18333333333333332	2020-04-13T22:56:52.063Z
txApplied-total	12	2020-04-13T22:56:52.063Z
txRejected-average	0	2020-04-13T22:56:52.063Z
txRejected-total	0	2020-04-13T22:56:52.063Z
txExpired-average	0	2020-04-13T22:56:52.063Z
txExpired-total	0	2020-04-13T22:56:52.063Z
txProcessed-average	0	2020-04-13T22:56:52.063Z
txProcessed-total	0	2020-04-13T22:56:52.063Z
queueLength-average	1.15	2020-04-13T22:56:52.063Z
queueLength-value	2	2020-04-13T22:56:52.063Z
serverLoad-average	0.017756570966672474	2020-04-13T22:56:52.063Z
serverLoad-value	0.06418833333333333	2020-04-13T22:56:52.063Z
txTimeInQueue-average	0.982275	2020-04-13T22:56:52.063Z
txInjected-average	0.016666666666666666	2020-04-13T22:56:53.065Z
txInjected-total	1	2020-04-13T22:56:53.065Z
txApplied-average	0.18333333333333332	2020-04-13T22:56:53.065Z
txApplied-total	12	2020-04-13T22:56:53.065Z
txRejected-average	0	2020-04-13T22:56:53.065Z
txRejected-total	0	2020-04-13T22:56:53.065Z
txExpired-average	0	2020-04-13T22:56:53.065Z
txExpired-total	0	2020-04-13T22:56:53.065Z
txProcessed-average	0	2020-04-13T22:56:53.065Z
txProcessed-total	0	2020-04-13T22:56:53.065Z
queueLength-average	1.2	2020-04-13T22:56:53.065Z
queueLength-value	3	2020-04-13T22:56:53.065Z
serverLoad-average	0.018847987633339138	2020-04-13T22:56:53.065Z
serverLoad-value	0.065485	2020-04-13T22:56:53.065Z
txTimeInQueue-average	1.0115583333333333	2020-04-13T22:56:53.065Z
txInjected-average	0.016666666666666666	2020-04-13T22:56:54.066Z
txInjected-total	1	2020-04-13T22:56:54.066Z
txApplied-average	0.18333333333333332	2020-04-13T22:56:54.066Z
txApplied-total	12	2020-04-13T22:56:54.066Z
txRejected-average	0	2020-04-13T22:56:54.066Z
txRejected-total	0	2020-04-13T22:56:54.066Z
txExpired-average	0	2020-04-13T22:56:54.066Z
txExpired-total	0	2020-04-13T22:56:54.066Z
txProcessed-average	0	2020-04-13T22:56:54.066Z
txProcessed-total	0	2020-04-13T22:56:54.066Z
queueLength-average	1.25	2020-04-13T22:56:54.066Z
queueLength-value	3	2020-04-13T22:56:54.066Z
serverLoad-average	0.01997194133704284	2020-04-13T22:56:54.066Z
serverLoad-value	0.06743722222222222	2020-04-13T22:56:54.066Z
txTimeInQueue-average	1.057525	2020-04-13T22:56:54.066Z
txInjected-average	0.016666666666666666	2020-04-13T22:56:55.066Z
txInjected-total	1	2020-04-13T22:56:55.066Z
txApplied-average	0.18333333333333332	2020-04-13T22:56:55.066Z
txApplied-total	12	2020-04-13T22:56:55.066Z
txRejected-average	0	2020-04-13T22:56:55.066Z
txRejected-total	0	2020-04-13T22:56:55.066Z
txExpired-average	0	2020-04-13T22:56:55.066Z
txExpired-total	0	2020-04-13T22:56:55.066Z
txProcessed-average	0	2020-04-13T22:56:55.066Z
txProcessed-total	0	2020-04-13T22:56:55.066Z
queueLength-average	1.3	2020-04-13T22:56:55.066Z
queueLength-value	3	2020-04-13T22:56:55.066Z
serverLoad-average	0.02114696911482062	2020-04-13T22:56:55.066Z
serverLoad-value	0.07050166666666667	2020-04-13T22:56:55.066Z
txTimeInQueue-average	1.1201583333333334	2020-04-13T22:56:55.066Z
txInjected-average	0.016666666666666666	2020-04-13T22:56:56.068Z
txInjected-total	1	2020-04-13T22:56:56.068Z
txApplied-average	0.18333333333333332	2020-04-13T22:56:56.068Z
txApplied-total	12	2020-04-13T22:56:56.068Z
txRejected-average	0	2020-04-13T22:56:56.068Z
txRejected-total	0	2020-04-13T22:56:56.068Z
txExpired-average	0	2020-04-13T22:56:56.068Z
txExpired-total	0	2020-04-13T22:56:56.068Z
txProcessed-average	0	2020-04-13T22:56:56.068Z
txProcessed-total	0	2020-04-13T22:56:56.068Z
queueLength-average	1.3666666666666667	2020-04-13T22:56:56.068Z
queueLength-value	4	2020-04-13T22:56:56.068Z
serverLoad-average	0.02239158948519099	2020-04-13T22:56:56.068Z
serverLoad-value	0.07467722222222223	2020-04-13T22:56:56.068Z
txTimeInQueue-average	1.192625	2020-04-13T22:56:56.068Z
txInjected-average	0.016666666666666666	2020-04-13T22:56:57.072Z
txInjected-total	1	2020-04-13T22:56:57.072Z
txApplied-average	0.18333333333333332	2020-04-13T22:56:57.072Z
txApplied-total	12	2020-04-13T22:56:57.072Z
txRejected-average	0	2020-04-13T22:56:57.072Z
txRejected-total	0	2020-04-13T22:56:57.072Z
txExpired-average	0	2020-04-13T22:56:57.072Z
txExpired-total	0	2020-04-13T22:56:57.072Z
txProcessed-average	0	2020-04-13T22:56:57.072Z
txProcessed-total	0	2020-04-13T22:56:57.072Z
queueLength-average	1.4333333333333333	2020-04-13T22:56:57.072Z
queueLength-value	4	2020-04-13T22:56:57.072Z
serverLoad-average	0.02371672837407988	2020-04-13T22:56:57.072Z
serverLoad-value	0.07950833333333333	2020-04-13T22:56:57.072Z
txTimeInQueue-average	1.281825	2020-04-13T22:56:57.072Z
txInjected-average	0.016666666666666666	2020-04-13T22:56:58.073Z
txInjected-total	1	2020-04-13T22:56:58.073Z
txApplied-average	0.18333333333333332	2020-04-13T22:56:58.073Z
txApplied-total	12	2020-04-13T22:56:58.073Z
txRejected-average	0	2020-04-13T22:56:58.073Z
txRejected-total	0	2020-04-13T22:56:58.073Z
txExpired-average	0	2020-04-13T22:56:58.073Z
txExpired-total	0	2020-04-13T22:56:58.073Z
txProcessed-average	0	2020-04-13T22:56:58.073Z
txProcessed-total	0	2020-04-13T22:56:58.073Z
queueLength-average	1.5	2020-04-13T22:56:58.073Z
queueLength-value	4	2020-04-13T22:56:58.073Z
serverLoad-average	0.02514097837407988	2020-04-13T22:56:58.073Z
serverLoad-value	0.085455	2020-04-13T22:56:58.073Z
txTimeInQueue-average	1.3877249999999999	2020-04-13T22:56:58.073Z
txInjected-average	0.016666666666666666	2020-04-13T22:56:59.073Z
txInjected-total	1	2020-04-13T22:56:59.073Z
txApplied-average	0.18333333333333332	2020-04-13T22:56:59.073Z
txApplied-total	12	2020-04-13T22:56:59.073Z
txRejected-average	0	2020-04-13T22:56:59.073Z
txRejected-total	0	2020-04-13T22:56:59.073Z
txExpired-average	0	2020-04-13T22:56:59.073Z
txExpired-total	0	2020-04-13T22:56:59.073Z
txProcessed-average	0	2020-04-13T22:56:59.073Z
txProcessed-total	0	2020-04-13T22:56:59.073Z
queueLength-average	1.5666666666666667	2020-04-13T22:56:59.073Z
queueLength-value	4	2020-04-13T22:56:59.073Z
serverLoad-average	0.026682895040746547	2020-04-13T22:56:59.073Z
serverLoad-value	0.09251499999999999	2020-04-13T22:56:59.073Z
txTimeInQueue-average	1.510275	2020-04-13T22:56:59.073Z
txInjected-average	0.016666666666666666	2020-04-13T22:57:00.077Z
txInjected-total	1	2020-04-13T22:57:00.077Z
txApplied-average	0.18333333333333332	2020-04-13T22:57:00.077Z
txApplied-total	12	2020-04-13T22:57:00.077Z
txRejected-average	0	2020-04-13T22:57:00.077Z
txRejected-total	0	2020-04-13T22:57:00.077Z
txExpired-average	0	2020-04-13T22:57:00.077Z
txExpired-total	0	2020-04-13T22:57:00.077Z
txProcessed-average	0	2020-04-13T22:57:00.077Z
txProcessed-total	0	2020-04-13T22:57:00.077Z
queueLength-average	1.6333333333333333	2020-04-13T22:57:00.077Z
queueLength-value	4	2020-04-13T22:57:00.077Z
serverLoad-average	0.028360978374079877	2020-04-13T22:57:00.077Z
serverLoad-value	0.100685	2020-04-13T22:57:00.077Z
txTimeInQueue-average	1.6495583333333335	2020-04-13T22:57:00.077Z
txInjected-average	0.016666666666666666	2020-04-13T22:57:01.079Z
txInjected-total	1	2020-04-13T22:57:01.079Z
txApplied-average	0.18333333333333332	2020-04-13T22:57:01.079Z
txApplied-total	12	2020-04-13T22:57:01.079Z
txRejected-average	0	2020-04-13T22:57:01.079Z
txRejected-total	0	2020-04-13T22:57:01.079Z
txExpired-average	0	2020-04-13T22:57:01.079Z
txExpired-total	0	2020-04-13T22:57:01.079Z
txProcessed-average	0	2020-04-13T22:57:01.079Z
txProcessed-total	0	2020-04-13T22:57:01.079Z
queueLength-average	1.7	2020-04-13T22:57:01.079Z
queueLength-value	4	2020-04-13T22:57:01.079Z
serverLoad-average	0.030193820966672467	2020-04-13T22:57:01.079Z
serverLoad-value	0.10997055555555556	2020-04-13T22:57:01.079Z
txTimeInQueue-average	1.8055416666666668	2020-04-13T22:57:01.079Z
txInjected-average	0.016666666666666666	2020-04-13T22:57:02.079Z
txInjected-total	1	2020-04-13T22:57:02.079Z
txApplied-average	0.18333333333333332	2020-04-13T22:57:02.079Z
txApplied-total	12	2020-04-13T22:57:02.079Z
txRejected-average	0	2020-04-13T22:57:02.079Z
txRejected-total	0	2020-04-13T22:57:02.079Z
txExpired-average	0	2020-04-13T22:57:02.079Z
txExpired-total	0	2020-04-13T22:57:02.079Z
txProcessed-average	0	2020-04-13T22:57:02.079Z
txProcessed-total	0	2020-04-13T22:57:02.079Z
queueLength-average	1.7666666666666666	2020-04-13T22:57:02.079Z
queueLength-value	4	2020-04-13T22:57:02.079Z
serverLoad-average	0.032199978374079875	2020-04-13T22:57:02.079Z
serverLoad-value	0.12036944444444446	2020-04-13T22:57:02.079Z
txTimeInQueue-average	1.9781916666666666	2020-04-13T22:57:02.079Z
txInjected-average	0.016666666666666666	2020-04-13T22:57:03.081Z
txInjected-total	1	2020-04-13T22:57:03.081Z
txApplied-average	0.18333333333333332	2020-04-13T22:57:03.081Z
txApplied-total	12	2020-04-13T22:57:03.081Z
txRejected-average	0	2020-04-13T22:57:03.081Z
txRejected-total	0	2020-04-13T22:57:03.081Z
txExpired-average	0	2020-04-13T22:57:03.081Z
txExpired-total	0	2020-04-13T22:57:03.081Z
txProcessed-average	0	2020-04-13T22:57:03.081Z
txProcessed-total	0	2020-04-13T22:57:03.081Z
queueLength-average	1.8333333333333333	2020-04-13T22:57:03.081Z
queueLength-value	4	2020-04-13T22:57:03.081Z
serverLoad-average	0.03439796911482062	2020-04-13T22:57:03.081Z
serverLoad-value	0.13187944444444444	2020-04-13T22:57:03.081Z
txTimeInQueue-average	2.1675416666666667	2020-04-13T22:57:03.081Z
txInjected-average	0.016666666666666666	2020-04-13T22:57:04.081Z
txInjected-total	1	2020-04-13T22:57:04.081Z
txApplied-average	0.18333333333333332	2020-04-13T22:57:04.081Z
txApplied-total	12	2020-04-13T22:57:04.081Z
txRejected-average	0	2020-04-13T22:57:04.081Z
txRejected-total	0	2020-04-13T22:57:04.081Z
txExpired-average	0	2020-04-13T22:57:04.081Z
txExpired-total	0	2020-04-13T22:57:04.081Z
txProcessed-average	0	2020-04-13T22:57:04.081Z
txProcessed-total	0	2020-04-13T22:57:04.081Z
queueLength-average	1.9	2020-04-13T22:57:04.081Z
queueLength-value	4	2020-04-13T22:57:04.081Z
serverLoad-average	0.03680634874445025	2020-04-13T22:57:04.081Z
serverLoad-value	0.14450277777777779	2020-04-13T22:57:04.081Z
txTimeInQueue-average	2.3735583333333334	2020-04-13T22:57:04.081Z
txInjected-average	0.016666666666666666	2020-04-13T22:57:05.082Z
txInjected-total	1	2020-04-13T22:57:05.082Z
txApplied-average	0.18333333333333332	2020-04-13T22:57:05.082Z
txApplied-total	12	2020-04-13T22:57:05.082Z
txRejected-average	0	2020-04-13T22:57:05.082Z
txRejected-total	0	2020-04-13T22:57:05.082Z
txExpired-average	0	2020-04-13T22:57:05.082Z
txExpired-total	0	2020-04-13T22:57:05.082Z
txProcessed-average	0	2020-04-13T22:57:05.082Z
txProcessed-total	0	2020-04-13T22:57:05.082Z
queueLength-average	1.9666666666666666	2020-04-13T22:57:05.082Z
queueLength-value	4	2020-04-13T22:57:05.082Z
serverLoad-average	0.03944363578148728	2020-04-13T22:57:05.082Z
serverLoad-value	0.15823722222222222	2020-04-13T22:57:05.082Z
txTimeInQueue-average	2.596258333333333	2020-04-13T22:57:05.082Z
txInjected-average	0.016666666666666666	2020-04-13T22:57:06.082Z
txInjected-total	1	2020-04-13T22:57:06.082Z
txApplied-average	0.21666666666666667	2020-04-13T22:57:06.082Z
txApplied-total	14	2020-04-13T22:57:06.082Z
txRejected-average	0	2020-04-13T22:57:06.082Z
txRejected-total	0	2020-04-13T22:57:06.082Z
txExpired-average	0	2020-04-13T22:57:06.082Z
txExpired-total	0	2020-04-13T22:57:06.082Z
txProcessed-average	0	2020-04-13T22:57:06.082Z
txProcessed-total	0	2020-04-13T22:57:06.082Z
queueLength-average	1.9833333333333334	2020-04-13T22:57:06.082Z
queueLength-value	1	2020-04-13T22:57:06.082Z
serverLoad-average	0.042328367262968764	2020-04-13T22:57:06.082Z
serverLoad-value	0.17308388888888887	2020-04-13T22:57:06.082Z
txTimeInQueue-average	2.7687916666666665	2020-04-13T22:57:06.082Z
txInjected-average	0.016666666666666666	2020-04-13T22:57:07.083Z
txInjected-total	1	2020-04-13T22:57:07.083Z
txApplied-average	0.23333333333333334	2020-04-13T22:57:07.083Z
txApplied-total	15	2020-04-13T22:57:07.083Z
txRejected-average	0	2020-04-13T22:57:07.083Z
txRejected-total	0	2020-04-13T22:57:07.083Z
txExpired-average	0	2020-04-13T22:57:07.083Z
txExpired-total	0	2020-04-13T22:57:07.083Z
txProcessed-average	0	2020-04-13T22:57:07.083Z
txProcessed-total	0	2020-04-13T22:57:07.083Z
queueLength-average	1.9833333333333334	2020-04-13T22:57:07.083Z
queueLength-value	0	2020-04-13T22:57:07.083Z
serverLoad-average	0.045404802448153946	2020-04-13T22:57:07.083Z
serverLoad-value	0.1845861111111111	2020-04-13T22:57:07.083Z
txTimeInQueue-average	2.7687916666666665	2020-04-13T22:57:07.083Z
txInjected-average	0.016666666666666666	2020-04-13T22:57:08.087Z
txInjected-total	1	2020-04-13T22:57:08.087Z
txApplied-average	0.23333333333333334	2020-04-13T22:57:08.087Z
txApplied-total	15	2020-04-13T22:57:08.087Z
txRejected-average	0	2020-04-13T22:57:08.087Z
txRejected-total	0	2020-04-13T22:57:08.087Z
txExpired-average	0	2020-04-13T22:57:08.087Z
txExpired-total	0	2020-04-13T22:57:08.087Z
txProcessed-average	0	2020-04-13T22:57:08.087Z
txProcessed-total	0	2020-04-13T22:57:08.087Z
queueLength-average	1.9833333333333334	2020-04-13T22:57:08.087Z
queueLength-value	0	2020-04-13T22:57:08.087Z
serverLoad-average	0.04848123763333913	2020-04-13T22:57:08.087Z
serverLoad-value	0.1845861111111111	2020-04-13T22:57:08.087Z
txTimeInQueue-average	2.7687916666666665	2020-04-13T22:57:08.087Z
txInjected-average	0.016666666666666666	2020-04-13T22:57:09.092Z
txInjected-total	1	2020-04-13T22:57:09.092Z
txApplied-average	0.23333333333333334	2020-04-13T22:57:09.092Z
txApplied-total	15	2020-04-13T22:57:09.092Z
txRejected-average	0	2020-04-13T22:57:09.092Z
txRejected-total	0	2020-04-13T22:57:09.092Z
txExpired-average	0	2020-04-13T22:57:09.092Z
txExpired-total	0	2020-04-13T22:57:09.092Z
txProcessed-average	0	2020-04-13T22:57:09.092Z
txProcessed-total	0	2020-04-13T22:57:09.092Z
queueLength-average	1.9833333333333334	2020-04-13T22:57:09.092Z
queueLength-value	0	2020-04-13T22:57:09.092Z
serverLoad-average	0.05155767281852431	2020-04-13T22:57:09.092Z
serverLoad-value	0.1845861111111111	2020-04-13T22:57:09.092Z
txTimeInQueue-average	2.7687916666666665	2020-04-13T22:57:09.092Z
txInjected-average	0.016666666666666666	2020-04-13T22:57:10.093Z
txInjected-total	1	2020-04-13T22:57:10.093Z
txApplied-average	0.23333333333333334	2020-04-13T22:57:10.093Z
txApplied-total	15	2020-04-13T22:57:10.093Z
txRejected-average	0	2020-04-13T22:57:10.093Z
txRejected-total	0	2020-04-13T22:57:10.093Z
txExpired-average	0	2020-04-13T22:57:10.093Z
txExpired-total	0	2020-04-13T22:57:10.093Z
txProcessed-average	0	2020-04-13T22:57:10.093Z
txProcessed-total	0	2020-04-13T22:57:10.093Z
queueLength-average	1.9833333333333334	2020-04-13T22:57:10.093Z
queueLength-value	0	2020-04-13T22:57:10.093Z
serverLoad-average	0.05463410800370949	2020-04-13T22:57:10.093Z
serverLoad-value	0.1845861111111111	2020-04-13T22:57:10.093Z
txTimeInQueue-average	2.7687916666666665	2020-04-13T22:57:10.093Z
txInjected-average	0.016666666666666666	2020-04-13T22:57:11.094Z
txInjected-total	1	2020-04-13T22:57:11.094Z
txApplied-average	0.23333333333333334	2020-04-13T22:57:11.094Z
txApplied-total	15	2020-04-13T22:57:11.094Z
txRejected-average	0	2020-04-13T22:57:11.094Z
txRejected-total	0	2020-04-13T22:57:11.094Z
txExpired-average	0	2020-04-13T22:57:11.094Z
txExpired-total	0	2020-04-13T22:57:11.094Z
txProcessed-average	0	2020-04-13T22:57:11.094Z
txProcessed-total	0	2020-04-13T22:57:11.094Z
queueLength-average	1.9833333333333334	2020-04-13T22:57:11.094Z
queueLength-value	0	2020-04-13T22:57:11.094Z
serverLoad-average	0.057710543188894674	2020-04-13T22:57:11.094Z
serverLoad-value	0.1845861111111111	2020-04-13T22:57:11.094Z
txTimeInQueue-average	2.7687916666666665	2020-04-13T22:57:11.094Z
txInjected-average	0.016666666666666666	2020-04-13T22:57:12.095Z
txInjected-total	1	2020-04-13T22:57:12.095Z
txApplied-average	0.23333333333333334	2020-04-13T22:57:12.095Z
txApplied-total	15	2020-04-13T22:57:12.095Z
txRejected-average	0	2020-04-13T22:57:12.095Z
txRejected-total	0	2020-04-13T22:57:12.095Z
txExpired-average	0	2020-04-13T22:57:12.095Z
txExpired-total	0	2020-04-13T22:57:12.095Z
txProcessed-average	0	2020-04-13T22:57:12.095Z
txProcessed-total	0	2020-04-13T22:57:12.095Z
queueLength-average	1.9833333333333334	2020-04-13T22:57:12.095Z
queueLength-value	0	2020-04-13T22:57:12.095Z
serverLoad-average	0.060786978374079856	2020-04-13T22:57:12.095Z
serverLoad-value	0.1845861111111111	2020-04-13T22:57:12.095Z
txTimeInQueue-average	2.7687916666666665	2020-04-13T22:57:12.095Z
txInjected-average	0.016666666666666666	2020-04-13T22:57:13.097Z
txInjected-total	1	2020-04-13T22:57:13.097Z
txApplied-average	0.23333333333333334	2020-04-13T22:57:13.097Z
txApplied-total	15	2020-04-13T22:57:13.097Z
txRejected-average	0	2020-04-13T22:57:13.097Z
txRejected-total	0	2020-04-13T22:57:13.097Z
txExpired-average	0	2020-04-13T22:57:13.097Z
txExpired-total	0	2020-04-13T22:57:13.097Z
txProcessed-average	0	2020-04-13T22:57:13.097Z
txProcessed-total	0	2020-04-13T22:57:13.097Z
queueLength-average	1.9833333333333334	2020-04-13T22:57:13.097Z
queueLength-value	0	2020-04-13T22:57:13.097Z
serverLoad-average	0.06386341355926503	2020-04-13T22:57:13.097Z
serverLoad-value	0.1845861111111111	2020-04-13T22:57:13.097Z
txTimeInQueue-average	2.7687916666666665	2020-04-13T22:57:13.097Z
txInjected-average	0.016666666666666666	2020-04-13T22:57:14.100Z
txInjected-total	1	2020-04-13T22:57:14.100Z
txApplied-average	0.23333333333333334	2020-04-13T22:57:14.100Z
txApplied-total	15	2020-04-13T22:57:14.100Z
txRejected-average	0	2020-04-13T22:57:14.100Z
txRejected-total	0	2020-04-13T22:57:14.100Z
txExpired-average	0	2020-04-13T22:57:14.100Z
txExpired-total	0	2020-04-13T22:57:14.100Z
txProcessed-average	0	2020-04-13T22:57:14.100Z
txProcessed-total	0	2020-04-13T22:57:14.100Z
queueLength-average	1.9833333333333334	2020-04-13T22:57:14.100Z
queueLength-value	0	2020-04-13T22:57:14.100Z
serverLoad-average	0.06693984874445022	2020-04-13T22:57:14.100Z
serverLoad-value	0.1845861111111111	2020-04-13T22:57:14.100Z
txTimeInQueue-average	2.7687916666666665	2020-04-13T22:57:14.100Z
txInjected-average	0.016666666666666666	2020-04-13T22:57:15.104Z
txInjected-total	1	2020-04-13T22:57:15.104Z
txApplied-average	0.23333333333333334	2020-04-13T22:57:15.104Z
txApplied-total	15	2020-04-13T22:57:15.104Z
txRejected-average	0	2020-04-13T22:57:15.104Z
txRejected-total	0	2020-04-13T22:57:15.104Z
txExpired-average	0	2020-04-13T22:57:15.104Z
txExpired-total	0	2020-04-13T22:57:15.104Z
txProcessed-average	0	2020-04-13T22:57:15.104Z
txProcessed-total	0	2020-04-13T22:57:15.104Z
queueLength-average	1.9833333333333334	2020-04-13T22:57:15.104Z
queueLength-value	0	2020-04-13T22:57:15.104Z
serverLoad-average	0.07001628392963541	2020-04-13T22:57:15.104Z
serverLoad-value	0.1845861111111111	2020-04-13T22:57:15.104Z
txTimeInQueue-average	2.7687916666666665	2020-04-13T22:57:15.104Z
txInjected-average	0.016666666666666666	2020-04-13T22:57:16.107Z
txInjected-total	1	2020-04-13T22:57:16.107Z
txApplied-average	0.23333333333333334	2020-04-13T22:57:16.107Z
txApplied-total	15	2020-04-13T22:57:16.107Z
txRejected-average	0	2020-04-13T22:57:16.107Z
txRejected-total	0	2020-04-13T22:57:16.107Z
txExpired-average	0	2020-04-13T22:57:16.107Z
txExpired-total	0	2020-04-13T22:57:16.107Z
txProcessed-average	0	2020-04-13T22:57:16.107Z
txProcessed-total	0	2020-04-13T22:57:16.107Z
queueLength-average	1.9833333333333334	2020-04-13T22:57:16.107Z
queueLength-value	0	2020-04-13T22:57:16.107Z
serverLoad-average	0.07309271911482058	2020-04-13T22:57:16.107Z
serverLoad-value	0.1845861111111111	2020-04-13T22:57:16.107Z
txTimeInQueue-average	2.7687916666666665	2020-04-13T22:57:16.107Z
txInjected-average	0.016666666666666666	2020-04-13T22:57:17.113Z
txInjected-total	1	2020-04-13T22:57:17.113Z
txApplied-average	0.23333333333333334	2020-04-13T22:57:17.113Z
txApplied-total	15	2020-04-13T22:57:17.113Z
txRejected-average	0	2020-04-13T22:57:17.113Z
txRejected-total	0	2020-04-13T22:57:17.113Z
txExpired-average	0	2020-04-13T22:57:17.113Z
txExpired-total	0	2020-04-13T22:57:17.113Z
txProcessed-average	0	2020-04-13T22:57:17.113Z
txProcessed-total	0	2020-04-13T22:57:17.113Z
queueLength-average	1.9833333333333334	2020-04-13T22:57:17.113Z
queueLength-value	0	2020-04-13T22:57:17.113Z
serverLoad-average	0.07616915430000577	2020-04-13T22:57:17.113Z
serverLoad-value	0.1845861111111111	2020-04-13T22:57:17.113Z
txTimeInQueue-average	2.7687916666666665	2020-04-13T22:57:17.113Z
txInjected-average	0.016666666666666666	2020-04-13T22:57:18.115Z
txInjected-total	1	2020-04-13T22:57:18.115Z
txApplied-average	0.23333333333333334	2020-04-13T22:57:18.115Z
txApplied-total	15	2020-04-13T22:57:18.115Z
txRejected-average	0	2020-04-13T22:57:18.115Z
txRejected-total	0	2020-04-13T22:57:18.115Z
txExpired-average	0	2020-04-13T22:57:18.115Z
txExpired-total	0	2020-04-13T22:57:18.115Z
txProcessed-average	0	2020-04-13T22:57:18.115Z
txProcessed-total	0	2020-04-13T22:57:18.115Z
queueLength-average	1.9833333333333334	2020-04-13T22:57:18.115Z
queueLength-value	0	2020-04-13T22:57:18.115Z
serverLoad-average	0.07924558948519095	2020-04-13T22:57:18.115Z
serverLoad-value	0.1845861111111111	2020-04-13T22:57:18.115Z
txTimeInQueue-average	2.7687916666666665	2020-04-13T22:57:18.115Z
txInjected-average	0.016666666666666666	2020-04-13T22:57:19.115Z
txInjected-total	1	2020-04-13T22:57:19.115Z
txApplied-average	0.23333333333333334	2020-04-13T22:57:19.115Z
txApplied-total	15	2020-04-13T22:57:19.115Z
txRejected-average	0	2020-04-13T22:57:19.115Z
txRejected-total	0	2020-04-13T22:57:19.115Z
txExpired-average	0	2020-04-13T22:57:19.115Z
txExpired-total	0	2020-04-13T22:57:19.115Z
txProcessed-average	0	2020-04-13T22:57:19.115Z
txProcessed-total	0	2020-04-13T22:57:19.115Z
queueLength-average	1.9833333333333334	2020-04-13T22:57:19.115Z
queueLength-value	0	2020-04-13T22:57:19.115Z
serverLoad-average	0.08232202467037614	2020-04-13T22:57:19.115Z
serverLoad-value	0.1845861111111111	2020-04-13T22:57:19.115Z
txTimeInQueue-average	2.7687916666666665	2020-04-13T22:57:19.115Z
txInjected-average	0.016666666666666666	2020-04-13T22:57:20.119Z
txInjected-total	1	2020-04-13T22:57:20.119Z
txApplied-average	0.23333333333333334	2020-04-13T22:57:20.119Z
txApplied-total	15	2020-04-13T22:57:20.119Z
txRejected-average	0	2020-04-13T22:57:20.119Z
txRejected-total	0	2020-04-13T22:57:20.119Z
txExpired-average	0	2020-04-13T22:57:20.119Z
txExpired-total	0	2020-04-13T22:57:20.119Z
txProcessed-average	0	2020-04-13T22:57:20.119Z
txProcessed-total	0	2020-04-13T22:57:20.119Z
queueLength-average	1.9666666666666666	2020-04-13T22:57:20.119Z
queueLength-value	0	2020-04-13T22:57:20.119Z
serverLoad-average	0.08539845985556131	2020-04-13T22:57:20.119Z
serverLoad-value	0.1845861111111111	2020-04-13T22:57:20.119Z
txTimeInQueue-average	2.7642083333333334	2020-04-13T22:57:20.119Z
txInjected-average	0.016666666666666666	2020-04-13T22:57:21.123Z
txInjected-total	1	2020-04-13T22:57:21.123Z
txApplied-average	0.23333333333333334	2020-04-13T22:57:21.123Z
txApplied-total	15	2020-04-13T22:57:21.123Z
txRejected-average	0	2020-04-13T22:57:21.123Z
txRejected-total	0	2020-04-13T22:57:21.123Z
txExpired-average	0	2020-04-13T22:57:21.123Z
txExpired-total	0	2020-04-13T22:57:21.123Z
txProcessed-average	0	2020-04-13T22:57:21.123Z
txProcessed-total	0	2020-04-13T22:57:21.123Z
queueLength-average	1.95	2020-04-13T22:57:21.123Z
queueLength-value	0	2020-04-13T22:57:21.123Z
serverLoad-average	0.08845313578148724	2020-04-13T22:57:21.123Z
serverLoad-value	0.18428055555555556	2020-04-13T22:57:21.123Z
txTimeInQueue-average	2.742858333333333	2020-04-13T22:57:21.123Z
txInjected-average	0.016666666666666666	2020-04-13T22:57:22.124Z
txInjected-total	1	2020-04-13T22:57:22.124Z
txApplied-average	0.23333333333333334	2020-04-13T22:57:22.124Z
txApplied-total	15	2020-04-13T22:57:22.124Z
txRejected-average	0	2020-04-13T22:57:22.124Z
txRejected-total	0	2020-04-13T22:57:22.124Z
txExpired-average	0	2020-04-13T22:57:22.124Z
txExpired-total	0	2020-04-13T22:57:22.124Z
txProcessed-average	0	2020-04-13T22:57:22.124Z
txProcessed-total	0	2020-04-13T22:57:22.124Z
queueLength-average	1.9166666666666667	2020-04-13T22:57:22.124Z
queueLength-value	0	2020-04-13T22:57:22.124Z
serverLoad-average	0.091470424767842	2020-04-13T22:57:22.124Z
serverLoad-value	0.1828572222222222	2020-04-13T22:57:22.124Z
txTimeInQueue-average	2.704841666666667	2020-04-13T22:57:22.124Z
txInjected-average	0.016666666666666666	2020-04-13T22:57:23.124Z
txInjected-total	1	2020-04-13T22:57:23.124Z
txApplied-average	0.23333333333333334	2020-04-13T22:57:23.124Z
txApplied-total	15	2020-04-13T22:57:23.124Z
txRejected-average	0	2020-04-13T22:57:23.124Z
txRejected-total	0	2020-04-13T22:57:23.124Z
txExpired-average	0	2020-04-13T22:57:23.124Z
txExpired-total	0	2020-04-13T22:57:23.124Z
txProcessed-average	0	2020-04-13T22:57:23.124Z
txProcessed-total	0	2020-04-13T22:57:23.124Z
queueLength-average	1.85	2020-04-13T22:57:23.124Z
queueLength-value	0	2020-04-13T22:57:23.124Z
serverLoad-average	0.0944022986503452	2020-04-13T22:57:23.124Z
serverLoad-value	0.18032277777777778	2020-04-13T22:57:23.124Z
txTimeInQueue-average	2.6777083333333334	2020-04-13T22:57:23.124Z
txInjected-average	0.016666666666666666	2020-04-13T22:57:24.127Z
txInjected-total	1	2020-04-13T22:57:24.127Z
txApplied-average	0.23333333333333334	2020-04-13T22:57:24.127Z
txApplied-total	15	2020-04-13T22:57:24.127Z
txRejected-average	0	2020-04-13T22:57:24.127Z
txRejected-total	0	2020-04-13T22:57:24.127Z
txExpired-average	0	2020-04-13T22:57:24.127Z
txExpired-total	0	2020-04-13T22:57:24.127Z
txProcessed-average	0	2020-04-13T22:57:24.127Z
txProcessed-total	0	2020-04-13T22:57:24.127Z
queueLength-average	1.7833333333333334	2020-04-13T22:57:24.127Z
queueLength-value	0	2020-04-13T22:57:24.127Z
serverLoad-average	0.09727461111111106	2020-04-13T22:57:24.127Z
serverLoad-value	0.1785138888888889	2020-04-13T22:57:24.127Z
txTimeInQueue-average	2.633875	2020-04-13T22:57:24.127Z
txInjected-average	0.016666666666666666	2020-04-13T22:57:25.131Z
txInjected-total	1	2020-04-13T22:57:25.131Z
txApplied-average	0.23333333333333334	2020-04-13T22:57:25.131Z
txApplied-total	15	2020-04-13T22:57:25.131Z
txRejected-average	0	2020-04-13T22:57:25.131Z
txRejected-total	0	2020-04-13T22:57:25.131Z
txExpired-average	0	2020-04-13T22:57:25.131Z
txExpired-total	0	2020-04-13T22:57:25.131Z
txProcessed-average	0	2020-04-13T22:57:25.131Z
txProcessed-total	0	2020-04-13T22:57:25.131Z
queueLength-average	1.7166666666666666	2020-04-13T22:57:25.131Z
queueLength-value	0	2020-04-13T22:57:25.131Z
serverLoad-average	0.10005123148148143	2020-04-13T22:57:25.131Z
serverLoad-value	0.17559166666666667	2020-04-13T22:57:25.131Z
txTimeInQueue-average	2.573358333333333	2020-04-13T22:57:25.131Z
txInjected-average	0.016666666666666666	2020-04-13T22:57:26.136Z
txInjected-total	1	2020-04-13T22:57:26.136Z
txApplied-average	0.21666666666666667	2020-04-13T22:57:26.136Z
txApplied-total	15	2020-04-13T22:57:26.136Z
txRejected-average	0	2020-04-13T22:57:26.136Z
txRejected-total	0	2020-04-13T22:57:26.136Z
txExpired-average	0	2020-04-13T22:57:26.136Z
txExpired-total	0	2020-04-13T22:57:26.136Z
txProcessed-average	0	2020-04-13T22:57:26.136Z
txProcessed-total	0	2020-04-13T22:57:26.136Z
queueLength-average	1.6666666666666667	2020-04-13T22:57:26.136Z
queueLength-value	0	2020-04-13T22:57:26.136Z
serverLoad-average	0.10269337037037034	2020-04-13T22:57:26.136Z
serverLoad-value	0.17155722222222222	2020-04-13T22:57:26.136Z
txTimeInQueue-average	2.501891666666667	2020-04-13T22:57:26.136Z
txInjected-average	0.016666666666666666	2020-04-13T22:57:27.137Z
txInjected-total	1	2020-04-13T22:57:27.137Z
txApplied-average	0.21666666666666667	2020-04-13T22:57:27.137Z
txApplied-total	15	2020-04-13T22:57:27.137Z
txRejected-average	0	2020-04-13T22:57:27.137Z
txRejected-total	0	2020-04-13T22:57:27.137Z
txExpired-average	0	2020-04-13T22:57:27.137Z
txExpired-total	0	2020-04-13T22:57:27.137Z
txProcessed-average	0	2020-04-13T22:57:27.137Z
txProcessed-total	0	2020-04-13T22:57:27.137Z
queueLength-average	1.6166666666666667	2020-04-13T22:57:27.137Z
queueLength-value	0	2020-04-13T22:57:27.137Z
serverLoad-average	0.10517669444444441	2020-04-13T22:57:27.137Z
serverLoad-value	0.1667927777777778	2020-04-13T22:57:27.137Z
txTimeInQueue-average	2.4137750000000002	2020-04-13T22:57:27.137Z
txInjected-average	0.016666666666666666	2020-04-13T22:57:28.137Z
txInjected-total	1	2020-04-13T22:57:28.137Z
txApplied-average	0.2	2020-04-13T22:57:28.137Z
txApplied-total	15	2020-04-13T22:57:28.137Z
txRejected-average	0	2020-04-13T22:57:28.137Z
txRejected-total	0	2020-04-13T22:57:28.137Z
txExpired-average	0	2020-04-13T22:57:28.137Z
txExpired-total	0	2020-04-13T22:57:28.137Z
txProcessed-average	0	2020-04-13T22:57:28.137Z
txProcessed-total	0	2020-04-13T22:57:28.137Z
queueLength-average	1.5833333333333333	2020-04-13T22:57:28.137Z
queueLength-value	0	2020-04-13T22:57:28.137Z
serverLoad-average	0.10746420370370367	2020-04-13T22:57:28.137Z
serverLoad-value	0.16091833333333336	2020-04-13T22:57:28.137Z
txTimeInQueue-average	2.3146583333333335	2020-04-13T22:57:28.137Z
txInjected-average	0.016666666666666666	2020-04-13T22:57:29.142Z
txInjected-total	1	2020-04-13T22:57:29.142Z
txApplied-average	0.16666666666666666	2020-04-13T22:57:29.142Z
txApplied-total	15	2020-04-13T22:57:29.142Z
txRejected-average	0	2020-04-13T22:57:29.142Z
txRejected-total	0	2020-04-13T22:57:29.142Z
txExpired-average	0	2020-04-13T22:57:29.142Z
txExpired-total	0	2020-04-13T22:57:29.142Z
txProcessed-average	0	2020-04-13T22:57:29.142Z
txProcessed-total	0	2020-04-13T22:57:29.142Z
queueLength-average	1.5833333333333333	2020-04-13T22:57:29.142Z
queueLength-value	0	2020-04-13T22:57:29.142Z
serverLoad-average	0.10953145370370368	2020-04-13T22:57:29.142Z
serverLoad-value	0.15431055555555556	2020-04-13T22:57:29.142Z
txTimeInQueue-average	2.3146583333333335	2020-04-13T22:57:29.142Z
txInjected-average	0.016666666666666666	2020-04-13T22:57:30.143Z
txInjected-total	1	2020-04-13T22:57:30.143Z
txApplied-average	0.16666666666666666	2020-04-13T22:57:30.143Z
txApplied-total	15	2020-04-13T22:57:30.143Z
txRejected-average	0	2020-04-13T22:57:30.143Z
txRejected-total	0	2020-04-13T22:57:30.143Z
txExpired-average	0	2020-04-13T22:57:30.143Z
txExpired-total	0	2020-04-13T22:57:30.143Z
txProcessed-average	0	2020-04-13T22:57:30.143Z
txProcessed-total	0	2020-04-13T22:57:30.143Z
queueLength-average	1.5833333333333333	2020-04-13T22:57:30.143Z
queueLength-value	0	2020-04-13T22:57:30.143Z
serverLoad-average	0.11159870370370367	2020-04-13T22:57:30.143Z
serverLoad-value	0.15431055555555556	2020-04-13T22:57:30.143Z
txTimeInQueue-average	2.3146583333333335	2020-04-13T22:57:30.143Z
txInjected-average	0.016666666666666666	2020-04-13T22:57:31.146Z
txInjected-total	1	2020-04-13T22:57:31.146Z
txApplied-average	0.16666666666666666	2020-04-13T22:57:31.146Z
txApplied-total	15	2020-04-13T22:57:31.146Z
txRejected-average	0	2020-04-13T22:57:31.146Z
txRejected-total	0	2020-04-13T22:57:31.146Z
txExpired-average	0	2020-04-13T22:57:31.146Z
txExpired-total	0	2020-04-13T22:57:31.146Z
txProcessed-average	0	2020-04-13T22:57:31.146Z
txProcessed-total	0	2020-04-13T22:57:31.146Z
queueLength-average	1.5833333333333333	2020-04-13T22:57:31.146Z
queueLength-value	0	2020-04-13T22:57:31.146Z
serverLoad-average	0.11366595370370368	2020-04-13T22:57:31.146Z
serverLoad-value	0.15431055555555556	2020-04-13T22:57:31.146Z
txTimeInQueue-average	2.3146583333333335	2020-04-13T22:57:31.146Z
txInjected-average	0.016666666666666666	2020-04-13T22:57:32.151Z
txInjected-total	1	2020-04-13T22:57:32.151Z
txApplied-average	0.16666666666666666	2020-04-13T22:57:32.151Z
txApplied-total	15	2020-04-13T22:57:32.151Z
txRejected-average	0	2020-04-13T22:57:32.151Z
txRejected-total	0	2020-04-13T22:57:32.151Z
txExpired-average	0	2020-04-13T22:57:32.151Z
txExpired-total	0	2020-04-13T22:57:32.151Z
txProcessed-average	0	2020-04-13T22:57:32.151Z
txProcessed-total	0	2020-04-13T22:57:32.151Z
queueLength-average	1.5833333333333333	2020-04-13T22:57:32.151Z
queueLength-value	0	2020-04-13T22:57:32.151Z
serverLoad-average	0.11573320370370367	2020-04-13T22:57:32.151Z
serverLoad-value	0.15431055555555556	2020-04-13T22:57:32.151Z
txTimeInQueue-average	2.3146583333333335	2020-04-13T22:57:32.151Z
