Name	Value	Time
txInjected-average	0	2020-04-13T22:55:24.863Z
txInjected-total	0	2020-04-13T22:55:24.863Z
txApplied-average	1	2020-04-13T22:55:24.863Z
txApplied-total	1	2020-04-13T22:55:24.863Z
txRejected-average	0	2020-04-13T22:55:24.863Z
txRejected-total	0	2020-04-13T22:55:24.863Z
txExpired-average	0	2020-04-13T22:55:24.863Z
txExpired-total	0	2020-04-13T22:55:24.863Z
txProcessed-average	0	2020-04-13T22:55:24.863Z
txProcessed-total	0	2020-04-13T22:55:24.863Z
queueLength-average	0	2020-04-13T22:55:24.863Z
queueLength-value	0	2020-04-13T22:55:24.863Z
serverLoad-average	0	2020-04-13T22:55:24.863Z
serverLoad-value	0	2020-04-13T22:55:24.863Z
txTimeInQueue-average	0	2020-04-13T22:55:24.863Z
txInjected-average	0	2020-04-13T22:55:25.867Z
txInjected-total	0	2020-04-13T22:55:25.867Z
txApplied-average	0.5	2020-04-13T22:55:25.867Z
txApplied-total	1	2020-04-13T22:55:25.867Z
txRejected-average	0	2020-04-13T22:55:25.867Z
txRejected-total	0	2020-04-13T22:55:25.867Z
txExpired-average	0	2020-04-13T22:55:25.867Z
txExpired-total	0	2020-04-13T22:55:25.867Z
txProcessed-average	0	2020-04-13T22:55:25.867Z
txProcessed-total	0	2020-04-13T22:55:25.867Z
queueLength-average	0	2020-04-13T22:55:25.867Z
queueLength-value	0	2020-04-13T22:55:25.867Z
serverLoad-average	0	2020-04-13T22:55:25.867Z
serverLoad-value	0	2020-04-13T22:55:25.867Z
txTimeInQueue-average	0	2020-04-13T22:55:25.867Z
txInjected-average	0	2020-04-13T22:55:26.869Z
txInjected-total	0	2020-04-13T22:55:26.869Z
txApplied-average	0.3333333333333333	2020-04-13T22:55:26.869Z
txApplied-total	1	2020-04-13T22:55:26.869Z
txRejected-average	0	2020-04-13T22:55:26.869Z
txRejected-total	0	2020-04-13T22:55:26.869Z
txExpired-average	0	2020-04-13T22:55:26.869Z
txExpired-total	0	2020-04-13T22:55:26.869Z
txProcessed-average	0	2020-04-13T22:55:26.869Z
txProcessed-total	0	2020-04-13T22:55:26.869Z
queueLength-average	0	2020-04-13T22:55:26.869Z
queueLength-value	0	2020-04-13T22:55:26.869Z
serverLoad-average	0	2020-04-13T22:55:26.869Z
serverLoad-value	0	2020-04-13T22:55:26.869Z
txTimeInQueue-average	0	2020-04-13T22:55:26.869Z
txInjected-average	0	2020-04-13T22:55:27.872Z
txInjected-total	0	2020-04-13T22:55:27.872Z
txApplied-average	0.25	2020-04-13T22:55:27.872Z
txApplied-total	1	2020-04-13T22:55:27.872Z
txRejected-average	0	2020-04-13T22:55:27.872Z
txRejected-total	0	2020-04-13T22:55:27.872Z
txExpired-average	0	2020-04-13T22:55:27.872Z
txExpired-total	0	2020-04-13T22:55:27.872Z
txProcessed-average	0	2020-04-13T22:55:27.872Z
txProcessed-total	0	2020-04-13T22:55:27.872Z
queueLength-average	0	2020-04-13T22:55:27.872Z
queueLength-value	0	2020-04-13T22:55:27.872Z
serverLoad-average	0	2020-04-13T22:55:27.872Z
serverLoad-value	0	2020-04-13T22:55:27.872Z
txTimeInQueue-average	0	2020-04-13T22:55:27.872Z
txInjected-average	0	2020-04-13T22:55:28.876Z
txInjected-total	0	2020-04-13T22:55:28.876Z
txApplied-average	0.2	2020-04-13T22:55:28.876Z
txApplied-total	1	2020-04-13T22:55:28.876Z
txRejected-average	0	2020-04-13T22:55:28.876Z
txRejected-total	0	2020-04-13T22:55:28.876Z
txExpired-average	0	2020-04-13T22:55:28.876Z
txExpired-total	0	2020-04-13T22:55:28.876Z
txProcessed-average	0	2020-04-13T22:55:28.876Z
txProcessed-total	0	2020-04-13T22:55:28.876Z
queueLength-average	0	2020-04-13T22:55:28.876Z
queueLength-value	0	2020-04-13T22:55:28.876Z
serverLoad-average	0	2020-04-13T22:55:28.876Z
serverLoad-value	0	2020-04-13T22:55:28.876Z
txTimeInQueue-average	0	2020-04-13T22:55:28.876Z
txInjected-average	0	2020-04-13T22:55:29.877Z
txInjected-total	0	2020-04-13T22:55:29.877Z
txApplied-average	0.16666666666666666	2020-04-13T22:55:29.877Z
txApplied-total	1	2020-04-13T22:55:29.877Z
txRejected-average	0	2020-04-13T22:55:29.877Z
txRejected-total	0	2020-04-13T22:55:29.877Z
txExpired-average	0	2020-04-13T22:55:29.877Z
txExpired-total	0	2020-04-13T22:55:29.877Z
txProcessed-average	0	2020-04-13T22:55:29.877Z
txProcessed-total	0	2020-04-13T22:55:29.877Z
queueLength-average	0	2020-04-13T22:55:29.877Z
queueLength-value	0	2020-04-13T22:55:29.877Z
serverLoad-average	0	2020-04-13T22:55:29.877Z
serverLoad-value	0	2020-04-13T22:55:29.877Z
txTimeInQueue-average	0	2020-04-13T22:55:29.877Z
txInjected-average	0	2020-04-13T22:55:30.878Z
txInjected-total	0	2020-04-13T22:55:30.878Z
txApplied-average	0.14285714285714285	2020-04-13T22:55:30.878Z
txApplied-total	1	2020-04-13T22:55:30.878Z
txRejected-average	0	2020-04-13T22:55:30.878Z
txRejected-total	0	2020-04-13T22:55:30.878Z
txExpired-average	0	2020-04-13T22:55:30.878Z
txExpired-total	0	2020-04-13T22:55:30.878Z
txProcessed-average	0	2020-04-13T22:55:30.878Z
txProcessed-total	0	2020-04-13T22:55:30.878Z
queueLength-average	0	2020-04-13T22:55:30.878Z
queueLength-value	0	2020-04-13T22:55:30.878Z
serverLoad-average	0	2020-04-13T22:55:30.878Z
serverLoad-value	0	2020-04-13T22:55:30.878Z
txTimeInQueue-average	0	2020-04-13T22:55:30.878Z
txInjected-average	0	2020-04-13T22:55:31.880Z
txInjected-total	0	2020-04-13T22:55:31.880Z
txApplied-average	0.125	2020-04-13T22:55:31.880Z
txApplied-total	1	2020-04-13T22:55:31.880Z
txRejected-average	0	2020-04-13T22:55:31.880Z
txRejected-total	0	2020-04-13T22:55:31.880Z
txExpired-average	0	2020-04-13T22:55:31.880Z
txExpired-total	0	2020-04-13T22:55:31.880Z
txProcessed-average	0	2020-04-13T22:55:31.880Z
txProcessed-total	0	2020-04-13T22:55:31.880Z
queueLength-average	0	2020-04-13T22:55:31.880Z
queueLength-value	0	2020-04-13T22:55:31.880Z
serverLoad-average	0	2020-04-13T22:55:31.880Z
serverLoad-value	0	2020-04-13T22:55:31.880Z
txTimeInQueue-average	0	2020-04-13T22:55:31.880Z
txInjected-average	0	2020-04-13T22:55:32.880Z
txInjected-total	0	2020-04-13T22:55:32.880Z
txApplied-average	0.1111111111111111	2020-04-13T22:55:32.880Z
txApplied-total	1	2020-04-13T22:55:32.880Z
txRejected-average	0	2020-04-13T22:55:32.880Z
txRejected-total	0	2020-04-13T22:55:32.880Z
txExpired-average	0	2020-04-13T22:55:32.880Z
txExpired-total	0	2020-04-13T22:55:32.880Z
txProcessed-average	0	2020-04-13T22:55:32.880Z
txProcessed-total	0	2020-04-13T22:55:32.880Z
queueLength-average	0	2020-04-13T22:55:32.880Z
queueLength-value	0	2020-04-13T22:55:32.880Z
serverLoad-average	0	2020-04-13T22:55:32.880Z
serverLoad-value	0	2020-04-13T22:55:32.880Z
txTimeInQueue-average	0	2020-04-13T22:55:32.880Z
txInjected-average	0	2020-04-13T22:55:33.882Z
txInjected-total	0	2020-04-13T22:55:33.882Z
txApplied-average	0.1	2020-04-13T22:55:33.882Z
txApplied-total	1	2020-04-13T22:55:33.882Z
txRejected-average	0	2020-04-13T22:55:33.882Z
txRejected-total	0	2020-04-13T22:55:33.882Z
txExpired-average	0	2020-04-13T22:55:33.882Z
txExpired-total	0	2020-04-13T22:55:33.882Z
txProcessed-average	0	2020-04-13T22:55:33.882Z
txProcessed-total	0	2020-04-13T22:55:33.882Z
queueLength-average	0	2020-04-13T22:55:33.882Z
queueLength-value	0	2020-04-13T22:55:33.882Z
serverLoad-average	0	2020-04-13T22:55:33.882Z
serverLoad-value	0	2020-04-13T22:55:33.882Z
txTimeInQueue-average	0	2020-04-13T22:55:33.882Z
txInjected-average	0	2020-04-13T22:55:34.886Z
txInjected-total	0	2020-04-13T22:55:34.886Z
txApplied-average	0.09090909090909091	2020-04-13T22:55:34.886Z
txApplied-total	1	2020-04-13T22:55:34.886Z
txRejected-average	0	2020-04-13T22:55:34.886Z
txRejected-total	0	2020-04-13T22:55:34.886Z
txExpired-average	0	2020-04-13T22:55:34.886Z
txExpired-total	0	2020-04-13T22:55:34.886Z
txProcessed-average	0	2020-04-13T22:55:34.886Z
txProcessed-total	0	2020-04-13T22:55:34.886Z
queueLength-average	0	2020-04-13T22:55:34.886Z
queueLength-value	0	2020-04-13T22:55:34.886Z
serverLoad-average	0	2020-04-13T22:55:34.886Z
serverLoad-value	0	2020-04-13T22:55:34.886Z
txTimeInQueue-average	0	2020-04-13T22:55:34.886Z
txInjected-average	0	2020-04-13T22:55:35.890Z
txInjected-total	0	2020-04-13T22:55:35.890Z
txApplied-average	0.08333333333333333	2020-04-13T22:55:35.890Z
txApplied-total	1	2020-04-13T22:55:35.890Z
txRejected-average	0	2020-04-13T22:55:35.890Z
txRejected-total	0	2020-04-13T22:55:35.890Z
txExpired-average	0	2020-04-13T22:55:35.890Z
txExpired-total	0	2020-04-13T22:55:35.890Z
txProcessed-average	0	2020-04-13T22:55:35.890Z
txProcessed-total	0	2020-04-13T22:55:35.890Z
queueLength-average	0	2020-04-13T22:55:35.890Z
queueLength-value	0	2020-04-13T22:55:35.890Z
serverLoad-average	0	2020-04-13T22:55:35.890Z
serverLoad-value	0	2020-04-13T22:55:35.890Z
txTimeInQueue-average	0	2020-04-13T22:55:35.890Z
txInjected-average	0	2020-04-13T22:55:36.894Z
txInjected-total	0	2020-04-13T22:55:36.894Z
txApplied-average	0.07692307692307693	2020-04-13T22:55:36.894Z
txApplied-total	1	2020-04-13T22:55:36.894Z
txRejected-average	0	2020-04-13T22:55:36.894Z
txRejected-total	0	2020-04-13T22:55:36.894Z
txExpired-average	0	2020-04-13T22:55:36.894Z
txExpired-total	0	2020-04-13T22:55:36.894Z
txProcessed-average	0	2020-04-13T22:55:36.894Z
txProcessed-total	0	2020-04-13T22:55:36.894Z
queueLength-average	0	2020-04-13T22:55:36.894Z
queueLength-value	0	2020-04-13T22:55:36.894Z
serverLoad-average	0	2020-04-13T22:55:36.894Z
serverLoad-value	0	2020-04-13T22:55:36.894Z
txTimeInQueue-average	0	2020-04-13T22:55:36.894Z
txInjected-average	0	2020-04-13T22:55:37.898Z
txInjected-total	0	2020-04-13T22:55:37.898Z
txApplied-average	0.07142857142857142	2020-04-13T22:55:37.898Z
txApplied-total	1	2020-04-13T22:55:37.898Z
txRejected-average	0	2020-04-13T22:55:37.898Z
txRejected-total	0	2020-04-13T22:55:37.898Z
txExpired-average	0	2020-04-13T22:55:37.898Z
txExpired-total	0	2020-04-13T22:55:37.898Z
txProcessed-average	0	2020-04-13T22:55:37.898Z
txProcessed-total	0	2020-04-13T22:55:37.898Z
queueLength-average	0	2020-04-13T22:55:37.898Z
queueLength-value	0	2020-04-13T22:55:37.898Z
serverLoad-average	0	2020-04-13T22:55:37.898Z
serverLoad-value	0	2020-04-13T22:55:37.898Z
txTimeInQueue-average	0	2020-04-13T22:55:37.898Z
txInjected-average	0	2020-04-13T22:55:38.900Z
txInjected-total	0	2020-04-13T22:55:38.900Z
txApplied-average	0.06666666666666667	2020-04-13T22:55:38.900Z
txApplied-total	1	2020-04-13T22:55:38.900Z
txRejected-average	0	2020-04-13T22:55:38.900Z
txRejected-total	0	2020-04-13T22:55:38.900Z
txExpired-average	0	2020-04-13T22:55:38.900Z
txExpired-total	0	2020-04-13T22:55:38.900Z
txProcessed-average	0	2020-04-13T22:55:38.900Z
txProcessed-total	0	2020-04-13T22:55:38.900Z
queueLength-average	0	2020-04-13T22:55:38.900Z
queueLength-value	0	2020-04-13T22:55:38.900Z
serverLoad-average	0	2020-04-13T22:55:38.900Z
serverLoad-value	0	2020-04-13T22:55:38.900Z
txTimeInQueue-average	0	2020-04-13T22:55:38.900Z
txInjected-average	0	2020-04-13T22:55:39.900Z
txInjected-total	0	2020-04-13T22:55:39.900Z
txApplied-average	0.0625	2020-04-13T22:55:39.900Z
txApplied-total	1	2020-04-13T22:55:39.900Z
txRejected-average	0	2020-04-13T22:55:39.900Z
txRejected-total	0	2020-04-13T22:55:39.900Z
txExpired-average	0	2020-04-13T22:55:39.900Z
txExpired-total	0	2020-04-13T22:55:39.900Z
txProcessed-average	0	2020-04-13T22:55:39.900Z
txProcessed-total	0	2020-04-13T22:55:39.900Z
queueLength-average	0	2020-04-13T22:55:39.900Z
queueLength-value	0	2020-04-13T22:55:39.900Z
serverLoad-average	0	2020-04-13T22:55:39.900Z
serverLoad-value	0	2020-04-13T22:55:39.900Z
txTimeInQueue-average	0	2020-04-13T22:55:39.900Z
txInjected-average	0	2020-04-13T22:55:40.904Z
txInjected-total	0	2020-04-13T22:55:40.904Z
txApplied-average	0.058823529411764705	2020-04-13T22:55:40.904Z
txApplied-total	1	2020-04-13T22:55:40.904Z
txRejected-average	0	2020-04-13T22:55:40.904Z
txRejected-total	0	2020-04-13T22:55:40.904Z
txExpired-average	0	2020-04-13T22:55:40.904Z
txExpired-total	0	2020-04-13T22:55:40.904Z
txProcessed-average	0	2020-04-13T22:55:40.904Z
txProcessed-total	0	2020-04-13T22:55:40.904Z
queueLength-average	0	2020-04-13T22:55:40.904Z
queueLength-value	0	2020-04-13T22:55:40.904Z
serverLoad-average	0	2020-04-13T22:55:40.904Z
serverLoad-value	0	2020-04-13T22:55:40.904Z
txTimeInQueue-average	0	2020-04-13T22:55:40.904Z
txInjected-average	0	2020-04-13T22:55:41.904Z
txInjected-total	0	2020-04-13T22:55:41.904Z
txApplied-average	0.05555555555555555	2020-04-13T22:55:41.904Z
txApplied-total	1	2020-04-13T22:55:41.904Z
txRejected-average	0	2020-04-13T22:55:41.904Z
txRejected-total	0	2020-04-13T22:55:41.904Z
txExpired-average	0	2020-04-13T22:55:41.904Z
txExpired-total	0	2020-04-13T22:55:41.904Z
txProcessed-average	0	2020-04-13T22:55:41.904Z
txProcessed-total	0	2020-04-13T22:55:41.904Z
queueLength-average	0	2020-04-13T22:55:41.904Z
queueLength-value	0	2020-04-13T22:55:41.904Z
serverLoad-average	0	2020-04-13T22:55:41.904Z
serverLoad-value	0	2020-04-13T22:55:41.904Z
txTimeInQueue-average	0	2020-04-13T22:55:41.904Z
txInjected-average	0	2020-04-13T22:55:42.909Z
txInjected-total	0	2020-04-13T22:55:42.909Z
txApplied-average	0.05263157894736842	2020-04-13T22:55:42.909Z
txApplied-total	1	2020-04-13T22:55:42.909Z
txRejected-average	0	2020-04-13T22:55:42.909Z
txRejected-total	0	2020-04-13T22:55:42.909Z
txExpired-average	0	2020-04-13T22:55:42.909Z
txExpired-total	0	2020-04-13T22:55:42.909Z
txProcessed-average	0	2020-04-13T22:55:42.909Z
txProcessed-total	0	2020-04-13T22:55:42.909Z
queueLength-average	0	2020-04-13T22:55:42.909Z
queueLength-value	0	2020-04-13T22:55:42.909Z
serverLoad-average	0	2020-04-13T22:55:42.909Z
serverLoad-value	0	2020-04-13T22:55:42.909Z
txTimeInQueue-average	0	2020-04-13T22:55:42.909Z
txInjected-average	0	2020-04-13T22:55:43.912Z
txInjected-total	0	2020-04-13T22:55:43.912Z
txApplied-average	0.05	2020-04-13T22:55:43.912Z
txApplied-total	1	2020-04-13T22:55:43.912Z
txRejected-average	0	2020-04-13T22:55:43.912Z
txRejected-total	0	2020-04-13T22:55:43.912Z
txExpired-average	0	2020-04-13T22:55:43.912Z
txExpired-total	0	2020-04-13T22:55:43.912Z
txProcessed-average	0	2020-04-13T22:55:43.912Z
txProcessed-total	0	2020-04-13T22:55:43.912Z
queueLength-average	0	2020-04-13T22:55:43.912Z
queueLength-value	0	2020-04-13T22:55:43.912Z
serverLoad-average	0	2020-04-13T22:55:43.912Z
serverLoad-value	0	2020-04-13T22:55:43.912Z
txTimeInQueue-average	0	2020-04-13T22:55:43.912Z
txInjected-average	0	2020-04-13T22:55:44.914Z
txInjected-total	0	2020-04-13T22:55:44.914Z
txApplied-average	0.047619047619047616	2020-04-13T22:55:44.914Z
txApplied-total	1	2020-04-13T22:55:44.914Z
txRejected-average	0	2020-04-13T22:55:44.914Z
txRejected-total	0	2020-04-13T22:55:44.914Z
txExpired-average	0	2020-04-13T22:55:44.914Z
txExpired-total	0	2020-04-13T22:55:44.914Z
txProcessed-average	0	2020-04-13T22:55:44.914Z
txProcessed-total	0	2020-04-13T22:55:44.914Z
queueLength-average	0	2020-04-13T22:55:44.914Z
queueLength-value	0	2020-04-13T22:55:44.914Z
serverLoad-average	0	2020-04-13T22:55:44.914Z
serverLoad-value	0	2020-04-13T22:55:44.914Z
txTimeInQueue-average	0	2020-04-13T22:55:44.914Z
txInjected-average	0	2020-04-13T22:55:45.917Z
txInjected-total	0	2020-04-13T22:55:45.917Z
txApplied-average	0.045454545454545456	2020-04-13T22:55:45.917Z
txApplied-total	1	2020-04-13T22:55:45.917Z
txRejected-average	0	2020-04-13T22:55:45.917Z
txRejected-total	0	2020-04-13T22:55:45.917Z
txExpired-average	0	2020-04-13T22:55:45.917Z
txExpired-total	0	2020-04-13T22:55:45.917Z
txProcessed-average	0	2020-04-13T22:55:45.917Z
txProcessed-total	0	2020-04-13T22:55:45.917Z
queueLength-average	0	2020-04-13T22:55:45.917Z
queueLength-value	0	2020-04-13T22:55:45.917Z
serverLoad-average	0	2020-04-13T22:55:45.917Z
serverLoad-value	0	2020-04-13T22:55:45.917Z
txTimeInQueue-average	0	2020-04-13T22:55:45.917Z
txInjected-average	0	2020-04-13T22:55:46.921Z
txInjected-total	0	2020-04-13T22:55:46.921Z
txApplied-average	0.043478260869565216	2020-04-13T22:55:46.921Z
txApplied-total	1	2020-04-13T22:55:46.921Z
txRejected-average	0	2020-04-13T22:55:46.921Z
txRejected-total	0	2020-04-13T22:55:46.921Z
txExpired-average	0	2020-04-13T22:55:46.921Z
txExpired-total	0	2020-04-13T22:55:46.921Z
txProcessed-average	0	2020-04-13T22:55:46.921Z
txProcessed-total	0	2020-04-13T22:55:46.921Z
queueLength-average	0	2020-04-13T22:55:46.921Z
queueLength-value	0	2020-04-13T22:55:46.921Z
serverLoad-average	0	2020-04-13T22:55:46.921Z
serverLoad-value	0	2020-04-13T22:55:46.921Z
txTimeInQueue-average	0	2020-04-13T22:55:46.921Z
txInjected-average	0	2020-04-13T22:55:47.925Z
txInjected-total	0	2020-04-13T22:55:47.925Z
txApplied-average	0.041666666666666664	2020-04-13T22:55:47.925Z
txApplied-total	1	2020-04-13T22:55:47.925Z
txRejected-average	0	2020-04-13T22:55:47.925Z
txRejected-total	0	2020-04-13T22:55:47.925Z
txExpired-average	0	2020-04-13T22:55:47.925Z
txExpired-total	0	2020-04-13T22:55:47.925Z
txProcessed-average	0	2020-04-13T22:55:47.925Z
txProcessed-total	0	2020-04-13T22:55:47.925Z
queueLength-average	0	2020-04-13T22:55:47.925Z
queueLength-value	0	2020-04-13T22:55:47.925Z
serverLoad-average	0	2020-04-13T22:55:47.925Z
serverLoad-value	0	2020-04-13T22:55:47.925Z
txTimeInQueue-average	0	2020-04-13T22:55:47.925Z
txInjected-average	0	2020-04-13T22:55:48.925Z
txInjected-total	0	2020-04-13T22:55:48.925Z
txApplied-average	0.04	2020-04-13T22:55:48.925Z
txApplied-total	1	2020-04-13T22:55:48.925Z
txRejected-average	0	2020-04-13T22:55:48.925Z
txRejected-total	0	2020-04-13T22:55:48.925Z
txExpired-average	0	2020-04-13T22:55:48.925Z
txExpired-total	0	2020-04-13T22:55:48.925Z
txProcessed-average	0	2020-04-13T22:55:48.925Z
txProcessed-total	0	2020-04-13T22:55:48.925Z
queueLength-average	0	2020-04-13T22:55:48.925Z
queueLength-value	0	2020-04-13T22:55:48.925Z
serverLoad-average	0	2020-04-13T22:55:48.925Z
serverLoad-value	0	2020-04-13T22:55:48.925Z
txTimeInQueue-average	0	2020-04-13T22:55:48.925Z
txInjected-average	0	2020-04-13T22:55:49.927Z
txInjected-total	0	2020-04-13T22:55:49.927Z
txApplied-average	0.038461538461538464	2020-04-13T22:55:49.927Z
txApplied-total	1	2020-04-13T22:55:49.927Z
txRejected-average	0	2020-04-13T22:55:49.927Z
txRejected-total	0	2020-04-13T22:55:49.927Z
txExpired-average	0	2020-04-13T22:55:49.927Z
txExpired-total	0	2020-04-13T22:55:49.927Z
txProcessed-average	0	2020-04-13T22:55:49.927Z
txProcessed-total	0	2020-04-13T22:55:49.927Z
queueLength-average	0	2020-04-13T22:55:49.927Z
queueLength-value	0	2020-04-13T22:55:49.927Z
serverLoad-average	0	2020-04-13T22:55:49.927Z
serverLoad-value	0	2020-04-13T22:55:49.927Z
txTimeInQueue-average	0	2020-04-13T22:55:49.927Z
txInjected-average	0	2020-04-13T22:55:50.932Z
txInjected-total	0	2020-04-13T22:55:50.932Z
txApplied-average	0.037037037037037035	2020-04-13T22:55:50.932Z
txApplied-total	1	2020-04-13T22:55:50.932Z
txRejected-average	0	2020-04-13T22:55:50.932Z
txRejected-total	0	2020-04-13T22:55:50.932Z
txExpired-average	0	2020-04-13T22:55:50.932Z
txExpired-total	0	2020-04-13T22:55:50.932Z
txProcessed-average	0	2020-04-13T22:55:50.932Z
txProcessed-total	0	2020-04-13T22:55:50.932Z
queueLength-average	0	2020-04-13T22:55:50.932Z
queueLength-value	0	2020-04-13T22:55:50.932Z
serverLoad-average	0	2020-04-13T22:55:50.932Z
serverLoad-value	0	2020-04-13T22:55:50.932Z
txTimeInQueue-average	0	2020-04-13T22:55:50.932Z
txInjected-average	0	2020-04-13T22:55:51.937Z
txInjected-total	0	2020-04-13T22:55:51.937Z
txApplied-average	0.03571428571428571	2020-04-13T22:55:51.937Z
txApplied-total	1	2020-04-13T22:55:51.937Z
txRejected-average	0	2020-04-13T22:55:51.937Z
txRejected-total	0	2020-04-13T22:55:51.937Z
txExpired-average	0	2020-04-13T22:55:51.937Z
txExpired-total	0	2020-04-13T22:55:51.937Z
txProcessed-average	0	2020-04-13T22:55:51.937Z
txProcessed-total	0	2020-04-13T22:55:51.937Z
queueLength-average	0	2020-04-13T22:55:51.937Z
queueLength-value	0	2020-04-13T22:55:51.937Z
serverLoad-average	0	2020-04-13T22:55:51.937Z
serverLoad-value	0	2020-04-13T22:55:51.937Z
txTimeInQueue-average	0	2020-04-13T22:55:51.937Z
txInjected-average	0	2020-04-13T22:55:52.940Z
txInjected-total	0	2020-04-13T22:55:52.940Z
txApplied-average	0.034482758620689655	2020-04-13T22:55:52.940Z
txApplied-total	1	2020-04-13T22:55:52.940Z
txRejected-average	0	2020-04-13T22:55:52.940Z
txRejected-total	0	2020-04-13T22:55:52.940Z
txExpired-average	0	2020-04-13T22:55:52.940Z
txExpired-total	0	2020-04-13T22:55:52.940Z
txProcessed-average	0	2020-04-13T22:55:52.940Z
txProcessed-total	0	2020-04-13T22:55:52.940Z
queueLength-average	0	2020-04-13T22:55:52.940Z
queueLength-value	0	2020-04-13T22:55:52.940Z
serverLoad-average	0	2020-04-13T22:55:52.940Z
serverLoad-value	0	2020-04-13T22:55:52.940Z
txTimeInQueue-average	0	2020-04-13T22:55:52.940Z
txInjected-average	0	2020-04-13T22:55:53.941Z
txInjected-total	0	2020-04-13T22:55:53.941Z
txApplied-average	0.03333333333333333	2020-04-13T22:55:53.941Z
txApplied-total	1	2020-04-13T22:55:53.941Z
txRejected-average	0	2020-04-13T22:55:53.941Z
txRejected-total	0	2020-04-13T22:55:53.941Z
txExpired-average	0	2020-04-13T22:55:53.941Z
txExpired-total	0	2020-04-13T22:55:53.941Z
txProcessed-average	0	2020-04-13T22:55:53.941Z
txProcessed-total	0	2020-04-13T22:55:53.941Z
queueLength-average	0	2020-04-13T22:55:53.941Z
queueLength-value	0	2020-04-13T22:55:53.941Z
serverLoad-average	0	2020-04-13T22:55:53.941Z
serverLoad-value	0	2020-04-13T22:55:53.941Z
txTimeInQueue-average	0	2020-04-13T22:55:53.941Z
txInjected-average	0	2020-04-13T22:55:54.945Z
txInjected-total	0	2020-04-13T22:55:54.945Z
txApplied-average	0.03225806451612903	2020-04-13T22:55:54.945Z
txApplied-total	1	2020-04-13T22:55:54.945Z
txRejected-average	0	2020-04-13T22:55:54.945Z
txRejected-total	0	2020-04-13T22:55:54.945Z
txExpired-average	0	2020-04-13T22:55:54.945Z
txExpired-total	0	2020-04-13T22:55:54.945Z
txProcessed-average	0	2020-04-13T22:55:54.945Z
txProcessed-total	0	2020-04-13T22:55:54.945Z
queueLength-average	0	2020-04-13T22:55:54.945Z
queueLength-value	0	2020-04-13T22:55:54.945Z
serverLoad-average	0	2020-04-13T22:55:54.945Z
serverLoad-value	0	2020-04-13T22:55:54.945Z
txTimeInQueue-average	0	2020-04-13T22:55:54.945Z
txInjected-average	0	2020-04-13T22:55:55.948Z
txInjected-total	0	2020-04-13T22:55:55.948Z
txApplied-average	0.03125	2020-04-13T22:55:55.948Z
txApplied-total	1	2020-04-13T22:55:55.948Z
txRejected-average	0	2020-04-13T22:55:55.948Z
txRejected-total	0	2020-04-13T22:55:55.948Z
txExpired-average	0	2020-04-13T22:55:55.948Z
txExpired-total	0	2020-04-13T22:55:55.948Z
txProcessed-average	0	2020-04-13T22:55:55.948Z
txProcessed-total	0	2020-04-13T22:55:55.948Z
queueLength-average	0	2020-04-13T22:55:55.948Z
queueLength-value	0	2020-04-13T22:55:55.948Z
serverLoad-average	0	2020-04-13T22:55:55.948Z
serverLoad-value	0	2020-04-13T22:55:55.948Z
txTimeInQueue-average	0	2020-04-13T22:55:55.948Z
txInjected-average	0	2020-04-13T22:55:56.949Z
txInjected-total	0	2020-04-13T22:55:56.949Z
txApplied-average	0.030303030303030304	2020-04-13T22:55:56.949Z
txApplied-total	1	2020-04-13T22:55:56.949Z
txRejected-average	0	2020-04-13T22:55:56.949Z
txRejected-total	0	2020-04-13T22:55:56.949Z
txExpired-average	0	2020-04-13T22:55:56.949Z
txExpired-total	0	2020-04-13T22:55:56.949Z
txProcessed-average	0	2020-04-13T22:55:56.949Z
txProcessed-total	0	2020-04-13T22:55:56.949Z
queueLength-average	0	2020-04-13T22:55:56.949Z
queueLength-value	0	2020-04-13T22:55:56.949Z
serverLoad-average	0	2020-04-13T22:55:56.949Z
serverLoad-value	0	2020-04-13T22:55:56.949Z
txTimeInQueue-average	0	2020-04-13T22:55:56.949Z
txInjected-average	0	2020-04-13T22:55:57.954Z
txInjected-total	0	2020-04-13T22:55:57.954Z
txApplied-average	0.029411764705882353	2020-04-13T22:55:57.954Z
txApplied-total	1	2020-04-13T22:55:57.954Z
txRejected-average	0	2020-04-13T22:55:57.954Z
txRejected-total	0	2020-04-13T22:55:57.954Z
txExpired-average	0	2020-04-13T22:55:57.954Z
txExpired-total	0	2020-04-13T22:55:57.954Z
txProcessed-average	0	2020-04-13T22:55:57.954Z
txProcessed-total	0	2020-04-13T22:55:57.954Z
queueLength-average	0	2020-04-13T22:55:57.954Z
queueLength-value	0	2020-04-13T22:55:57.954Z
serverLoad-average	0	2020-04-13T22:55:57.954Z
serverLoad-value	0	2020-04-13T22:55:57.954Z
txTimeInQueue-average	0	2020-04-13T22:55:57.954Z
txInjected-average	0	2020-04-13T22:55:58.959Z
txInjected-total	0	2020-04-13T22:55:58.959Z
txApplied-average	0.02857142857142857	2020-04-13T22:55:58.959Z
txApplied-total	1	2020-04-13T22:55:58.959Z
txRejected-average	0	2020-04-13T22:55:58.959Z
txRejected-total	0	2020-04-13T22:55:58.959Z
txExpired-average	0	2020-04-13T22:55:58.959Z
txExpired-total	0	2020-04-13T22:55:58.959Z
txProcessed-average	0	2020-04-13T22:55:58.959Z
txProcessed-total	0	2020-04-13T22:55:58.959Z
queueLength-average	0	2020-04-13T22:55:58.959Z
queueLength-value	0	2020-04-13T22:55:58.959Z
serverLoad-average	0	2020-04-13T22:55:58.959Z
serverLoad-value	0	2020-04-13T22:55:58.959Z
txTimeInQueue-average	0	2020-04-13T22:55:58.959Z
txInjected-average	0	2020-04-13T22:55:59.962Z
txInjected-total	0	2020-04-13T22:55:59.962Z
txApplied-average	0.027777777777777776	2020-04-13T22:55:59.962Z
txApplied-total	1	2020-04-13T22:55:59.962Z
txRejected-average	0	2020-04-13T22:55:59.962Z
txRejected-total	0	2020-04-13T22:55:59.962Z
txExpired-average	0	2020-04-13T22:55:59.962Z
txExpired-total	0	2020-04-13T22:55:59.962Z
txProcessed-average	0	2020-04-13T22:55:59.962Z
txProcessed-total	0	2020-04-13T22:55:59.962Z
queueLength-average	0	2020-04-13T22:55:59.962Z
queueLength-value	0	2020-04-13T22:55:59.962Z
serverLoad-average	0	2020-04-13T22:55:59.962Z
serverLoad-value	0	2020-04-13T22:55:59.962Z
txTimeInQueue-average	0	2020-04-13T22:55:59.962Z
txInjected-average	0	2020-04-13T22:56:00.966Z
txInjected-total	0	2020-04-13T22:56:00.966Z
txApplied-average	0.02702702702702703	2020-04-13T22:56:00.966Z
txApplied-total	1	2020-04-13T22:56:00.966Z
txRejected-average	0	2020-04-13T22:56:00.966Z
txRejected-total	0	2020-04-13T22:56:00.966Z
txExpired-average	0	2020-04-13T22:56:00.966Z
txExpired-total	0	2020-04-13T22:56:00.966Z
txProcessed-average	0	2020-04-13T22:56:00.966Z
txProcessed-total	0	2020-04-13T22:56:00.966Z
queueLength-average	0	2020-04-13T22:56:00.966Z
queueLength-value	0	2020-04-13T22:56:00.966Z
serverLoad-average	0	2020-04-13T22:56:00.966Z
serverLoad-value	0	2020-04-13T22:56:00.966Z
txTimeInQueue-average	0	2020-04-13T22:56:00.966Z
txInjected-average	0	2020-04-13T22:56:01.970Z
txInjected-total	0	2020-04-13T22:56:01.970Z
txApplied-average	0.02631578947368421	2020-04-13T22:56:01.970Z
txApplied-total	1	2020-04-13T22:56:01.970Z
txRejected-average	0	2020-04-13T22:56:01.970Z
txRejected-total	0	2020-04-13T22:56:01.970Z
txExpired-average	0	2020-04-13T22:56:01.970Z
txExpired-total	0	2020-04-13T22:56:01.970Z
txProcessed-average	0	2020-04-13T22:56:01.970Z
txProcessed-total	0	2020-04-13T22:56:01.970Z
queueLength-average	0	2020-04-13T22:56:01.970Z
queueLength-value	0	2020-04-13T22:56:01.970Z
serverLoad-average	0	2020-04-13T22:56:01.970Z
serverLoad-value	0	2020-04-13T22:56:01.970Z
txTimeInQueue-average	0	2020-04-13T22:56:01.970Z
txInjected-average	0	2020-04-13T22:56:02.972Z
txInjected-total	0	2020-04-13T22:56:02.972Z
txApplied-average	0.02564102564102564	2020-04-13T22:56:02.972Z
txApplied-total	1	2020-04-13T22:56:02.972Z
txRejected-average	0	2020-04-13T22:56:02.972Z
txRejected-total	0	2020-04-13T22:56:02.972Z
txExpired-average	0	2020-04-13T22:56:02.972Z
txExpired-total	0	2020-04-13T22:56:02.972Z
txProcessed-average	0	2020-04-13T22:56:02.972Z
txProcessed-total	0	2020-04-13T22:56:02.972Z
queueLength-average	0	2020-04-13T22:56:02.972Z
queueLength-value	0	2020-04-13T22:56:02.972Z
serverLoad-average	0	2020-04-13T22:56:02.972Z
serverLoad-value	0	2020-04-13T22:56:02.972Z
txTimeInQueue-average	0	2020-04-13T22:56:02.972Z
txInjected-average	0	2020-04-13T22:56:03.975Z
txInjected-total	0	2020-04-13T22:56:03.975Z
txApplied-average	0.025	2020-04-13T22:56:03.975Z
txApplied-total	1	2020-04-13T22:56:03.975Z
txRejected-average	0	2020-04-13T22:56:03.975Z
txRejected-total	0	2020-04-13T22:56:03.975Z
txExpired-average	0	2020-04-13T22:56:03.975Z
txExpired-total	0	2020-04-13T22:56:03.975Z
txProcessed-average	0	2020-04-13T22:56:03.975Z
txProcessed-total	0	2020-04-13T22:56:03.975Z
queueLength-average	0	2020-04-13T22:56:03.975Z
queueLength-value	0	2020-04-13T22:56:03.975Z
serverLoad-average	0	2020-04-13T22:56:03.975Z
serverLoad-value	0	2020-04-13T22:56:03.975Z
txTimeInQueue-average	0	2020-04-13T22:56:03.975Z
txInjected-average	0	2020-04-13T22:56:04.975Z
txInjected-total	0	2020-04-13T22:56:04.975Z
txApplied-average	0.024390243902439025	2020-04-13T22:56:04.975Z
txApplied-total	1	2020-04-13T22:56:04.975Z
txRejected-average	0	2020-04-13T22:56:04.975Z
txRejected-total	0	2020-04-13T22:56:04.975Z
txExpired-average	0	2020-04-13T22:56:04.975Z
txExpired-total	0	2020-04-13T22:56:04.975Z
txProcessed-average	0	2020-04-13T22:56:04.975Z
txProcessed-total	0	2020-04-13T22:56:04.975Z
queueLength-average	0	2020-04-13T22:56:04.975Z
queueLength-value	0	2020-04-13T22:56:04.975Z
serverLoad-average	0	2020-04-13T22:56:04.975Z
serverLoad-value	0	2020-04-13T22:56:04.975Z
txTimeInQueue-average	0	2020-04-13T22:56:04.975Z
txInjected-average	0	2020-04-13T22:56:05.976Z
txInjected-total	0	2020-04-13T22:56:05.976Z
txApplied-average	0.023809523809523808	2020-04-13T22:56:05.976Z
txApplied-total	1	2020-04-13T22:56:05.976Z
txRejected-average	0	2020-04-13T22:56:05.976Z
txRejected-total	0	2020-04-13T22:56:05.976Z
txExpired-average	0	2020-04-13T22:56:05.976Z
txExpired-total	0	2020-04-13T22:56:05.976Z
txProcessed-average	0	2020-04-13T22:56:05.976Z
txProcessed-total	0	2020-04-13T22:56:05.976Z
queueLength-average	0	2020-04-13T22:56:05.976Z
queueLength-value	0	2020-04-13T22:56:05.976Z
serverLoad-average	0	2020-04-13T22:56:05.976Z
serverLoad-value	0	2020-04-13T22:56:05.976Z
txTimeInQueue-average	0	2020-04-13T22:56:05.976Z
txInjected-average	0	2020-04-13T22:56:06.981Z
txInjected-total	0	2020-04-13T22:56:06.981Z
txApplied-average	0.023255813953488372	2020-04-13T22:56:06.981Z
txApplied-total	1	2020-04-13T22:56:06.981Z
txRejected-average	0	2020-04-13T22:56:06.981Z
txRejected-total	0	2020-04-13T22:56:06.981Z
txExpired-average	0	2020-04-13T22:56:06.981Z
txExpired-total	0	2020-04-13T22:56:06.981Z
txProcessed-average	0	2020-04-13T22:56:06.981Z
txProcessed-total	0	2020-04-13T22:56:06.981Z
queueLength-average	0	2020-04-13T22:56:06.981Z
queueLength-value	0	2020-04-13T22:56:06.981Z
serverLoad-average	0	2020-04-13T22:56:06.981Z
serverLoad-value	0	2020-04-13T22:56:06.981Z
txTimeInQueue-average	0	2020-04-13T22:56:06.981Z
txInjected-average	0	2020-04-13T22:56:07.982Z
txInjected-total	0	2020-04-13T22:56:07.982Z
txApplied-average	0.022727272727272728	2020-04-13T22:56:07.982Z
txApplied-total	1	2020-04-13T22:56:07.982Z
txRejected-average	0	2020-04-13T22:56:07.982Z
txRejected-total	0	2020-04-13T22:56:07.982Z
txExpired-average	0	2020-04-13T22:56:07.982Z
txExpired-total	0	2020-04-13T22:56:07.982Z
txProcessed-average	0	2020-04-13T22:56:07.982Z
txProcessed-total	0	2020-04-13T22:56:07.982Z
queueLength-average	0	2020-04-13T22:56:07.982Z
queueLength-value	0	2020-04-13T22:56:07.982Z
serverLoad-average	0	2020-04-13T22:56:07.982Z
serverLoad-value	0	2020-04-13T22:56:07.982Z
txTimeInQueue-average	0	2020-04-13T22:56:07.982Z
txInjected-average	0	2020-04-13T22:56:08.984Z
txInjected-total	0	2020-04-13T22:56:08.984Z
txApplied-average	0.022222222222222223	2020-04-13T22:56:08.984Z
txApplied-total	1	2020-04-13T22:56:08.984Z
txRejected-average	0	2020-04-13T22:56:08.984Z
txRejected-total	0	2020-04-13T22:56:08.984Z
txExpired-average	0	2020-04-13T22:56:08.984Z
txExpired-total	0	2020-04-13T22:56:08.984Z
txProcessed-average	0	2020-04-13T22:56:08.984Z
txProcessed-total	0	2020-04-13T22:56:08.984Z
queueLength-average	0	2020-04-13T22:56:08.984Z
queueLength-value	0	2020-04-13T22:56:08.984Z
serverLoad-average	0	2020-04-13T22:56:08.984Z
serverLoad-value	0	2020-04-13T22:56:08.984Z
txTimeInQueue-average	0	2020-04-13T22:56:08.984Z
txInjected-average	0	2020-04-13T22:56:09.989Z
txInjected-total	0	2020-04-13T22:56:09.989Z
txApplied-average	0.021739130434782608	2020-04-13T22:56:09.989Z
txApplied-total	1	2020-04-13T22:56:09.989Z
txRejected-average	0	2020-04-13T22:56:09.989Z
txRejected-total	0	2020-04-13T22:56:09.989Z
txExpired-average	0	2020-04-13T22:56:09.989Z
txExpired-total	0	2020-04-13T22:56:09.989Z
txProcessed-average	0	2020-04-13T22:56:09.989Z
txProcessed-total	0	2020-04-13T22:56:09.989Z
queueLength-average	0	2020-04-13T22:56:09.989Z
queueLength-value	0	2020-04-13T22:56:09.989Z
serverLoad-average	0	2020-04-13T22:56:09.989Z
serverLoad-value	0	2020-04-13T22:56:09.989Z
txTimeInQueue-average	0	2020-04-13T22:56:09.989Z
txInjected-average	0	2020-04-13T22:56:10.989Z
txInjected-total	0	2020-04-13T22:56:10.989Z
txApplied-average	0.02127659574468085	2020-04-13T22:56:10.989Z
txApplied-total	1	2020-04-13T22:56:10.989Z
txRejected-average	0	2020-04-13T22:56:10.989Z
txRejected-total	0	2020-04-13T22:56:10.989Z
txExpired-average	0	2020-04-13T22:56:10.989Z
txExpired-total	0	2020-04-13T22:56:10.989Z
txProcessed-average	0	2020-04-13T22:56:10.989Z
txProcessed-total	0	2020-04-13T22:56:10.989Z
queueLength-average	0	2020-04-13T22:56:10.989Z
queueLength-value	0	2020-04-13T22:56:10.989Z
serverLoad-average	0	2020-04-13T22:56:10.989Z
serverLoad-value	0	2020-04-13T22:56:10.989Z
txTimeInQueue-average	0	2020-04-13T22:56:10.989Z
txInjected-average	0	2020-04-13T22:56:11.995Z
txInjected-total	0	2020-04-13T22:56:11.995Z
txApplied-average	0.020833333333333332	2020-04-13T22:56:11.995Z
txApplied-total	1	2020-04-13T22:56:11.995Z
txRejected-average	0	2020-04-13T22:56:11.995Z
txRejected-total	0	2020-04-13T22:56:11.995Z
txExpired-average	0	2020-04-13T22:56:11.995Z
txExpired-total	0	2020-04-13T22:56:11.995Z
txProcessed-average	0	2020-04-13T22:56:11.995Z
txProcessed-total	0	2020-04-13T22:56:11.995Z
queueLength-average	0	2020-04-13T22:56:11.995Z
queueLength-value	0	2020-04-13T22:56:11.995Z
serverLoad-average	0	2020-04-13T22:56:11.995Z
serverLoad-value	0	2020-04-13T22:56:11.995Z
txTimeInQueue-average	0	2020-04-13T22:56:11.995Z
txInjected-average	0	2020-04-13T22:56:13.000Z
txInjected-total	0	2020-04-13T22:56:13.000Z
txApplied-average	0.02040816326530612	2020-04-13T22:56:13.000Z
txApplied-total	1	2020-04-13T22:56:13.000Z
txRejected-average	0	2020-04-13T22:56:13.000Z
txRejected-total	0	2020-04-13T22:56:13.000Z
txExpired-average	0	2020-04-13T22:56:13.000Z
txExpired-total	0	2020-04-13T22:56:13.000Z
txProcessed-average	0	2020-04-13T22:56:13.000Z
txProcessed-total	0	2020-04-13T22:56:13.000Z
queueLength-average	0	2020-04-13T22:56:13.000Z
queueLength-value	0	2020-04-13T22:56:13.000Z
serverLoad-average	0	2020-04-13T22:56:13.000Z
serverLoad-value	0	2020-04-13T22:56:13.000Z
txTimeInQueue-average	0	2020-04-13T22:56:13.000Z
txInjected-average	0	2020-04-13T22:56:14.002Z
txInjected-total	0	2020-04-13T22:56:14.002Z
txApplied-average	0.02	2020-04-13T22:56:14.002Z
txApplied-total	1	2020-04-13T22:56:14.002Z
txRejected-average	0	2020-04-13T22:56:14.002Z
txRejected-total	0	2020-04-13T22:56:14.002Z
txExpired-average	0	2020-04-13T22:56:14.002Z
txExpired-total	0	2020-04-13T22:56:14.002Z
txProcessed-average	0	2020-04-13T22:56:14.002Z
txProcessed-total	0	2020-04-13T22:56:14.002Z
queueLength-average	0	2020-04-13T22:56:14.002Z
queueLength-value	0	2020-04-13T22:56:14.002Z
serverLoad-average	0	2020-04-13T22:56:14.002Z
serverLoad-value	0	2020-04-13T22:56:14.002Z
txTimeInQueue-average	0	2020-04-13T22:56:14.002Z
txInjected-average	0	2020-04-13T22:56:15.004Z
txInjected-total	0	2020-04-13T22:56:15.004Z
txApplied-average	0.0196078431372549	2020-04-13T22:56:15.004Z
txApplied-total	1	2020-04-13T22:56:15.004Z
txRejected-average	0	2020-04-13T22:56:15.004Z
txRejected-total	0	2020-04-13T22:56:15.004Z
txExpired-average	0	2020-04-13T22:56:15.004Z
txExpired-total	0	2020-04-13T22:56:15.004Z
txProcessed-average	0	2020-04-13T22:56:15.004Z
txProcessed-total	0	2020-04-13T22:56:15.004Z
queueLength-average	0	2020-04-13T22:56:15.004Z
queueLength-value	0	2020-04-13T22:56:15.004Z
serverLoad-average	0	2020-04-13T22:56:15.004Z
serverLoad-value	0	2020-04-13T22:56:15.004Z
txTimeInQueue-average	0	2020-04-13T22:56:15.004Z
txInjected-average	0	2020-04-13T22:56:16.005Z
txInjected-total	0	2020-04-13T22:56:16.005Z
txApplied-average	0.019230769230769232	2020-04-13T22:56:16.005Z
txApplied-total	1	2020-04-13T22:56:16.005Z
txRejected-average	0	2020-04-13T22:56:16.005Z
txRejected-total	0	2020-04-13T22:56:16.005Z
txExpired-average	0	2020-04-13T22:56:16.005Z
txExpired-total	0	2020-04-13T22:56:16.005Z
txProcessed-average	0	2020-04-13T22:56:16.005Z
txProcessed-total	0	2020-04-13T22:56:16.005Z
queueLength-average	0	2020-04-13T22:56:16.005Z
queueLength-value	0	2020-04-13T22:56:16.005Z
serverLoad-average	0	2020-04-13T22:56:16.005Z
serverLoad-value	0	2020-04-13T22:56:16.005Z
txTimeInQueue-average	0	2020-04-13T22:56:16.005Z
txInjected-average	0	2020-04-13T22:56:17.009Z
txInjected-total	0	2020-04-13T22:56:17.009Z
txApplied-average	0.018867924528301886	2020-04-13T22:56:17.009Z
txApplied-total	1	2020-04-13T22:56:17.009Z
txRejected-average	0	2020-04-13T22:56:17.009Z
txRejected-total	0	2020-04-13T22:56:17.009Z
txExpired-average	0	2020-04-13T22:56:17.009Z
txExpired-total	0	2020-04-13T22:56:17.009Z
txProcessed-average	0	2020-04-13T22:56:17.009Z
txProcessed-total	0	2020-04-13T22:56:17.009Z
queueLength-average	0	2020-04-13T22:56:17.009Z
queueLength-value	0	2020-04-13T22:56:17.009Z
serverLoad-average	0	2020-04-13T22:56:17.009Z
serverLoad-value	0	2020-04-13T22:56:17.009Z
txTimeInQueue-average	0	2020-04-13T22:56:17.009Z
txInjected-average	0	2020-04-13T22:56:18.012Z
txInjected-total	0	2020-04-13T22:56:18.012Z
txApplied-average	0.018518518518518517	2020-04-13T22:56:18.012Z
txApplied-total	1	2020-04-13T22:56:18.012Z
txRejected-average	0	2020-04-13T22:56:18.012Z
txRejected-total	0	2020-04-13T22:56:18.012Z
txExpired-average	0	2020-04-13T22:56:18.012Z
txExpired-total	0	2020-04-13T22:56:18.012Z
txProcessed-average	0	2020-04-13T22:56:18.012Z
txProcessed-total	0	2020-04-13T22:56:18.012Z
queueLength-average	0	2020-04-13T22:56:18.012Z
queueLength-value	0	2020-04-13T22:56:18.012Z
serverLoad-average	0	2020-04-13T22:56:18.012Z
serverLoad-value	0	2020-04-13T22:56:18.012Z
txTimeInQueue-average	0	2020-04-13T22:56:18.012Z
txInjected-average	0	2020-04-13T22:56:19.015Z
txInjected-total	0	2020-04-13T22:56:19.015Z
txApplied-average	0.01818181818181818	2020-04-13T22:56:19.015Z
txApplied-total	1	2020-04-13T22:56:19.015Z
txRejected-average	0	2020-04-13T22:56:19.015Z
txRejected-total	0	2020-04-13T22:56:19.015Z
txExpired-average	0	2020-04-13T22:56:19.015Z
txExpired-total	0	2020-04-13T22:56:19.015Z
txProcessed-average	0	2020-04-13T22:56:19.015Z
txProcessed-total	0	2020-04-13T22:56:19.015Z
queueLength-average	0	2020-04-13T22:56:19.015Z
queueLength-value	0	2020-04-13T22:56:19.015Z
serverLoad-average	0	2020-04-13T22:56:19.015Z
serverLoad-value	0	2020-04-13T22:56:19.015Z
txTimeInQueue-average	0	2020-04-13T22:56:19.015Z
txInjected-average	0	2020-04-13T22:56:20.016Z
txInjected-total	0	2020-04-13T22:56:20.016Z
txApplied-average	0.017857142857142856	2020-04-13T22:56:20.016Z
txApplied-total	1	2020-04-13T22:56:20.016Z
txRejected-average	0	2020-04-13T22:56:20.016Z
txRejected-total	0	2020-04-13T22:56:20.016Z
txExpired-average	0	2020-04-13T22:56:20.016Z
txExpired-total	0	2020-04-13T22:56:20.016Z
txProcessed-average	0	2020-04-13T22:56:20.016Z
txProcessed-total	0	2020-04-13T22:56:20.016Z
queueLength-average	0.017857142857142856	2020-04-13T22:56:20.016Z
queueLength-value	1	2020-04-13T22:56:20.016Z
serverLoad-average	0	2020-04-13T22:56:20.016Z
serverLoad-value	0	2020-04-13T22:56:20.016Z
txTimeInQueue-average	0.0051964285714285715	2020-04-13T22:56:20.016Z
txInjected-average	0	2020-04-13T22:56:21.018Z
txInjected-total	0	2020-04-13T22:56:21.018Z
txApplied-average	0.017543859649122806	2020-04-13T22:56:21.018Z
txApplied-total	1	2020-04-13T22:56:21.018Z
txRejected-average	0	2020-04-13T22:56:21.018Z
txRejected-total	0	2020-04-13T22:56:21.018Z
txExpired-average	0	2020-04-13T22:56:21.018Z
txExpired-total	0	2020-04-13T22:56:21.018Z
txProcessed-average	0	2020-04-13T22:56:21.018Z
txProcessed-total	0	2020-04-13T22:56:21.018Z
queueLength-average	0.03508771929824561	2020-04-13T22:56:21.018Z
queueLength-value	1	2020-04-13T22:56:21.018Z
serverLoad-average	0.000017543859649122806	2020-04-13T22:56:21.018Z
serverLoad-value	0.001	2020-04-13T22:56:21.018Z
txTimeInQueue-average	0.027789473684210527	2020-04-13T22:56:21.018Z
txInjected-average	0	2020-04-13T22:56:22.018Z
txInjected-total	0	2020-04-13T22:56:22.018Z
txApplied-average	0.017241379310344827	2020-04-13T22:56:22.018Z
txApplied-total	1	2020-04-13T22:56:22.018Z
txRejected-average	0	2020-04-13T22:56:22.018Z
txRejected-total	0	2020-04-13T22:56:22.018Z
txExpired-average	0	2020-04-13T22:56:22.018Z
txExpired-total	0	2020-04-13T22:56:22.018Z
txProcessed-average	0	2020-04-13T22:56:22.018Z
txProcessed-total	0	2020-04-13T22:56:22.018Z
queueLength-average	0.06896551724137931	2020-04-13T22:56:22.018Z
queueLength-value	2	2020-04-13T22:56:22.018Z
serverLoad-average	0.00004918330308529946	2020-04-13T22:56:22.018Z
serverLoad-value	0.0018526315789473685	2020-04-13T22:56:22.018Z
txTimeInQueue-average	0.06684482758620688	2020-04-13T22:56:22.018Z
txInjected-average	0	2020-04-13T22:56:23.019Z
txInjected-total	0	2020-04-13T22:56:23.019Z
txApplied-average	0.01694915254237288	2020-04-13T22:56:23.019Z
txApplied-total	1	2020-04-13T22:56:23.019Z
txRejected-average	0	2020-04-13T22:56:23.019Z
txRejected-total	0	2020-04-13T22:56:23.019Z
txExpired-average	0	2020-04-13T22:56:23.019Z
txExpired-total	0	2020-04-13T22:56:23.019Z
txProcessed-average	0	2020-04-13T22:56:23.019Z
txProcessed-total	0	2020-04-13T22:56:23.019Z
queueLength-average	0.13559322033898305	2020-04-13T22:56:23.019Z
queueLength-value	4	2020-04-13T22:56:23.019Z
serverLoad-average	0.00012388056640725133	2020-04-13T22:56:23.019Z
serverLoad-value	0.004456321839080459	2020-04-13T22:56:23.019Z
txTimeInQueue-average	0.09347457627118644	2020-04-13T22:56:23.019Z
txInjected-average	0	2020-04-13T22:56:24.020Z
txInjected-total	0	2020-04-13T22:56:24.020Z
txApplied-average	0.016666666666666666	2020-04-13T22:56:24.020Z
txApplied-total	1	2020-04-13T22:56:24.020Z
txRejected-average	0	2020-04-13T22:56:24.020Z
txRejected-total	0	2020-04-13T22:56:24.020Z
txExpired-average	0	2020-04-13T22:56:24.020Z
txExpired-total	0	2020-04-13T22:56:24.020Z
txProcessed-average	0	2020-04-13T22:56:24.020Z
txProcessed-total	0	2020-04-13T22:56:24.020Z
queueLength-average	0.2	2020-04-13T22:56:24.020Z
queueLength-value	4	2020-04-13T22:56:24.020Z
serverLoad-average	0.00022567653060178206	2020-04-13T22:56:24.020Z
serverLoad-value	0.006231638418079096	2020-04-13T22:56:24.020Z
txTimeInQueue-average	0.1359	2020-04-13T22:56:24.020Z
txInjected-average	0	2020-04-13T22:56:25.023Z
txInjected-total	0	2020-04-13T22:56:25.023Z
txApplied-average	0	2020-04-13T22:56:25.023Z
txApplied-total	1	2020-04-13T22:56:25.023Z
txRejected-average	0	2020-04-13T22:56:25.023Z
txRejected-total	0	2020-04-13T22:56:25.023Z
txExpired-average	0	2020-04-13T22:56:25.023Z
txExpired-total	0	2020-04-13T22:56:25.023Z
txProcessed-average	0	2020-04-13T22:56:25.023Z
txProcessed-total	0	2020-04-13T22:56:25.023Z
queueLength-average	0.26666666666666666	2020-04-13T22:56:25.023Z
queueLength-value	4	2020-04-13T22:56:25.023Z
serverLoad-average	0.00037667653060178207	2020-04-13T22:56:25.023Z
serverLoad-value	0.00906	2020-04-13T22:56:25.023Z
txTimeInQueue-average	0.1966	2020-04-13T22:56:25.023Z
txInjected-average	0	2020-04-13T22:56:26.023Z
txInjected-total	0	2020-04-13T22:56:26.023Z
txApplied-average	0.016666666666666666	2020-04-13T22:56:26.023Z
txApplied-total	2	2020-04-13T22:56:26.023Z
txRejected-average	0	2020-04-13T22:56:26.023Z
txRejected-total	0	2020-04-13T22:56:26.023Z
txExpired-average	0	2020-04-13T22:56:26.023Z
txExpired-total	0	2020-04-13T22:56:26.023Z
txProcessed-average	0	2020-04-13T22:56:26.023Z
txProcessed-total	0	2020-04-13T22:56:26.023Z
queueLength-average	0.31666666666666665	2020-04-13T22:56:26.023Z
queueLength-value	3	2020-04-13T22:56:26.023Z
serverLoad-average	0.0005951209750462266	2020-04-13T22:56:26.023Z
serverLoad-value	0.013106666666666666	2020-04-13T22:56:26.023Z
txTimeInQueue-average	0.26818333333333333	2020-04-13T22:56:26.023Z
txInjected-average	0	2020-04-13T22:56:27.023Z
txInjected-total	0	2020-04-13T22:56:27.023Z
txApplied-average	0.016666666666666666	2020-04-13T22:56:27.023Z
txApplied-total	2	2020-04-13T22:56:27.023Z
txRejected-average	0	2020-04-13T22:56:27.023Z
txRejected-total	0	2020-04-13T22:56:27.023Z
txExpired-average	0	2020-04-13T22:56:27.023Z
txExpired-total	0	2020-04-13T22:56:27.023Z
txProcessed-average	0	2020-04-13T22:56:27.023Z
txProcessed-total	0	2020-04-13T22:56:27.023Z
queueLength-average	0.36666666666666664	2020-04-13T22:56:27.023Z
queueLength-value	3	2020-04-13T22:56:27.023Z
serverLoad-average	0.000893102456527708	2020-04-13T22:56:27.023Z
serverLoad-value	0.01787888888888889	2020-04-13T22:56:27.023Z
txTimeInQueue-average	0.3564333333333333	2020-04-13T22:56:27.023Z
txInjected-average	0	2020-04-13T22:56:28.024Z
txInjected-total	0	2020-04-13T22:56:28.024Z
txApplied-average	0.03333333333333333	2020-04-13T22:56:28.024Z
txApplied-total	3	2020-04-13T22:56:28.024Z
txRejected-average	0	2020-04-13T22:56:28.024Z
txRejected-total	0	2020-04-13T22:56:28.024Z
txExpired-average	0	2020-04-13T22:56:28.024Z
txExpired-total	0	2020-04-13T22:56:28.024Z
txProcessed-average	0	2020-04-13T22:56:28.024Z
txProcessed-total	0	2020-04-13T22:56:28.024Z
queueLength-average	0.4	2020-04-13T22:56:28.024Z
queueLength-value	2	2020-04-13T22:56:28.024Z
serverLoad-average	0.0012891394935647452	2020-04-13T22:56:28.024Z
serverLoad-value	0.023762222222222223	2020-04-13T22:56:28.024Z
txTimeInQueue-average	0.45558333333333334	2020-04-13T22:56:28.024Z
txInjected-average	0	2020-04-13T22:56:29.025Z
txInjected-total	0	2020-04-13T22:56:29.025Z
txApplied-average	0.06666666666666667	2020-04-13T22:56:29.025Z
txApplied-total	5	2020-04-13T22:56:29.025Z
txRejected-average	0	2020-04-13T22:56:29.025Z
txRejected-total	0	2020-04-13T22:56:29.025Z
txExpired-average	0	2020-04-13T22:56:29.025Z
txExpired-total	0	2020-04-13T22:56:29.025Z
txProcessed-average	0	2020-04-13T22:56:29.025Z
txProcessed-total	0	2020-04-13T22:56:29.025Z
queueLength-average	0.4	2020-04-13T22:56:29.025Z
queueLength-value	0	2020-04-13T22:56:29.025Z
serverLoad-average	0.001795343197268449	2020-04-13T22:56:29.025Z
serverLoad-value	0.030372222222222224	2020-04-13T22:56:29.025Z
txTimeInQueue-average	0.45558333333333334	2020-04-13T22:56:29.025Z
txInjected-average	0	2020-04-13T22:56:30.027Z
txInjected-total	0	2020-04-13T22:56:30.027Z
txApplied-average	0.06666666666666667	2020-04-13T22:56:30.027Z
txApplied-total	5	2020-04-13T22:56:30.027Z
txRejected-average	0	2020-04-13T22:56:30.027Z
txRejected-total	0	2020-04-13T22:56:30.027Z
txExpired-average	0	2020-04-13T22:56:30.027Z
txExpired-total	0	2020-04-13T22:56:30.027Z
txProcessed-average	0	2020-04-13T22:56:30.027Z
txProcessed-total	0	2020-04-13T22:56:30.027Z
queueLength-average	0.4	2020-04-13T22:56:30.027Z
queueLength-value	0	2020-04-13T22:56:30.027Z
serverLoad-average	0.002301546900972152	2020-04-13T22:56:30.027Z
serverLoad-value	0.030372222222222224	2020-04-13T22:56:30.027Z
txTimeInQueue-average	0.45558333333333334	2020-04-13T22:56:30.027Z
txInjected-average	0	2020-04-13T22:56:31.029Z
txInjected-total	0	2020-04-13T22:56:31.029Z
txApplied-average	0.06666666666666667	2020-04-13T22:56:31.029Z
txApplied-total	5	2020-04-13T22:56:31.029Z
txRejected-average	0	2020-04-13T22:56:31.029Z
txRejected-total	0	2020-04-13T22:56:31.029Z
txExpired-average	0	2020-04-13T22:56:31.029Z
txExpired-total	0	2020-04-13T22:56:31.029Z
txProcessed-average	0	2020-04-13T22:56:31.029Z
txProcessed-total	0	2020-04-13T22:56:31.029Z
queueLength-average	0.4	2020-04-13T22:56:31.029Z
queueLength-value	0	2020-04-13T22:56:31.029Z
serverLoad-average	0.0028077506046758557	2020-04-13T22:56:31.029Z
serverLoad-value	0.030372222222222224	2020-04-13T22:56:31.029Z
txTimeInQueue-average	0.45558333333333334	2020-04-13T22:56:31.029Z
txInjected-average	0	2020-04-13T22:56:32.033Z
txInjected-total	0	2020-04-13T22:56:32.033Z
txApplied-average	0.06666666666666667	2020-04-13T22:56:32.033Z
txApplied-total	5	2020-04-13T22:56:32.033Z
txRejected-average	0	2020-04-13T22:56:32.033Z
txRejected-total	0	2020-04-13T22:56:32.033Z
txExpired-average	0	2020-04-13T22:56:32.033Z
txExpired-total	0	2020-04-13T22:56:32.033Z
txProcessed-average	0	2020-04-13T22:56:32.033Z
txProcessed-total	0	2020-04-13T22:56:32.033Z
queueLength-average	0.4	2020-04-13T22:56:32.033Z
queueLength-value	0	2020-04-13T22:56:32.033Z
serverLoad-average	0.0033139543083795593	2020-04-13T22:56:32.033Z
serverLoad-value	0.030372222222222224	2020-04-13T22:56:32.033Z
txTimeInQueue-average	0.45558333333333334	2020-04-13T22:56:32.033Z
txInjected-average	0	2020-04-13T22:56:33.035Z
txInjected-total	0	2020-04-13T22:56:33.035Z
txApplied-average	0.06666666666666667	2020-04-13T22:56:33.035Z
txApplied-total	5	2020-04-13T22:56:33.035Z
txRejected-average	0	2020-04-13T22:56:33.035Z
txRejected-total	0	2020-04-13T22:56:33.035Z
txExpired-average	0	2020-04-13T22:56:33.035Z
txExpired-total	0	2020-04-13T22:56:33.035Z
txProcessed-average	0	2020-04-13T22:56:33.035Z
txProcessed-total	0	2020-04-13T22:56:33.035Z
queueLength-average	0.4	2020-04-13T22:56:33.035Z
queueLength-value	0	2020-04-13T22:56:33.035Z
serverLoad-average	0.003820158012083263	2020-04-13T22:56:33.035Z
serverLoad-value	0.030372222222222224	2020-04-13T22:56:33.035Z
txTimeInQueue-average	0.45558333333333334	2020-04-13T22:56:33.035Z
txInjected-average	0	2020-04-13T22:56:34.040Z
txInjected-total	0	2020-04-13T22:56:34.040Z
txApplied-average	0.06666666666666667	2020-04-13T22:56:34.040Z
txApplied-total	5	2020-04-13T22:56:34.040Z
txRejected-average	0	2020-04-13T22:56:34.040Z
txRejected-total	0	2020-04-13T22:56:34.040Z
txExpired-average	0	2020-04-13T22:56:34.040Z
txExpired-total	0	2020-04-13T22:56:34.040Z
txProcessed-average	0	2020-04-13T22:56:34.040Z
txProcessed-total	0	2020-04-13T22:56:34.040Z
queueLength-average	0.4	2020-04-13T22:56:34.040Z
queueLength-value	0	2020-04-13T22:56:34.040Z
serverLoad-average	0.004326361715786968	2020-04-13T22:56:34.040Z
serverLoad-value	0.030372222222222224	2020-04-13T22:56:34.040Z
txTimeInQueue-average	0.45558333333333334	2020-04-13T22:56:34.040Z
txInjected-average	0	2020-04-13T22:56:35.043Z
txInjected-total	0	2020-04-13T22:56:35.043Z
txApplied-average	0.06666666666666667	2020-04-13T22:56:35.043Z
txApplied-total	5	2020-04-13T22:56:35.043Z
txRejected-average	0	2020-04-13T22:56:35.043Z
txRejected-total	0	2020-04-13T22:56:35.043Z
txExpired-average	0	2020-04-13T22:56:35.043Z
txExpired-total	0	2020-04-13T22:56:35.043Z
txProcessed-average	0	2020-04-13T22:56:35.043Z
txProcessed-total	0	2020-04-13T22:56:35.043Z
queueLength-average	0.4	2020-04-13T22:56:35.043Z
queueLength-value	0	2020-04-13T22:56:35.043Z
serverLoad-average	0.004832565419490672	2020-04-13T22:56:35.043Z
serverLoad-value	0.030372222222222224	2020-04-13T22:56:35.043Z
txTimeInQueue-average	0.45558333333333334	2020-04-13T22:56:35.043Z
txInjected-average	0	2020-04-13T22:56:36.047Z
txInjected-total	0	2020-04-13T22:56:36.047Z
txApplied-average	0.06666666666666667	2020-04-13T22:56:36.047Z
txApplied-total	5	2020-04-13T22:56:36.047Z
txRejected-average	0	2020-04-13T22:56:36.047Z
txRejected-total	0	2020-04-13T22:56:36.047Z
txExpired-average	0	2020-04-13T22:56:36.047Z
txExpired-total	0	2020-04-13T22:56:36.047Z
txProcessed-average	0	2020-04-13T22:56:36.047Z
txProcessed-total	0	2020-04-13T22:56:36.047Z
queueLength-average	0.4	2020-04-13T22:56:36.047Z
queueLength-value	0	2020-04-13T22:56:36.047Z
serverLoad-average	0.005338769123194376	2020-04-13T22:56:36.047Z
serverLoad-value	0.030372222222222224	2020-04-13T22:56:36.047Z
txTimeInQueue-average	0.45558333333333334	2020-04-13T22:56:36.047Z
txInjected-average	0	2020-04-13T22:56:37.051Z
txInjected-total	0	2020-04-13T22:56:37.051Z
txApplied-average	0.06666666666666667	2020-04-13T22:56:37.051Z
txApplied-total	5	2020-04-13T22:56:37.051Z
txRejected-average	0	2020-04-13T22:56:37.051Z
txRejected-total	0	2020-04-13T22:56:37.051Z
txExpired-average	0	2020-04-13T22:56:37.051Z
txExpired-total	0	2020-04-13T22:56:37.051Z
txProcessed-average	0	2020-04-13T22:56:37.051Z
txProcessed-total	0	2020-04-13T22:56:37.051Z
queueLength-average	0.4	2020-04-13T22:56:37.051Z
queueLength-value	0	2020-04-13T22:56:37.051Z
serverLoad-average	0.00584497282689808	2020-04-13T22:56:37.051Z
serverLoad-value	0.030372222222222224	2020-04-13T22:56:37.051Z
txTimeInQueue-average	0.45558333333333334	2020-04-13T22:56:37.051Z
txInjected-average	0	2020-04-13T22:56:38.055Z
txInjected-total	0	2020-04-13T22:56:38.055Z
txApplied-average	0.06666666666666667	2020-04-13T22:56:38.055Z
txApplied-total	5	2020-04-13T22:56:38.055Z
txRejected-average	0	2020-04-13T22:56:38.055Z
txRejected-total	0	2020-04-13T22:56:38.055Z
txExpired-average	0	2020-04-13T22:56:38.055Z
txExpired-total	0	2020-04-13T22:56:38.055Z
txProcessed-average	0	2020-04-13T22:56:38.055Z
txProcessed-total	0	2020-04-13T22:56:38.055Z
queueLength-average	0.4	2020-04-13T22:56:38.055Z
queueLength-value	0	2020-04-13T22:56:38.055Z
serverLoad-average	0.006351176530601784	2020-04-13T22:56:38.055Z
serverLoad-value	0.030372222222222224	2020-04-13T22:56:38.055Z
txTimeInQueue-average	0.45558333333333334	2020-04-13T22:56:38.055Z
txInjected-average	0	2020-04-13T22:56:39.056Z
txInjected-total	0	2020-04-13T22:56:39.056Z
txApplied-average	0.06666666666666667	2020-04-13T22:56:39.056Z
txApplied-total	5	2020-04-13T22:56:39.056Z
txRejected-average	0	2020-04-13T22:56:39.056Z
txRejected-total	0	2020-04-13T22:56:39.056Z
txExpired-average	0	2020-04-13T22:56:39.056Z
txExpired-total	0	2020-04-13T22:56:39.056Z
txProcessed-average	0	2020-04-13T22:56:39.056Z
txProcessed-total	0	2020-04-13T22:56:39.056Z
queueLength-average	0.45	2020-04-13T22:56:39.056Z
queueLength-value	3	2020-04-13T22:56:39.056Z
serverLoad-average	0.006857380234305488	2020-04-13T22:56:39.056Z
serverLoad-value	0.030372222222222224	2020-04-13T22:56:39.056Z
txTimeInQueue-average	0.4659	2020-04-13T22:56:39.056Z
txInjected-average	0	2020-04-13T22:56:40.056Z
txInjected-total	0	2020-04-13T22:56:40.056Z
txApplied-average	0.06666666666666667	2020-04-13T22:56:40.056Z
txApplied-total	5	2020-04-13T22:56:40.056Z
txRejected-average	0	2020-04-13T22:56:40.056Z
txRejected-total	0	2020-04-13T22:56:40.056Z
txExpired-average	0	2020-04-13T22:56:40.056Z
txExpired-total	0	2020-04-13T22:56:40.056Z
txProcessed-average	0	2020-04-13T22:56:40.056Z
txProcessed-total	0	2020-04-13T22:56:40.056Z
queueLength-average	0.5166666666666667	2020-04-13T22:56:40.056Z
queueLength-value	4	2020-04-13T22:56:40.056Z
serverLoad-average	0.007375046900972154	2020-04-13T22:56:40.056Z
serverLoad-value	0.031059999999999997	2020-04-13T22:56:40.056Z
txTimeInQueue-average	0.48943333333333333	2020-04-13T22:56:40.056Z
txInjected-average	0	2020-04-13T22:56:41.057Z
txInjected-total	0	2020-04-13T22:56:41.057Z
txApplied-average	0.06666666666666667	2020-04-13T22:56:41.057Z
txApplied-total	5	2020-04-13T22:56:41.057Z
txRejected-average	0	2020-04-13T22:56:41.057Z
txRejected-total	0	2020-04-13T22:56:41.057Z
txExpired-average	0	2020-04-13T22:56:41.057Z
txExpired-total	0	2020-04-13T22:56:41.057Z
txProcessed-average	0	2020-04-13T22:56:41.057Z
txProcessed-total	0	2020-04-13T22:56:41.057Z
queueLength-average	0.6	2020-04-13T22:56:41.057Z
queueLength-value	5	2020-04-13T22:56:41.057Z
serverLoad-average	0.007918861715786969	2020-04-13T22:56:41.057Z
serverLoad-value	0.03262888888888889	2020-04-13T22:56:41.057Z
txTimeInQueue-average	0.5264500000000001	2020-04-13T22:56:41.057Z
txInjected-average	0	2020-04-13T22:56:42.059Z
txInjected-total	0	2020-04-13T22:56:42.059Z
txApplied-average	0.06666666666666667	2020-04-13T22:56:42.059Z
txApplied-total	5	2020-04-13T22:56:42.059Z
txRejected-average	0	2020-04-13T22:56:42.059Z
txRejected-total	0	2020-04-13T22:56:42.059Z
txExpired-average	0	2020-04-13T22:56:42.059Z
txExpired-total	0	2020-04-13T22:56:42.059Z
txProcessed-average	0	2020-04-13T22:56:42.059Z
txProcessed-total	0	2020-04-13T22:56:42.059Z
queueLength-average	0.7166666666666667	2020-04-13T22:56:42.059Z
queueLength-value	7	2020-04-13T22:56:42.059Z
serverLoad-average	0.008503806160231412	2020-04-13T22:56:42.059Z
serverLoad-value	0.03509666666666667	2020-04-13T22:56:42.059Z
txTimeInQueue-average	0.57	2020-04-13T22:56:42.059Z
txInjected-average	0	2020-04-13T22:56:43.060Z
txInjected-total	0	2020-04-13T22:56:43.060Z
txApplied-average	0.06666666666666667	2020-04-13T22:56:43.060Z
txApplied-total	5	2020-04-13T22:56:43.060Z
txRejected-average	0	2020-04-13T22:56:43.060Z
txRejected-total	0	2020-04-13T22:56:43.060Z
txExpired-average	0	2020-04-13T22:56:43.060Z
txExpired-total	0	2020-04-13T22:56:43.060Z
txProcessed-average	0	2020-04-13T22:56:43.060Z
txProcessed-total	0	2020-04-13T22:56:43.060Z
queueLength-average	0.8333333333333334	2020-04-13T22:56:43.060Z
queueLength-value	7	2020-04-13T22:56:43.060Z
serverLoad-average	0.009137139493564745	2020-04-13T22:56:43.060Z
serverLoad-value	0.038	2020-04-13T22:56:43.060Z
txTimeInQueue-average	0.6302333333333333	2020-04-13T22:56:43.060Z
txInjected-average	0	2020-04-13T22:56:44.062Z
txInjected-total	0	2020-04-13T22:56:44.062Z
txApplied-average	0.06666666666666667	2020-04-13T22:56:44.062Z
txApplied-total	5	2020-04-13T22:56:44.062Z
txRejected-average	0	2020-04-13T22:56:44.062Z
txRejected-total	0	2020-04-13T22:56:44.062Z
txExpired-average	0	2020-04-13T22:56:44.062Z
txExpired-total	0	2020-04-13T22:56:44.062Z
txProcessed-average	0	2020-04-13T22:56:44.062Z
txProcessed-total	0	2020-04-13T22:56:44.062Z
queueLength-average	0.95	2020-04-13T22:56:44.062Z
queueLength-value	7	2020-04-13T22:56:44.062Z
serverLoad-average	0.009837398752824005	2020-04-13T22:56:44.062Z
serverLoad-value	0.042015555555555556	2020-04-13T22:56:44.062Z
txTimeInQueue-average	0.7071666666666666	2020-04-13T22:56:44.062Z
txInjected-average	0	2020-04-13T22:56:45.062Z
txInjected-total	0	2020-04-13T22:56:45.062Z
txApplied-average	0.11666666666666667	2020-04-13T22:56:45.062Z
txApplied-total	8	2020-04-13T22:56:45.062Z
txRejected-average	0	2020-04-13T22:56:45.062Z
txRejected-total	0	2020-04-13T22:56:45.062Z
txExpired-average	0	2020-04-13T22:56:45.062Z
txExpired-total	0	2020-04-13T22:56:45.062Z
txProcessed-average	0	2020-04-13T22:56:45.062Z
txProcessed-total	0	2020-04-13T22:56:45.062Z
queueLength-average	1.0166666666666666	2020-04-13T22:56:45.062Z
queueLength-value	4	2020-04-13T22:56:45.062Z
serverLoad-average	0.010623139493564747	2020-04-13T22:56:45.062Z
serverLoad-value	0.04714444444444444	2020-04-13T22:56:45.062Z
txTimeInQueue-average	0.78665	2020-04-13T22:56:45.062Z
txInjected-average	0	2020-04-13T22:56:46.062Z
txInjected-total	0	2020-04-13T22:56:46.062Z
txApplied-average	0.13333333333333333	2020-04-13T22:56:46.062Z
txApplied-total	9	2020-04-13T22:56:46.062Z
txRejected-average	0	2020-04-13T22:56:46.062Z
txRejected-total	0	2020-04-13T22:56:46.062Z
txExpired-average	0	2020-04-13T22:56:46.062Z
txExpired-total	0	2020-04-13T22:56:46.062Z
txProcessed-average	0	2020-04-13T22:56:46.062Z
txProcessed-total	0	2020-04-13T22:56:46.062Z
queueLength-average	1.0666666666666667	2020-04-13T22:56:46.062Z
queueLength-value	3	2020-04-13T22:56:46.062Z
serverLoad-average	0.011497195049120302	2020-04-13T22:56:46.062Z
serverLoad-value	0.05244333333333333	2020-04-13T22:56:46.062Z
txTimeInQueue-average	0.872	2020-04-13T22:56:46.062Z
txInjected-average	0	2020-04-13T22:56:47.066Z
txInjected-total	0	2020-04-13T22:56:47.066Z
txApplied-average	0.15	2020-04-13T22:56:47.066Z
txApplied-total	10	2020-04-13T22:56:47.066Z
txRejected-average	0	2020-04-13T22:56:47.066Z
txRejected-total	0	2020-04-13T22:56:47.066Z
txExpired-average	0	2020-04-13T22:56:47.066Z
txExpired-total	0	2020-04-13T22:56:47.066Z
txProcessed-average	0	2020-04-13T22:56:47.066Z
txProcessed-total	0	2020-04-13T22:56:47.066Z
queueLength-average	1.1	2020-04-13T22:56:47.066Z
queueLength-value	2	2020-04-13T22:56:47.066Z
serverLoad-average	0.01246608393800919	2020-04-13T22:56:47.066Z
serverLoad-value	0.058133333333333335	2020-04-13T22:56:47.066Z
txTimeInQueue-average	0.9632833333333333	2020-04-13T22:56:47.066Z
txInjected-average	0	2020-04-13T22:56:48.066Z
txInjected-total	0	2020-04-13T22:56:48.066Z
txApplied-average	0.18333333333333332	2020-04-13T22:56:48.066Z
txApplied-total	12	2020-04-13T22:56:48.066Z
txRejected-average	0	2020-04-13T22:56:48.066Z
txRejected-total	0	2020-04-13T22:56:48.066Z
txExpired-average	0	2020-04-13T22:56:48.066Z
txExpired-total	0	2020-04-13T22:56:48.066Z
txProcessed-average	0	2020-04-13T22:56:48.066Z
txProcessed-total	0	2020-04-13T22:56:48.066Z
queueLength-average	1.1	2020-04-13T22:56:48.066Z
queueLength-value	0	2020-04-13T22:56:48.066Z
serverLoad-average	0.013536398752824004	2020-04-13T22:56:48.066Z
serverLoad-value	0.06421888888888888	2020-04-13T22:56:48.066Z
txTimeInQueue-average	0.9632833333333333	2020-04-13T22:56:48.066Z
txInjected-average	0	2020-04-13T22:56:49.070Z
txInjected-total	0	2020-04-13T22:56:49.070Z
txApplied-average	0.18333333333333332	2020-04-13T22:56:49.070Z
txApplied-total	12	2020-04-13T22:56:49.070Z
txRejected-average	0	2020-04-13T22:56:49.070Z
txRejected-total	0	2020-04-13T22:56:49.070Z
txExpired-average	0	2020-04-13T22:56:49.070Z
txExpired-total	0	2020-04-13T22:56:49.070Z
txProcessed-average	0	2020-04-13T22:56:49.070Z
txProcessed-total	0	2020-04-13T22:56:49.070Z
queueLength-average	1.1	2020-04-13T22:56:49.070Z
queueLength-value	0	2020-04-13T22:56:49.070Z
serverLoad-average	0.014606713567638818	2020-04-13T22:56:49.070Z
serverLoad-value	0.06421888888888888	2020-04-13T22:56:49.070Z
txTimeInQueue-average	0.9632833333333333	2020-04-13T22:56:49.070Z
txInjected-average	0	2020-04-13T22:56:50.074Z
txInjected-total	0	2020-04-13T22:56:50.074Z
txApplied-average	0.18333333333333332	2020-04-13T22:56:50.074Z
txApplied-total	12	2020-04-13T22:56:50.074Z
txRejected-average	0	2020-04-13T22:56:50.074Z
txRejected-total	0	2020-04-13T22:56:50.074Z
txExpired-average	0	2020-04-13T22:56:50.074Z
txExpired-total	0	2020-04-13T22:56:50.074Z
txProcessed-average	0	2020-04-13T22:56:50.074Z
txProcessed-total	0	2020-04-13T22:56:50.074Z
queueLength-average	1.1	2020-04-13T22:56:50.074Z
queueLength-value	0	2020-04-13T22:56:50.074Z
serverLoad-average	0.01567702838245363	2020-04-13T22:56:50.074Z
serverLoad-value	0.06421888888888888	2020-04-13T22:56:50.074Z
txTimeInQueue-average	0.9632833333333333	2020-04-13T22:56:50.074Z
txInjected-average	0	2020-04-13T22:56:51.077Z
txInjected-total	0	2020-04-13T22:56:51.077Z
txApplied-average	0.18333333333333332	2020-04-13T22:56:51.077Z
txApplied-total	12	2020-04-13T22:56:51.077Z
txRejected-average	0	2020-04-13T22:56:51.077Z
txRejected-total	0	2020-04-13T22:56:51.077Z
txExpired-average	0	2020-04-13T22:56:51.077Z
txExpired-total	0	2020-04-13T22:56:51.077Z
txProcessed-average	0	2020-04-13T22:56:51.077Z
txProcessed-total	0	2020-04-13T22:56:51.077Z
queueLength-average	1.1166666666666667	2020-04-13T22:56:51.077Z
queueLength-value	1	2020-04-13T22:56:51.077Z
serverLoad-average	0.016747343197268446	2020-04-13T22:56:51.077Z
serverLoad-value	0.06421888888888888	2020-04-13T22:56:51.077Z
txTimeInQueue-average	0.96625	2020-04-13T22:56:51.077Z
txInjected-average	0.016666666666666666	2020-04-13T22:56:52.077Z
txInjected-total	1	2020-04-13T22:56:52.077Z
txApplied-average	0.18333333333333332	2020-04-13T22:56:52.077Z
txApplied-total	12	2020-04-13T22:56:52.077Z
txRejected-average	0	2020-04-13T22:56:52.077Z
txRejected-total	0	2020-04-13T22:56:52.077Z
txExpired-average	0	2020-04-13T22:56:52.077Z
txExpired-total	0	2020-04-13T22:56:52.077Z
txProcessed-average	0	2020-04-13T22:56:52.077Z
txProcessed-total	0	2020-04-13T22:56:52.077Z
queueLength-average	1.15	2020-04-13T22:56:52.077Z
queueLength-value	2	2020-04-13T22:56:52.077Z
serverLoad-average	0.017820954308379554	2020-04-13T22:56:52.077Z
serverLoad-value	0.06441666666666666	2020-04-13T22:56:52.077Z
txTimeInQueue-average	0.9858833333333333	2020-04-13T22:56:52.077Z
txInjected-average	0.016666666666666666	2020-04-13T22:56:53.079Z
txInjected-total	1	2020-04-13T22:56:53.079Z
txApplied-average	0.18333333333333332	2020-04-13T22:56:53.079Z
txApplied-total	12	2020-04-13T22:56:53.079Z
txRejected-average	0	2020-04-13T22:56:53.079Z
txRejected-total	0	2020-04-13T22:56:53.079Z
txExpired-average	0	2020-04-13T22:56:53.079Z
txExpired-total	0	2020-04-13T22:56:53.079Z
txProcessed-average	0	2020-04-13T22:56:53.079Z
txProcessed-total	0	2020-04-13T22:56:53.079Z
queueLength-average	1.2	2020-04-13T22:56:53.079Z
queueLength-value	3	2020-04-13T22:56:53.079Z
serverLoad-average	0.01891638023430548	2020-04-13T22:56:53.079Z
serverLoad-value	0.06572555555555555	2020-04-13T22:56:53.079Z
txTimeInQueue-average	1.0154	2020-04-13T22:56:53.079Z
txInjected-average	0.016666666666666666	2020-04-13T22:56:54.080Z
txInjected-total	1	2020-04-13T22:56:54.080Z
txApplied-average	0.18333333333333332	2020-04-13T22:56:54.080Z
txApplied-total	12	2020-04-13T22:56:54.080Z
txRejected-average	0	2020-04-13T22:56:54.080Z
txRejected-total	0	2020-04-13T22:56:54.080Z
txExpired-average	0	2020-04-13T22:56:54.080Z
txExpired-total	0	2020-04-13T22:56:54.080Z
txProcessed-average	0	2020-04-13T22:56:54.080Z
txProcessed-total	0	2020-04-13T22:56:54.080Z
queueLength-average	1.25	2020-04-13T22:56:54.080Z
queueLength-value	3	2020-04-13T22:56:54.080Z
serverLoad-average	0.020044602456527706	2020-04-13T22:56:54.080Z
serverLoad-value	0.06769333333333334	2020-04-13T22:56:54.080Z
txTimeInQueue-average	1.0615999999999999	2020-04-13T22:56:54.080Z
txInjected-average	0.016666666666666666	2020-04-13T22:56:55.080Z
txInjected-total	1	2020-04-13T22:56:55.080Z
txApplied-average	0.18333333333333332	2020-04-13T22:56:55.080Z
txApplied-total	12	2020-04-13T22:56:55.080Z
txRejected-average	0	2020-04-13T22:56:55.080Z
txRejected-total	0	2020-04-13T22:56:55.080Z
txExpired-average	0	2020-04-13T22:56:55.080Z
txExpired-total	0	2020-04-13T22:56:55.080Z
txProcessed-average	0	2020-04-13T22:56:55.080Z
txProcessed-total	0	2020-04-13T22:56:55.080Z
queueLength-average	1.3	2020-04-13T22:56:55.080Z
queueLength-value	3	2020-04-13T22:56:55.080Z
serverLoad-average	0.02122415801208326	2020-04-13T22:56:55.080Z
serverLoad-value	0.07077333333333333	2020-04-13T22:56:55.080Z
txTimeInQueue-average	1.1244666666666667	2020-04-13T22:56:55.080Z
txInjected-average	0.016666666666666666	2020-04-13T22:56:56.080Z
txInjected-total	1	2020-04-13T22:56:56.080Z
txApplied-average	0.18333333333333332	2020-04-13T22:56:56.080Z
txApplied-total	12	2020-04-13T22:56:56.080Z
txRejected-average	0	2020-04-13T22:56:56.080Z
txRejected-total	0	2020-04-13T22:56:56.080Z
txExpired-average	0	2020-04-13T22:56:56.080Z
txExpired-total	0	2020-04-13T22:56:56.080Z
txProcessed-average	0	2020-04-13T22:56:56.080Z
txProcessed-total	0	2020-04-13T22:56:56.080Z
queueLength-average	1.3666666666666667	2020-04-13T22:56:56.080Z
queueLength-value	4	2020-04-13T22:56:56.080Z
serverLoad-average	0.02247356541949067	2020-04-13T22:56:56.080Z
serverLoad-value	0.07496444444444444	2020-04-13T22:56:56.080Z
txTimeInQueue-average	1.1971833333333335	2020-04-13T22:56:56.080Z
txInjected-average	0.016666666666666666	2020-04-13T22:56:57.080Z
txInjected-total	1	2020-04-13T22:56:57.080Z
txApplied-average	0.2	2020-04-13T22:56:57.080Z
txApplied-total	13	2020-04-13T22:56:57.080Z
txRejected-average	0	2020-04-13T22:56:57.080Z
txRejected-total	0	2020-04-13T22:56:57.080Z
txExpired-average	0	2020-04-13T22:56:57.080Z
txExpired-total	0	2020-04-13T22:56:57.080Z
txProcessed-average	0	2020-04-13T22:56:57.080Z
txProcessed-total	0	2020-04-13T22:56:57.080Z
queueLength-average	1.4166666666666667	2020-04-13T22:56:57.080Z
queueLength-value	3	2020-04-13T22:56:57.080Z
serverLoad-average	0.02380376912319437	2020-04-13T22:56:57.080Z
serverLoad-value	0.07981222222222223	2020-04-13T22:56:57.080Z
txTimeInQueue-average	1.2773916666666667	2020-04-13T22:56:57.080Z
txInjected-average	0.016666666666666666	2020-04-13T22:56:58.081Z
txInjected-total	1	2020-04-13T22:56:58.081Z
txApplied-average	0.2	2020-04-13T22:56:58.081Z
txApplied-total	13	2020-04-13T22:56:58.081Z
txRejected-average	0	2020-04-13T22:56:58.081Z
txRejected-total	0	2020-04-13T22:56:58.081Z
txExpired-average	0	2020-04-13T22:56:58.081Z
txExpired-total	0	2020-04-13T22:56:58.081Z
txProcessed-average	0	2020-04-13T22:56:58.081Z
txProcessed-total	0	2020-04-13T22:56:58.081Z
queueLength-average	1.4666666666666666	2020-04-13T22:56:58.081Z
queueLength-value	3	2020-04-13T22:56:58.081Z
serverLoad-average	0.025223093197268443	2020-04-13T22:56:58.081Z
serverLoad-value	0.08515944444444444	2020-04-13T22:56:58.081Z
txTimeInQueue-average	1.3742833333333333	2020-04-13T22:56:58.081Z
txInjected-average	0.016666666666666666	2020-04-13T22:56:59.082Z
txInjected-total	1	2020-04-13T22:56:59.082Z
txApplied-average	0.2	2020-04-13T22:56:59.082Z
txApplied-total	13	2020-04-13T22:56:59.082Z
txRejected-average	0	2020-04-13T22:56:59.082Z
txRejected-total	0	2020-04-13T22:56:59.082Z
txExpired-average	0	2020-04-13T22:56:59.082Z
txExpired-total	0	2020-04-13T22:56:59.082Z
txProcessed-average	0	2020-04-13T22:56:59.082Z
txProcessed-total	0	2020-04-13T22:56:59.082Z
queueLength-average	1.5166666666666666	2020-04-13T22:56:59.082Z
queueLength-value	3	2020-04-13T22:56:59.082Z
serverLoad-average	0.026750074678749923	2020-04-13T22:56:59.082Z
serverLoad-value	0.09161888888888889	2020-04-13T22:56:59.082Z
txTimeInQueue-average	1.4878583333333333	2020-04-13T22:56:59.082Z
txInjected-average	0.016666666666666666	2020-04-13T22:57:00.082Z
txInjected-total	1	2020-04-13T22:57:00.082Z
txApplied-average	0.2	2020-04-13T22:57:00.082Z
txApplied-total	13	2020-04-13T22:57:00.082Z
txRejected-average	0	2020-04-13T22:57:00.082Z
txRejected-total	0	2020-04-13T22:57:00.082Z
txExpired-average	0	2020-04-13T22:57:00.082Z
txExpired-total	0	2020-04-13T22:57:00.082Z
txProcessed-average	0	2020-04-13T22:57:00.082Z
txProcessed-total	0	2020-04-13T22:57:00.082Z
queueLength-average	1.5666666666666667	2020-04-13T22:57:00.082Z
queueLength-value	3	2020-04-13T22:57:00.082Z
serverLoad-average	0.02840325060467585	2020-04-13T22:57:00.082Z
serverLoad-value	0.09919055555555555	2020-04-13T22:57:00.082Z
txTimeInQueue-average	1.6180999999999999	2020-04-13T22:57:00.082Z
txInjected-average	0.016666666666666666	2020-04-13T22:57:01.083Z
txInjected-total	1	2020-04-13T22:57:01.083Z
txApplied-average	0.2	2020-04-13T22:57:01.083Z
txApplied-total	13	2020-04-13T22:57:01.083Z
txRejected-average	0	2020-04-13T22:57:01.083Z
txRejected-total	0	2020-04-13T22:57:01.083Z
txExpired-average	0	2020-04-13T22:57:01.083Z
txExpired-total	0	2020-04-13T22:57:01.083Z
txProcessed-average	0	2020-04-13T22:57:01.083Z
txProcessed-total	0	2020-04-13T22:57:01.083Z
queueLength-average	1.6166666666666667	2020-04-13T22:57:01.083Z
queueLength-value	3	2020-04-13T22:57:01.083Z
serverLoad-average	0.030201139493564736	2020-04-13T22:57:01.083Z
serverLoad-value	0.10787333333333332	2020-04-13T22:57:01.083Z
txTimeInQueue-average	1.765025	2020-04-13T22:57:01.083Z
txInjected-average	0.016666666666666666	2020-04-13T22:57:02.083Z
txInjected-total	1	2020-04-13T22:57:02.083Z
txApplied-average	0.2	2020-04-13T22:57:02.083Z
txApplied-total	13	2020-04-13T22:57:02.083Z
txRejected-average	0	2020-04-13T22:57:02.083Z
txRejected-total	0	2020-04-13T22:57:02.083Z
txExpired-average	0	2020-04-13T22:57:02.083Z
txExpired-total	0	2020-04-13T22:57:02.083Z
txProcessed-average	0	2020-04-13T22:57:02.083Z
txProcessed-total	0	2020-04-13T22:57:02.083Z
queueLength-average	1.6666666666666667	2020-04-13T22:57:02.083Z
queueLength-value	3	2020-04-13T22:57:02.083Z
serverLoad-average	0.03216227838245363	2020-04-13T22:57:02.083Z
serverLoad-value	0.11766833333333333	2020-04-13T22:57:02.083Z
txTimeInQueue-average	1.9286166666666666	2020-04-13T22:57:02.083Z
txInjected-average	0.016666666666666666	2020-04-13T22:57:03.084Z
txInjected-total	1	2020-04-13T22:57:03.084Z
txApplied-average	0.2	2020-04-13T22:57:03.084Z
txApplied-total	13	2020-04-13T22:57:03.084Z
txRejected-average	0	2020-04-13T22:57:03.084Z
txRejected-total	0	2020-04-13T22:57:03.084Z
txExpired-average	0	2020-04-13T22:57:03.084Z
txExpired-total	0	2020-04-13T22:57:03.084Z
txProcessed-average	0	2020-04-13T22:57:03.084Z
txProcessed-total	0	2020-04-13T22:57:03.084Z
queueLength-average	1.7166666666666666	2020-04-13T22:57:03.084Z
queueLength-value	3	2020-04-13T22:57:03.084Z
serverLoad-average	0.03430518578986103	2020-04-13T22:57:03.084Z
serverLoad-value	0.12857444444444444	2020-04-13T22:57:03.084Z
txTimeInQueue-average	2.108891666666667	2020-04-13T22:57:03.084Z
txInjected-average	0.016666666666666666	2020-04-13T22:57:04.089Z
txInjected-total	1	2020-04-13T22:57:04.089Z
txApplied-average	0.25	2020-04-13T22:57:04.089Z
txApplied-total	16	2020-04-13T22:57:04.089Z
txRejected-average	0	2020-04-13T22:57:04.089Z
txRejected-total	0	2020-04-13T22:57:04.089Z
txExpired-average	0	2020-04-13T22:57:04.089Z
txExpired-total	0	2020-04-13T22:57:04.089Z
txProcessed-average	0	2020-04-13T22:57:04.089Z
txProcessed-total	0	2020-04-13T22:57:04.089Z
queueLength-average	1.7166666666666666	2020-04-13T22:57:04.089Z
queueLength-value	0	2020-04-13T22:57:04.089Z
serverLoad-average	0.036648398752823996	2020-04-13T22:57:04.089Z
serverLoad-value	0.14059277777777782	2020-04-13T22:57:04.089Z
txTimeInQueue-average	2.108891666666667	2020-04-13T22:57:04.089Z
txInjected-average	0.016666666666666666	2020-04-13T22:57:05.093Z
txInjected-total	1	2020-04-13T22:57:05.093Z
txApplied-average	0.25	2020-04-13T22:57:05.093Z
txApplied-total	16	2020-04-13T22:57:05.093Z
txRejected-average	0	2020-04-13T22:57:05.093Z
txRejected-total	0	2020-04-13T22:57:05.093Z
txExpired-average	0	2020-04-13T22:57:05.093Z
txExpired-total	0	2020-04-13T22:57:05.093Z
txProcessed-average	0	2020-04-13T22:57:05.093Z
txProcessed-total	0	2020-04-13T22:57:05.093Z
queueLength-average	1.7166666666666666	2020-04-13T22:57:05.093Z
queueLength-value	0	2020-04-13T22:57:05.093Z
serverLoad-average	0.03899161171578696	2020-04-13T22:57:05.093Z
serverLoad-value	0.14059277777777782	2020-04-13T22:57:05.093Z
txTimeInQueue-average	2.108891666666667	2020-04-13T22:57:05.093Z
txInjected-average	0.016666666666666666	2020-04-13T22:57:06.097Z
txInjected-total	1	2020-04-13T22:57:06.097Z
txApplied-average	0.25	2020-04-13T22:57:06.097Z
txApplied-total	16	2020-04-13T22:57:06.097Z
txRejected-average	0	2020-04-13T22:57:06.097Z
txRejected-total	0	2020-04-13T22:57:06.097Z
txExpired-average	0	2020-04-13T22:57:06.097Z
txExpired-total	0	2020-04-13T22:57:06.097Z
txProcessed-average	0	2020-04-13T22:57:06.097Z
txProcessed-total	0	2020-04-13T22:57:06.097Z
queueLength-average	1.7166666666666666	2020-04-13T22:57:06.097Z
queueLength-value	0	2020-04-13T22:57:06.097Z
serverLoad-average	0.04133482467874993	2020-04-13T22:57:06.097Z
serverLoad-value	0.14059277777777782	2020-04-13T22:57:06.097Z
txTimeInQueue-average	2.108891666666667	2020-04-13T22:57:06.097Z
txInjected-average	0.016666666666666666	2020-04-13T22:57:07.100Z
txInjected-total	1	2020-04-13T22:57:07.100Z
txApplied-average	0.25	2020-04-13T22:57:07.100Z
txApplied-total	16	2020-04-13T22:57:07.100Z
txRejected-average	0	2020-04-13T22:57:07.100Z
txRejected-total	0	2020-04-13T22:57:07.100Z
txExpired-average	0	2020-04-13T22:57:07.100Z
txExpired-total	0	2020-04-13T22:57:07.100Z
txProcessed-average	0	2020-04-13T22:57:07.100Z
txProcessed-total	0	2020-04-13T22:57:07.100Z
queueLength-average	1.7166666666666666	2020-04-13T22:57:07.100Z
queueLength-value	0	2020-04-13T22:57:07.100Z
serverLoad-average	0.043678037641712894	2020-04-13T22:57:07.100Z
serverLoad-value	0.14059277777777782	2020-04-13T22:57:07.100Z
txTimeInQueue-average	2.108891666666667	2020-04-13T22:57:07.100Z
txInjected-average	0.016666666666666666	2020-04-13T22:57:08.101Z
txInjected-total	1	2020-04-13T22:57:08.101Z
txApplied-average	0.25	2020-04-13T22:57:08.101Z
txApplied-total	16	2020-04-13T22:57:08.101Z
txRejected-average	0	2020-04-13T22:57:08.101Z
txRejected-total	0	2020-04-13T22:57:08.101Z
txExpired-average	0	2020-04-13T22:57:08.101Z
txExpired-total	0	2020-04-13T22:57:08.101Z
txProcessed-average	0	2020-04-13T22:57:08.101Z
txProcessed-total	0	2020-04-13T22:57:08.101Z
queueLength-average	1.7166666666666666	2020-04-13T22:57:08.101Z
queueLength-value	0	2020-04-13T22:57:08.101Z
serverLoad-average	0.046021250604675865	2020-04-13T22:57:08.101Z
serverLoad-value	0.14059277777777782	2020-04-13T22:57:08.101Z
txTimeInQueue-average	2.108891666666667	2020-04-13T22:57:08.101Z
txInjected-average	0.016666666666666666	2020-04-13T22:57:09.105Z
txInjected-total	1	2020-04-13T22:57:09.105Z
txApplied-average	0.25	2020-04-13T22:57:09.105Z
txApplied-total	16	2020-04-13T22:57:09.105Z
txRejected-average	0	2020-04-13T22:57:09.105Z
txRejected-total	0	2020-04-13T22:57:09.105Z
txExpired-average	0	2020-04-13T22:57:09.105Z
txExpired-total	0	2020-04-13T22:57:09.105Z
txProcessed-average	0	2020-04-13T22:57:09.105Z
txProcessed-total	0	2020-04-13T22:57:09.105Z
queueLength-average	1.7166666666666666	2020-04-13T22:57:09.105Z
queueLength-value	0	2020-04-13T22:57:09.105Z
serverLoad-average	0.04836446356763883	2020-04-13T22:57:09.105Z
serverLoad-value	0.14059277777777782	2020-04-13T22:57:09.105Z
txTimeInQueue-average	2.108891666666667	2020-04-13T22:57:09.105Z
txInjected-average	0.016666666666666666	2020-04-13T22:57:10.108Z
txInjected-total	1	2020-04-13T22:57:10.108Z
txApplied-average	0.25	2020-04-13T22:57:10.108Z
txApplied-total	16	2020-04-13T22:57:10.108Z
txRejected-average	0	2020-04-13T22:57:10.108Z
txRejected-total	0	2020-04-13T22:57:10.108Z
txExpired-average	0	2020-04-13T22:57:10.108Z
txExpired-total	0	2020-04-13T22:57:10.108Z
txProcessed-average	0	2020-04-13T22:57:10.108Z
txProcessed-total	0	2020-04-13T22:57:10.108Z
queueLength-average	1.7166666666666666	2020-04-13T22:57:10.108Z
queueLength-value	0	2020-04-13T22:57:10.108Z
serverLoad-average	0.0507076765306018	2020-04-13T22:57:10.108Z
serverLoad-value	0.14059277777777782	2020-04-13T22:57:10.108Z
txTimeInQueue-average	2.108891666666667	2020-04-13T22:57:10.108Z
txInjected-average	0.016666666666666666	2020-04-13T22:57:11.110Z
txInjected-total	1	2020-04-13T22:57:11.110Z
txApplied-average	0.25	2020-04-13T22:57:11.110Z
txApplied-total	16	2020-04-13T22:57:11.110Z
txRejected-average	0	2020-04-13T22:57:11.110Z
txRejected-total	0	2020-04-13T22:57:11.110Z
txExpired-average	0	2020-04-13T22:57:11.110Z
txExpired-total	0	2020-04-13T22:57:11.110Z
txProcessed-average	0	2020-04-13T22:57:11.110Z
txProcessed-total	0	2020-04-13T22:57:11.110Z
queueLength-average	1.7166666666666666	2020-04-13T22:57:11.110Z
queueLength-value	0	2020-04-13T22:57:11.110Z
serverLoad-average	0.05305088949356476	2020-04-13T22:57:11.110Z
serverLoad-value	0.14059277777777782	2020-04-13T22:57:11.110Z
txTimeInQueue-average	2.108891666666667	2020-04-13T22:57:11.110Z
txInjected-average	0.016666666666666666	2020-04-13T22:57:12.114Z
txInjected-total	1	2020-04-13T22:57:12.114Z
txApplied-average	0.25	2020-04-13T22:57:12.114Z
txApplied-total	16	2020-04-13T22:57:12.114Z
txRejected-average	0	2020-04-13T22:57:12.114Z
txRejected-total	0	2020-04-13T22:57:12.114Z
txExpired-average	0	2020-04-13T22:57:12.114Z
txExpired-total	0	2020-04-13T22:57:12.114Z
txProcessed-average	0	2020-04-13T22:57:12.114Z
txProcessed-total	0	2020-04-13T22:57:12.114Z
queueLength-average	1.7166666666666666	2020-04-13T22:57:12.114Z
queueLength-value	0	2020-04-13T22:57:12.114Z
serverLoad-average	0.05539410245652773	2020-04-13T22:57:12.114Z
serverLoad-value	0.14059277777777782	2020-04-13T22:57:12.114Z
txTimeInQueue-average	2.108891666666667	2020-04-13T22:57:12.114Z
txInjected-average	0.016666666666666666	2020-04-13T22:57:13.117Z
txInjected-total	1	2020-04-13T22:57:13.117Z
txApplied-average	0.25	2020-04-13T22:57:13.117Z
txApplied-total	16	2020-04-13T22:57:13.117Z
txRejected-average	0	2020-04-13T22:57:13.117Z
txRejected-total	0	2020-04-13T22:57:13.117Z
txExpired-average	0	2020-04-13T22:57:13.117Z
txExpired-total	0	2020-04-13T22:57:13.117Z
txProcessed-average	0	2020-04-13T22:57:13.117Z
txProcessed-total	0	2020-04-13T22:57:13.117Z
queueLength-average	1.7166666666666666	2020-04-13T22:57:13.117Z
queueLength-value	0	2020-04-13T22:57:13.117Z
serverLoad-average	0.057737315419490697	2020-04-13T22:57:13.117Z
serverLoad-value	0.14059277777777782	2020-04-13T22:57:13.117Z
txTimeInQueue-average	2.108891666666667	2020-04-13T22:57:13.117Z
txInjected-average	0.016666666666666666	2020-04-13T22:57:14.119Z
txInjected-total	1	2020-04-13T22:57:14.119Z
txApplied-average	0.25	2020-04-13T22:57:14.119Z
txApplied-total	16	2020-04-13T22:57:14.119Z
txRejected-average	0	2020-04-13T22:57:14.119Z
txRejected-total	0	2020-04-13T22:57:14.119Z
txExpired-average	0	2020-04-13T22:57:14.119Z
txExpired-total	0	2020-04-13T22:57:14.119Z
txProcessed-average	0	2020-04-13T22:57:14.119Z
txProcessed-total	0	2020-04-13T22:57:14.119Z
queueLength-average	1.7166666666666666	2020-04-13T22:57:14.119Z
queueLength-value	0	2020-04-13T22:57:14.119Z
serverLoad-average	0.06008052838245367	2020-04-13T22:57:14.119Z
serverLoad-value	0.14059277777777782	2020-04-13T22:57:14.119Z
txTimeInQueue-average	2.108891666666667	2020-04-13T22:57:14.119Z
txInjected-average	0.016666666666666666	2020-04-13T22:57:15.122Z
txInjected-total	1	2020-04-13T22:57:15.122Z
txApplied-average	0.25	2020-04-13T22:57:15.122Z
txApplied-total	16	2020-04-13T22:57:15.122Z
txRejected-average	0	2020-04-13T22:57:15.122Z
txRejected-total	0	2020-04-13T22:57:15.122Z
txExpired-average	0	2020-04-13T22:57:15.122Z
txExpired-total	0	2020-04-13T22:57:15.122Z
txProcessed-average	0	2020-04-13T22:57:15.122Z
txProcessed-total	0	2020-04-13T22:57:15.122Z
queueLength-average	1.7166666666666666	2020-04-13T22:57:15.122Z
queueLength-value	0	2020-04-13T22:57:15.122Z
serverLoad-average	0.06242374134541663	2020-04-13T22:57:15.122Z
serverLoad-value	0.14059277777777782	2020-04-13T22:57:15.122Z
txTimeInQueue-average	2.108891666666667	2020-04-13T22:57:15.122Z
txInjected-average	0.016666666666666666	2020-04-13T22:57:16.126Z
txInjected-total	1	2020-04-13T22:57:16.126Z
txApplied-average	0.25	2020-04-13T22:57:16.126Z
txApplied-total	16	2020-04-13T22:57:16.126Z
txRejected-average	0	2020-04-13T22:57:16.126Z
txRejected-total	0	2020-04-13T22:57:16.126Z
txExpired-average	0	2020-04-13T22:57:16.126Z
txExpired-total	0	2020-04-13T22:57:16.126Z
txProcessed-average	0	2020-04-13T22:57:16.126Z
txProcessed-total	0	2020-04-13T22:57:16.126Z
queueLength-average	1.7166666666666666	2020-04-13T22:57:16.126Z
queueLength-value	0	2020-04-13T22:57:16.126Z
serverLoad-average	0.0647669543083796	2020-04-13T22:57:16.126Z
serverLoad-value	0.14059277777777782	2020-04-13T22:57:16.126Z
txTimeInQueue-average	2.108891666666667	2020-04-13T22:57:16.126Z
txInjected-average	0.016666666666666666	2020-04-13T22:57:17.129Z
txInjected-total	1	2020-04-13T22:57:17.129Z
txApplied-average	0.25	2020-04-13T22:57:17.129Z
txApplied-total	16	2020-04-13T22:57:17.129Z
txRejected-average	0	2020-04-13T22:57:17.129Z
txRejected-total	0	2020-04-13T22:57:17.129Z
txExpired-average	0	2020-04-13T22:57:17.129Z
txExpired-total	0	2020-04-13T22:57:17.129Z
txProcessed-average	0	2020-04-13T22:57:17.129Z
txProcessed-total	0	2020-04-13T22:57:17.129Z
queueLength-average	1.7166666666666666	2020-04-13T22:57:17.129Z
queueLength-value	0	2020-04-13T22:57:17.129Z
serverLoad-average	0.06711016727134257	2020-04-13T22:57:17.129Z
serverLoad-value	0.14059277777777782	2020-04-13T22:57:17.129Z
txTimeInQueue-average	2.108891666666667	2020-04-13T22:57:17.129Z
txInjected-average	0.016666666666666666	2020-04-13T22:57:18.133Z
txInjected-total	1	2020-04-13T22:57:18.133Z
txApplied-average	0.25	2020-04-13T22:57:18.133Z
txApplied-total	16	2020-04-13T22:57:18.133Z
txRejected-average	0	2020-04-13T22:57:18.133Z
txRejected-total	0	2020-04-13T22:57:18.133Z
txExpired-average	0	2020-04-13T22:57:18.133Z
txExpired-total	0	2020-04-13T22:57:18.133Z
txProcessed-average	0	2020-04-13T22:57:18.133Z
txProcessed-total	0	2020-04-13T22:57:18.133Z
queueLength-average	1.7166666666666666	2020-04-13T22:57:18.133Z
queueLength-value	0	2020-04-13T22:57:18.133Z
serverLoad-average	0.06945338023430554	2020-04-13T22:57:18.133Z
serverLoad-value	0.14059277777777782	2020-04-13T22:57:18.133Z
txTimeInQueue-average	2.108891666666667	2020-04-13T22:57:18.133Z
txInjected-average	0.016666666666666666	2020-04-13T22:57:19.136Z
txInjected-total	1	2020-04-13T22:57:19.136Z
txApplied-average	0.25	2020-04-13T22:57:19.136Z
txApplied-total	16	2020-04-13T22:57:19.136Z
txRejected-average	0	2020-04-13T22:57:19.136Z
txRejected-total	0	2020-04-13T22:57:19.136Z
txExpired-average	0	2020-04-13T22:57:19.136Z
txExpired-total	0	2020-04-13T22:57:19.136Z
txProcessed-average	0	2020-04-13T22:57:19.136Z
txProcessed-total	0	2020-04-13T22:57:19.136Z
queueLength-average	1.7166666666666666	2020-04-13T22:57:19.136Z
queueLength-value	0	2020-04-13T22:57:19.136Z
serverLoad-average	0.07179659319726851	2020-04-13T22:57:19.136Z
serverLoad-value	0.14059277777777782	2020-04-13T22:57:19.136Z
txTimeInQueue-average	2.108891666666667	2020-04-13T22:57:19.136Z
txInjected-average	0.016666666666666666	2020-04-13T22:57:20.140Z
txInjected-total	1	2020-04-13T22:57:20.140Z
txApplied-average	0.25	2020-04-13T22:57:20.140Z
txApplied-total	16	2020-04-13T22:57:20.140Z
txRejected-average	0	2020-04-13T22:57:20.140Z
txRejected-total	0	2020-04-13T22:57:20.140Z
txExpired-average	0	2020-04-13T22:57:20.140Z
txExpired-total	0	2020-04-13T22:57:20.140Z
txProcessed-average	0	2020-04-13T22:57:20.140Z
txProcessed-total	0	2020-04-13T22:57:20.140Z
queueLength-average	1.7	2020-04-13T22:57:20.140Z
queueLength-value	0	2020-04-13T22:57:20.140Z
serverLoad-average	0.07413980616023147	2020-04-13T22:57:20.140Z
serverLoad-value	0.14059277777777782	2020-04-13T22:57:20.140Z
txTimeInQueue-average	2.1040416666666664	2020-04-13T22:57:20.140Z
txInjected-average	0.016666666666666666	2020-04-13T22:57:21.142Z
txInjected-total	1	2020-04-13T22:57:21.142Z
txApplied-average	0.25	2020-04-13T22:57:21.142Z
txApplied-total	16	2020-04-13T22:57:21.142Z
txRejected-average	0	2020-04-13T22:57:21.142Z
txRejected-total	0	2020-04-13T22:57:21.142Z
txExpired-average	0	2020-04-13T22:57:21.142Z
txExpired-total	0	2020-04-13T22:57:21.142Z
txProcessed-average	0	2020-04-13T22:57:21.142Z
txProcessed-total	0	2020-04-13T22:57:21.142Z
queueLength-average	1.6833333333333333	2020-04-13T22:57:21.142Z
queueLength-value	0	2020-04-13T22:57:21.142Z
serverLoad-average	0.07646096356763889	2020-04-13T22:57:21.142Z
serverLoad-value	0.14026944444444442	2020-04-13T22:57:21.142Z
txTimeInQueue-average	2.082491666666667	2020-04-13T22:57:21.142Z
txInjected-average	0.016666666666666666	2020-04-13T22:57:22.147Z
txInjected-total	1	2020-04-13T22:57:22.147Z
txApplied-average	0.25	2020-04-13T22:57:22.147Z
txApplied-total	16	2020-04-13T22:57:22.147Z
txRejected-average	0	2020-04-13T22:57:22.147Z
txRejected-total	0	2020-04-13T22:57:22.147Z
txExpired-average	0	2020-04-13T22:57:22.147Z
txExpired-total	0	2020-04-13T22:57:22.147Z
txProcessed-average	0	2020-04-13T22:57:22.147Z
txProcessed-total	0	2020-04-13T22:57:22.147Z
queueLength-average	1.65	2020-04-13T22:57:22.147Z
queueLength-value	0	2020-04-13T22:57:22.147Z
serverLoad-average	0.07874396600428606	2020-04-13T22:57:22.147Z
serverLoad-value	0.13883277777777778	2020-04-13T22:57:22.147Z
txTimeInQueue-average	2.0442750000000003	2020-04-13T22:57:22.147Z
txInjected-average	0.016666666666666666	2020-04-13T22:57:23.147Z
txInjected-total	1	2020-04-13T22:57:23.147Z
txApplied-average	0.25	2020-04-13T22:57:23.147Z
txApplied-total	16	2020-04-13T22:57:23.147Z
txRejected-average	0	2020-04-13T22:57:23.147Z
txRejected-total	0	2020-04-13T22:57:23.147Z
txExpired-average	0	2020-04-13T22:57:23.147Z
txExpired-total	0	2020-04-13T22:57:23.147Z
txProcessed-average	0	2020-04-13T22:57:23.147Z
txProcessed-total	0	2020-04-13T22:57:23.147Z
queueLength-average	1.5833333333333333	2020-04-13T22:57:23.147Z
queueLength-value	0	2020-04-13T22:57:23.147Z
serverLoad-average	0.08094111064030138	2020-04-13T22:57:23.147Z
serverLoad-value	0.13628500000000002	2020-04-13T22:57:23.147Z
txTimeInQueue-average	2.016975	2020-04-13T22:57:23.147Z
txInjected-average	0.016666666666666666	2020-04-13T22:57:24.153Z
txInjected-total	1	2020-04-13T22:57:24.153Z
txApplied-average	0.25	2020-04-13T22:57:24.153Z
txApplied-total	16	2020-04-13T22:57:24.153Z
txRejected-average	0	2020-04-13T22:57:24.153Z
txRejected-total	0	2020-04-13T22:57:24.153Z
txExpired-average	0	2020-04-13T22:57:24.153Z
txExpired-total	0	2020-04-13T22:57:24.153Z
txProcessed-average	0	2020-04-13T22:57:24.153Z
txProcessed-total	0	2020-04-13T22:57:24.153Z
queueLength-average	1.5166666666666666	2020-04-13T22:57:24.153Z
queueLength-value	0	2020-04-13T22:57:24.153Z
serverLoad-average	0.08307833333333339	2020-04-13T22:57:24.153Z
serverLoad-value	0.134465	2020-04-13T22:57:24.153Z
txTimeInQueue-average	1.9729916666666665	2020-04-13T22:57:24.153Z
txInjected-average	0.016666666666666666	2020-04-13T22:57:25.156Z
txInjected-total	1	2020-04-13T22:57:25.156Z
txApplied-average	0.25	2020-04-13T22:57:25.156Z
txApplied-total	16	2020-04-13T22:57:25.156Z
txRejected-average	0	2020-04-13T22:57:25.156Z
txRejected-total	0	2020-04-13T22:57:25.156Z
txExpired-average	0	2020-04-13T22:57:25.156Z
txExpired-total	0	2020-04-13T22:57:25.156Z
txProcessed-average	0	2020-04-13T22:57:25.156Z
txProcessed-total	0	2020-04-13T22:57:25.156Z
queueLength-average	1.45	2020-04-13T22:57:25.156Z
queueLength-value	0	2020-04-13T22:57:25.156Z
serverLoad-average	0.08511954629629635	2020-04-13T22:57:25.156Z
serverLoad-value	0.13153277777777778	2020-04-13T22:57:25.156Z
txTimeInQueue-average	1.9122916666666667	2020-04-13T22:57:25.156Z
txInjected-average	0.016666666666666666	2020-04-13T22:57:26.158Z
txInjected-total	1	2020-04-13T22:57:26.158Z
txApplied-average	0.23333333333333334	2020-04-13T22:57:26.158Z
txApplied-total	16	2020-04-13T22:57:26.158Z
txRejected-average	0	2020-04-13T22:57:26.158Z
txRejected-total	0	2020-04-13T22:57:26.158Z
txExpired-average	0	2020-04-13T22:57:26.158Z
txExpired-total	0	2020-04-13T22:57:26.158Z
txProcessed-average	0	2020-04-13T22:57:26.158Z
txProcessed-total	0	2020-04-13T22:57:26.158Z
queueLength-average	1.4	2020-04-13T22:57:26.158Z
queueLength-value	0	2020-04-13T22:57:26.158Z
serverLoad-average	0.08702587037037043	2020-04-13T22:57:26.158Z
serverLoad-value	0.1274861111111111	2020-04-13T22:57:26.158Z
txTimeInQueue-average	1.8407083333333332	2020-04-13T22:57:26.158Z
txInjected-average	0.016666666666666666	2020-04-13T22:57:27.160Z
txInjected-total	1	2020-04-13T22:57:27.160Z
txApplied-average	0.23333333333333334	2020-04-13T22:57:27.160Z
txApplied-total	16	2020-04-13T22:57:27.160Z
txRejected-average	0	2020-04-13T22:57:27.160Z
txRejected-total	0	2020-04-13T22:57:27.160Z
txExpired-average	0	2020-04-13T22:57:27.160Z
txExpired-total	0	2020-04-13T22:57:27.160Z
txProcessed-average	0	2020-04-13T22:57:27.160Z
txProcessed-total	0	2020-04-13T22:57:27.160Z
queueLength-average	1.35	2020-04-13T22:57:27.160Z
queueLength-value	0	2020-04-13T22:57:27.160Z
serverLoad-average	0.08877312037037043	2020-04-13T22:57:27.160Z
serverLoad-value	0.12271388888888887	2020-04-13T22:57:27.160Z
txTimeInQueue-average	1.7524583333333332	2020-04-13T22:57:27.160Z
txInjected-average	0.016666666666666666	2020-04-13T22:57:28.161Z
txInjected-total	1	2020-04-13T22:57:28.161Z
txApplied-average	0.21666666666666667	2020-04-13T22:57:28.161Z
txApplied-total	16	2020-04-13T22:57:28.161Z
txRejected-average	0	2020-04-13T22:57:28.161Z
txRejected-total	0	2020-04-13T22:57:28.161Z
txExpired-average	0	2020-04-13T22:57:28.161Z
txExpired-total	0	2020-04-13T22:57:28.161Z
txProcessed-average	0	2020-04-13T22:57:28.161Z
txProcessed-total	0	2020-04-13T22:57:28.161Z
queueLength-average	1.3166666666666667	2020-04-13T22:57:28.161Z
queueLength-value	0	2020-04-13T22:57:28.161Z
serverLoad-average	0.09032425925925931	2020-04-13T22:57:28.161Z
serverLoad-value	0.11683055555555555	2020-04-13T22:57:28.161Z
txTimeInQueue-average	1.6533083333333334	2020-04-13T22:57:28.161Z
txInjected-average	0.016666666666666666	2020-04-13T22:57:29.162Z
txInjected-total	1	2020-04-13T22:57:29.162Z
txApplied-average	0.18333333333333332	2020-04-13T22:57:29.162Z
txApplied-total	16	2020-04-13T22:57:29.162Z
txRejected-average	0	2020-04-13T22:57:29.162Z
txRejected-total	0	2020-04-13T22:57:29.162Z
txExpired-average	0	2020-04-13T22:57:29.162Z
txExpired-total	0	2020-04-13T22:57:29.162Z
txProcessed-average	0	2020-04-13T22:57:29.162Z
txProcessed-total	0	2020-04-13T22:57:29.162Z
queueLength-average	1.3166666666666667	2020-04-13T22:57:29.162Z
queueLength-value	0	2020-04-13T22:57:29.162Z
serverLoad-average	0.09165506481481488	2020-04-13T22:57:29.162Z
serverLoad-value	0.11022055555555556	2020-04-13T22:57:29.162Z
txTimeInQueue-average	1.6533083333333334	2020-04-13T22:57:29.162Z
txInjected-average	0.016666666666666666	2020-04-13T22:57:30.165Z
txInjected-total	1	2020-04-13T22:57:30.165Z
txApplied-average	0.18333333333333332	2020-04-13T22:57:30.165Z
txApplied-total	16	2020-04-13T22:57:30.165Z
txRejected-average	0	2020-04-13T22:57:30.165Z
txRejected-total	0	2020-04-13T22:57:30.165Z
txExpired-average	0	2020-04-13T22:57:30.165Z
txExpired-total	0	2020-04-13T22:57:30.165Z
txProcessed-average	0	2020-04-13T22:57:30.165Z
txProcessed-total	0	2020-04-13T22:57:30.165Z
queueLength-average	1.3166666666666667	2020-04-13T22:57:30.165Z
queueLength-value	0	2020-04-13T22:57:30.165Z
serverLoad-average	0.09298587037037044	2020-04-13T22:57:30.165Z
serverLoad-value	0.11022055555555556	2020-04-13T22:57:30.165Z
txTimeInQueue-average	1.6533083333333334	2020-04-13T22:57:30.165Z
txInjected-average	0.016666666666666666	2020-04-13T22:57:31.169Z
txInjected-total	1	2020-04-13T22:57:31.169Z
txApplied-average	0.18333333333333332	2020-04-13T22:57:31.169Z
txApplied-total	16	2020-04-13T22:57:31.169Z
txRejected-average	0	2020-04-13T22:57:31.169Z
txRejected-total	0	2020-04-13T22:57:31.169Z
txExpired-average	0	2020-04-13T22:57:31.169Z
txExpired-total	0	2020-04-13T22:57:31.169Z
txProcessed-average	0	2020-04-13T22:57:31.169Z
txProcessed-total	0	2020-04-13T22:57:31.169Z
queueLength-average	1.3166666666666667	2020-04-13T22:57:31.169Z
queueLength-value	0	2020-04-13T22:57:31.169Z
serverLoad-average	0.09431667592592599	2020-04-13T22:57:31.169Z
serverLoad-value	0.11022055555555556	2020-04-13T22:57:31.169Z
txTimeInQueue-average	1.6533083333333334	2020-04-13T22:57:31.169Z
