Name	Value	Time
txInjected-average	0	2020-04-13T22:56:38.899Z
txInjected-total	0	2020-04-13T22:56:38.899Z
txApplied-average	4	2020-04-13T22:56:38.899Z
txApplied-total	4	2020-04-13T22:56:38.899Z
txRejected-average	0	2020-04-13T22:56:38.899Z
txRejected-total	0	2020-04-13T22:56:38.899Z
txExpired-average	0	2020-04-13T22:56:38.899Z
txExpired-total	0	2020-04-13T22:56:38.899Z
txProcessed-average	0	2020-04-13T22:56:38.899Z
txProcessed-total	0	2020-04-13T22:56:38.899Z
queueLength-average	2	2020-04-13T22:56:38.899Z
queueLength-value	2	2020-04-13T22:56:38.899Z
serverLoad-average	0	2020-04-13T22:56:38.899Z
serverLoad-value	0	2020-04-13T22:56:38.899Z
txTimeInQueue-average	0.671	2020-04-13T22:56:38.899Z
txInjected-average	0	2020-04-13T22:56:39.899Z
txInjected-total	0	2020-04-13T22:56:39.899Z
txApplied-average	2	2020-04-13T22:56:39.899Z
txApplied-total	4	2020-04-13T22:56:39.899Z
txRejected-average	0	2020-04-13T22:56:39.899Z
txRejected-total	0	2020-04-13T22:56:39.899Z
txExpired-average	0	2020-04-13T22:56:39.899Z
txExpired-total	0	2020-04-13T22:56:39.899Z
txProcessed-average	0	2020-04-13T22:56:39.899Z
txProcessed-total	0	2020-04-13T22:56:39.899Z
queueLength-average	2	2020-04-13T22:56:39.899Z
queueLength-value	2	2020-04-13T22:56:39.899Z
serverLoad-average	0.022366666666666667	2020-04-13T22:56:39.899Z
serverLoad-value	0.04473333333333333	2020-04-13T22:56:39.899Z
txTimeInQueue-average	1.1705	2020-04-13T22:56:39.899Z
txInjected-average	0	2020-04-13T22:56:40.900Z
txInjected-total	0	2020-04-13T22:56:40.900Z
txApplied-average	1.3333333333333333	2020-04-13T22:56:40.900Z
txApplied-total	4	2020-04-13T22:56:40.900Z
txRejected-average	0	2020-04-13T22:56:40.900Z
txRejected-total	0	2020-04-13T22:56:40.900Z
txExpired-average	0	2020-04-13T22:56:40.900Z
txExpired-total	0	2020-04-13T22:56:40.900Z
txProcessed-average	0	2020-04-13T22:56:40.900Z
txProcessed-total	0	2020-04-13T22:56:40.900Z
queueLength-average	2.3333333333333335	2020-04-13T22:56:40.900Z
queueLength-value	3	2020-04-13T22:56:40.900Z
serverLoad-average	0.04092222222222223	2020-04-13T22:56:40.900Z
serverLoad-value	0.07803333333333334	2020-04-13T22:56:40.900Z
txTimeInQueue-average	1.6015	2020-04-13T22:56:40.900Z
txInjected-average	0	2020-04-13T22:56:41.901Z
txInjected-total	0	2020-04-13T22:56:41.901Z
txApplied-average	1	2020-04-13T22:56:41.901Z
txApplied-total	4	2020-04-13T22:56:41.901Z
txRejected-average	0	2020-04-13T22:56:41.901Z
txRejected-total	0	2020-04-13T22:56:41.901Z
txExpired-average	0	2020-04-13T22:56:41.901Z
txExpired-total	0	2020-04-13T22:56:41.901Z
txProcessed-average	0	2020-04-13T22:56:41.901Z
txProcessed-total	0	2020-04-13T22:56:41.901Z
queueLength-average	2.5	2020-04-13T22:56:41.901Z
queueLength-value	3	2020-04-13T22:56:41.901Z
serverLoad-average	0.057383333333333335	2020-04-13T22:56:41.901Z
serverLoad-value	0.10676666666666666	2020-04-13T22:56:41.901Z
txTimeInQueue-average	2.06725	2020-04-13T22:56:41.901Z
txInjected-average	0	2020-04-13T22:56:42.902Z
txInjected-total	0	2020-04-13T22:56:42.902Z
txApplied-average	0.8	2020-04-13T22:56:42.902Z
txApplied-total	4	2020-04-13T22:56:42.902Z
txRejected-average	0	2020-04-13T22:56:42.902Z
txRejected-total	0	2020-04-13T22:56:42.902Z
txExpired-average	0	2020-04-13T22:56:42.902Z
txExpired-total	0	2020-04-13T22:56:42.902Z
txProcessed-average	0	2020-04-13T22:56:42.902Z
txProcessed-total	0	2020-04-13T22:56:42.902Z
queueLength-average	2.8	2020-04-13T22:56:42.902Z
queueLength-value	4	2020-04-13T22:56:42.902Z
serverLoad-average	0.07347000000000001	2020-04-13T22:56:42.902Z
serverLoad-value	0.13781666666666667	2020-04-13T22:56:42.902Z
txTimeInQueue-average	2.5054000000000003	2020-04-13T22:56:42.902Z
txInjected-average	0	2020-04-13T22:56:43.903Z
txInjected-total	0	2020-04-13T22:56:43.903Z
txApplied-average	0.6666666666666666	2020-04-13T22:56:43.903Z
txApplied-total	4	2020-04-13T22:56:43.903Z
txRejected-average	0	2020-04-13T22:56:43.903Z
txRejected-total	0	2020-04-13T22:56:43.903Z
txExpired-average	0	2020-04-13T22:56:43.903Z
txExpired-total	0	2020-04-13T22:56:43.903Z
txProcessed-average	0	2020-04-13T22:56:43.903Z
txProcessed-total	0	2020-04-13T22:56:43.903Z
queueLength-average	3	2020-04-13T22:56:43.903Z
queueLength-value	4	2020-04-13T22:56:43.903Z
serverLoad-average	0.08906277777777778	2020-04-13T22:56:43.903Z
serverLoad-value	0.16702666666666668	2020-04-13T22:56:43.903Z
txTimeInQueue-average	2.9643333333333333	2020-04-13T22:56:43.903Z
txInjected-average	0	2020-04-13T22:56:44.904Z
txInjected-total	0	2020-04-13T22:56:44.904Z
txApplied-average	0.8571428571428571	2020-04-13T22:56:44.904Z
txApplied-total	6	2020-04-13T22:56:44.904Z
txRejected-average	0	2020-04-13T22:56:44.904Z
txRejected-total	0	2020-04-13T22:56:44.904Z
txExpired-average	0	2020-04-13T22:56:44.904Z
txExpired-total	0	2020-04-13T22:56:44.904Z
txProcessed-average	0	2020-04-13T22:56:44.904Z
txProcessed-total	0	2020-04-13T22:56:44.904Z
queueLength-average	2.857142857142857	2020-04-13T22:56:44.904Z
queueLength-value	2	2020-04-13T22:56:44.904Z
serverLoad-average	0.10457126984126985	2020-04-13T22:56:44.904Z
serverLoad-value	0.19762222222222223	2020-04-13T22:56:44.904Z
txTimeInQueue-average	3.1992857142857143	2020-04-13T22:56:44.904Z
txInjected-average	0	2020-04-13T22:56:45.905Z
txInjected-total	0	2020-04-13T22:56:45.905Z
txApplied-average	0.75	2020-04-13T22:56:45.905Z
txApplied-total	6	2020-04-13T22:56:45.905Z
txRejected-average	0	2020-04-13T22:56:45.905Z
txRejected-total	0	2020-04-13T22:56:45.905Z
txExpired-average	0	2020-04-13T22:56:45.905Z
txExpired-total	0	2020-04-13T22:56:45.905Z
txProcessed-average	0	2020-04-13T22:56:45.905Z
txProcessed-total	0	2020-04-13T22:56:45.905Z
queueLength-average	2.75	2020-04-13T22:56:45.905Z
queueLength-value	2	2020-04-13T22:56:45.905Z
serverLoad-average	0.11816057539682541	2020-04-13T22:56:45.905Z
serverLoad-value	0.21328571428571427	2020-04-13T22:56:45.905Z
txTimeInQueue-average	3.500625	2020-04-13T22:56:45.905Z
txInjected-average	0	2020-04-13T22:56:46.905Z
txInjected-total	0	2020-04-13T22:56:46.905Z
txApplied-average	0.7777777777777778	2020-04-13T22:56:46.905Z
txApplied-total	7	2020-04-13T22:56:46.905Z
txRejected-average	0	2020-04-13T22:56:46.905Z
txRejected-total	0	2020-04-13T22:56:46.905Z
txExpired-average	0	2020-04-13T22:56:46.905Z
txExpired-total	0	2020-04-13T22:56:46.905Z
txProcessed-average	0	2020-04-13T22:56:46.905Z
txProcessed-total	0	2020-04-13T22:56:46.905Z
queueLength-average	2.5555555555555554	2020-04-13T22:56:46.905Z
queueLength-value	1	2020-04-13T22:56:46.905Z
serverLoad-average	0.13096217813051148	2020-04-13T22:56:46.905Z
serverLoad-value	0.233375	2020-04-13T22:56:46.905Z
txTimeInQueue-average	3.6623333333333337	2020-04-13T22:56:46.905Z
txInjected-average	0	2020-04-13T22:56:47.907Z
txInjected-total	0	2020-04-13T22:56:47.907Z
txApplied-average	0.7	2020-04-13T22:56:47.907Z
txApplied-total	7	2020-04-13T22:56:47.907Z
txRejected-average	0	2020-04-13T22:56:47.907Z
txRejected-total	0	2020-04-13T22:56:47.907Z
txExpired-average	0	2020-04-13T22:56:47.907Z
txExpired-total	0	2020-04-13T22:56:47.907Z
txProcessed-average	0	2020-04-13T22:56:47.907Z
txProcessed-total	0	2020-04-13T22:56:47.907Z
queueLength-average	2.4	2020-04-13T22:56:47.907Z
queueLength-value	1	2020-04-13T22:56:47.907Z
serverLoad-average	0.14228151587301588	2020-04-13T22:56:47.907Z
serverLoad-value	0.24415555555555557	2020-04-13T22:56:47.907Z
txTimeInQueue-average	3.8919	2020-04-13T22:56:47.907Z
txInjected-average	0	2020-04-13T22:56:48.913Z
txInjected-total	0	2020-04-13T22:56:48.913Z
txApplied-average	0.7272727272727273	2020-04-13T22:56:48.913Z
txApplied-total	8	2020-04-13T22:56:48.913Z
txRejected-average	0	2020-04-13T22:56:48.913Z
txRejected-total	0	2020-04-13T22:56:48.913Z
txExpired-average	0	2020-04-13T22:56:48.913Z
txExpired-total	0	2020-04-13T22:56:48.913Z
txProcessed-average	0	2020-04-13T22:56:48.913Z
txProcessed-total	0	2020-04-13T22:56:48.913Z
queueLength-average	2.1818181818181817	2020-04-13T22:56:48.913Z
queueLength-value	0	2020-04-13T22:56:48.913Z
serverLoad-average	0.15293410533910534	2020-04-13T22:56:48.913Z
serverLoad-value	0.25946	2020-04-13T22:56:48.913Z
txTimeInQueue-average	3.538090909090909	2020-04-13T22:56:48.913Z
txInjected-average	0	2020-04-13T22:56:49.917Z
txInjected-total	0	2020-04-13T22:56:49.917Z
txApplied-average	0.6666666666666666	2020-04-13T22:56:49.917Z
txApplied-total	8	2020-04-13T22:56:49.917Z
txRejected-average	0	2020-04-13T22:56:49.917Z
txRejected-total	0	2020-04-13T22:56:49.917Z
txExpired-average	0	2020-04-13T22:56:49.917Z
txExpired-total	0	2020-04-13T22:56:49.917Z
txProcessed-average	0	2020-04-13T22:56:49.917Z
txProcessed-total	0	2020-04-13T22:56:49.917Z
queueLength-average	2	2020-04-13T22:56:49.917Z
queueLength-value	0	2020-04-13T22:56:49.917Z
serverLoad-average	0.15984565716690716	2020-04-13T22:56:49.917Z
serverLoad-value	0.2358727272727273	2020-04-13T22:56:49.917Z
txTimeInQueue-average	3.24325	2020-04-13T22:56:49.917Z
txInjected-average	0	2020-04-13T22:56:50.918Z
txInjected-total	0	2020-04-13T22:56:50.918Z
txApplied-average	0.6153846153846154	2020-04-13T22:56:50.918Z
txApplied-total	8	2020-04-13T22:56:50.918Z
txRejected-average	0	2020-04-13T22:56:50.918Z
txRejected-total	0	2020-04-13T22:56:50.918Z
txExpired-average	0	2020-04-13T22:56:50.918Z
txExpired-total	0	2020-04-13T22:56:50.918Z
txProcessed-average	0	2020-04-13T22:56:50.918Z
txProcessed-total	0	2020-04-13T22:56:50.918Z
queueLength-average	1.9230769230769231	2020-04-13T22:56:50.918Z
queueLength-value	1	2020-04-13T22:56:50.918Z
serverLoad-average	0.16418188866688865	2020-04-13T22:56:50.918Z
serverLoad-value	0.21621666666666667	2020-04-13T22:56:50.918Z
txTimeInQueue-average	2.9953846153846153	2020-04-13T22:56:50.918Z
txInjected-average	0	2020-04-13T22:56:51.920Z
txInjected-total	0	2020-04-13T22:56:51.920Z
txApplied-average	0.5714285714285714	2020-04-13T22:56:51.920Z
txApplied-total	8	2020-04-13T22:56:51.920Z
txRejected-average	0	2020-04-13T22:56:51.920Z
txRejected-total	0	2020-04-13T22:56:51.920Z
txExpired-average	0	2020-04-13T22:56:51.920Z
txExpired-total	0	2020-04-13T22:56:51.920Z
txProcessed-average	0	2020-04-13T22:56:51.920Z
txProcessed-total	0	2020-04-13T22:56:51.920Z
queueLength-average	1.9285714285714286	2020-04-13T22:56:51.920Z
queueLength-value	2	2020-04-13T22:56:51.920Z
serverLoad-average	0.16671834716870432	2020-04-13T22:56:51.920Z
serverLoad-value	0.1996923076923077	2020-04-13T22:56:51.920Z
txTimeInQueue-average	2.8545	2020-04-13T22:56:51.920Z
txInjected-average	0	2020-04-13T22:56:52.922Z
txInjected-total	0	2020-04-13T22:56:52.922Z
txApplied-average	0.5333333333333333	2020-04-13T22:56:52.922Z
txApplied-total	8	2020-04-13T22:56:52.922Z
txRejected-average	0	2020-04-13T22:56:52.922Z
txRejected-total	0	2020-04-13T22:56:52.922Z
txExpired-average	0	2020-04-13T22:56:52.922Z
txExpired-total	0	2020-04-13T22:56:52.922Z
txProcessed-average	0	2020-04-13T22:56:52.922Z
txProcessed-total	0	2020-04-13T22:56:52.922Z
queueLength-average	2	2020-04-13T22:56:52.922Z
queueLength-value	3	2020-04-13T22:56:52.922Z
serverLoad-average	0.16829045735745737	2020-04-13T22:56:52.922Z
serverLoad-value	0.1903	2020-04-13T22:56:52.922Z
txTimeInQueue-average	2.7718000000000003	2020-04-13T22:56:52.922Z
txInjected-average	0	2020-04-13T22:56:53.922Z
txInjected-total	0	2020-04-13T22:56:53.922Z
txApplied-average	0.5	2020-04-13T22:56:53.922Z
txApplied-total	8	2020-04-13T22:56:53.922Z
txRejected-average	0	2020-04-13T22:56:53.922Z
txRejected-total	0	2020-04-13T22:56:53.922Z
txExpired-average	0	2020-04-13T22:56:53.922Z
txExpired-total	0	2020-04-13T22:56:53.922Z
txProcessed-average	0	2020-04-13T22:56:53.922Z
txProcessed-total	0	2020-04-13T22:56:53.922Z
queueLength-average	2.0625	2020-04-13T22:56:53.922Z
queueLength-value	3	2020-04-13T22:56:53.922Z
serverLoad-average	0.16932147043928295	2020-04-13T22:56:53.922Z
serverLoad-value	0.18478666666666668	2020-04-13T22:56:53.922Z
txTimeInQueue-average	2.761875	2020-04-13T22:56:53.922Z
txInjected-average	0	2020-04-13T22:56:54.923Z
txInjected-total	0	2020-04-13T22:56:54.923Z
txApplied-average	0.47058823529411764	2020-04-13T22:56:54.923Z
txApplied-total	8	2020-04-13T22:56:54.923Z
txRejected-average	0	2020-04-13T22:56:54.923Z
txRejected-total	0	2020-04-13T22:56:54.923Z
txExpired-average	0	2020-04-13T22:56:54.923Z
txExpired-total	0	2020-04-13T22:56:54.923Z
txProcessed-average	0	2020-04-13T22:56:54.923Z
txProcessed-total	0	2020-04-13T22:56:54.923Z
queueLength-average	2.1176470588235294	2020-04-13T22:56:54.923Z
queueLength-value	3	2020-04-13T22:56:54.923Z
serverLoad-average	0.1701922662957957	2020-04-13T22:56:54.923Z
serverLoad-value	0.18412499999999998	2020-04-13T22:56:54.923Z
txTimeInQueue-average	2.812	2020-04-13T22:56:54.923Z
txInjected-average	0	2020-04-13T22:56:55.923Z
txInjected-total	0	2020-04-13T22:56:55.923Z
txApplied-average	0.4444444444444444	2020-04-13T22:56:55.923Z
txApplied-total	8	2020-04-13T22:56:55.923Z
txRejected-average	0	2020-04-13T22:56:55.923Z
txRejected-total	0	2020-04-13T22:56:55.923Z
txExpired-average	0	2020-04-13T22:56:55.923Z
txExpired-total	0	2020-04-13T22:56:55.923Z
txProcessed-average	0	2020-04-13T22:56:55.923Z
txProcessed-total	0	2020-04-13T22:56:55.923Z
queueLength-average	2.1666666666666665	2020-04-13T22:56:55.923Z
queueLength-value	3	2020-04-13T22:56:55.923Z
serverLoad-average	0.17115195520528853	2020-04-13T22:56:55.923Z
serverLoad-value	0.18746666666666664	2020-04-13T22:56:55.923Z
txTimeInQueue-average	2.9121111111111113	2020-04-13T22:56:55.923Z
txInjected-average	0	2020-04-13T22:56:56.925Z
txInjected-total	0	2020-04-13T22:56:56.925Z
txApplied-average	0.42105263157894735	2020-04-13T22:56:56.925Z
txApplied-total	8	2020-04-13T22:56:56.925Z
txRejected-average	0	2020-04-13T22:56:56.925Z
txRejected-total	0	2020-04-13T22:56:56.925Z
txExpired-average	0	2020-04-13T22:56:56.925Z
txExpired-total	0	2020-04-13T22:56:56.925Z
txProcessed-average	0	2020-04-13T22:56:56.925Z
txProcessed-total	0	2020-04-13T22:56:56.925Z
queueLength-average	2.210526315789474	2020-04-13T22:56:56.925Z
queueLength-value	3	2020-04-13T22:56:56.925Z
serverLoad-average	0.1723618912861018	2020-04-13T22:56:56.925Z
serverLoad-value	0.19414074074074075	2020-04-13T22:56:56.925Z
txTimeInQueue-average	3.0327894736842103	2020-04-13T22:56:56.925Z
txInjected-average	0	2020-04-13T22:56:57.925Z
txInjected-total	0	2020-04-13T22:56:57.925Z
txApplied-average	0.5	2020-04-13T22:56:57.925Z
txApplied-total	10	2020-04-13T22:56:57.925Z
txRejected-average	0	2020-04-13T22:56:57.925Z
txRejected-total	0	2020-04-13T22:56:57.925Z
txExpired-average	0	2020-04-13T22:56:57.925Z
txExpired-total	0	2020-04-13T22:56:57.925Z
txProcessed-average	0	2020-04-13T22:56:57.925Z
txProcessed-total	0	2020-04-13T22:56:57.925Z
queueLength-average	2.15	2020-04-13T22:56:57.925Z
queueLength-value	1	2020-04-13T22:56:57.925Z
serverLoad-average	0.17385309496741075	2020-04-13T22:56:57.925Z
serverLoad-value	0.2021859649122807	2020-04-13T22:56:57.925Z
txTimeInQueue-average	3.1364	2020-04-13T22:56:57.925Z
txInjected-average	0	2020-04-13T22:56:58.926Z
txInjected-total	0	2020-04-13T22:56:58.926Z
txApplied-average	0.5238095238095238	2020-04-13T22:56:58.926Z
txApplied-total	11	2020-04-13T22:56:58.926Z
txRejected-average	0	2020-04-13T22:56:58.926Z
txRejected-total	0	2020-04-13T22:56:58.926Z
txExpired-average	0	2020-04-13T22:56:58.926Z
txExpired-total	0	2020-04-13T22:56:58.926Z
txProcessed-average	0	2020-04-13T22:56:58.926Z
txProcessed-total	0	2020-04-13T22:56:58.926Z
queueLength-average	2.0476190476190474	2020-04-13T22:56:58.926Z
queueLength-value	0	2020-04-13T22:56:58.926Z
serverLoad-average	0.1755312015562642	2020-04-13T22:56:58.926Z
serverLoad-value	0.20909333333333333	2020-04-13T22:56:58.926Z
txTimeInQueue-average	2.9870476190476194	2020-04-13T22:56:58.926Z
txInjected-average	0	2020-04-13T22:56:59.929Z
txInjected-total	0	2020-04-13T22:56:59.929Z
txApplied-average	0.5	2020-04-13T22:56:59.929Z
txApplied-total	11	2020-04-13T22:56:59.929Z
txRejected-average	0	2020-04-13T22:56:59.929Z
txRejected-total	0	2020-04-13T22:56:59.929Z
txExpired-average	0	2020-04-13T22:56:59.929Z
txExpired-total	0	2020-04-13T22:56:59.929Z
txProcessed-average	0	2020-04-13T22:56:59.929Z
txProcessed-total	0	2020-04-13T22:56:59.929Z
queueLength-average	1.9545454545454546	2020-04-13T22:56:59.929Z
queueLength-value	0	2020-04-13T22:56:59.929Z
serverLoad-average	0.17660417002809348	2020-04-13T22:56:59.929Z
serverLoad-value	0.19913650793650797	2020-04-13T22:56:59.929Z
txTimeInQueue-average	2.8512727272727276	2020-04-13T22:56:59.929Z
txInjected-average	0	2020-04-13T22:57:00.931Z
txInjected-total	0	2020-04-13T22:57:00.931Z
txApplied-average	0.4782608695652174	2020-04-13T22:57:00.931Z
txApplied-total	11	2020-04-13T22:57:00.931Z
txRejected-average	0	2020-04-13T22:57:00.931Z
txRejected-total	0	2020-04-13T22:57:00.931Z
txExpired-average	0	2020-04-13T22:57:00.931Z
txExpired-total	0	2020-04-13T22:57:00.931Z
txProcessed-average	0	2020-04-13T22:57:00.931Z
txProcessed-total	0	2020-04-13T22:57:00.931Z
queueLength-average	1.8695652173913044	2020-04-13T22:57:00.931Z
queueLength-value	0	2020-04-13T22:57:00.931Z
serverLoad-average	0.177190286482735	2020-04-13T22:57:00.931Z
serverLoad-value	0.1900848484848485	2020-04-13T22:57:00.931Z
txTimeInQueue-average	2.727304347826087	2020-04-13T22:57:00.931Z
txInjected-average	0	2020-04-13T22:57:01.934Z
txInjected-total	0	2020-04-13T22:57:01.934Z
txApplied-average	0.4583333333333333	2020-04-13T22:57:01.934Z
txApplied-total	11	2020-04-13T22:57:01.934Z
txRejected-average	0	2020-04-13T22:57:01.934Z
txRejected-total	0	2020-04-13T22:57:01.934Z
txExpired-average	0	2020-04-13T22:57:01.934Z
txExpired-total	0	2020-04-13T22:57:01.934Z
txProcessed-average	0	2020-04-13T22:57:01.934Z
txProcessed-total	0	2020-04-13T22:57:01.934Z
queueLength-average	1.7916666666666667	2020-04-13T22:57:01.934Z
queueLength-value	0	2020-04-13T22:57:01.934Z
serverLoad-average	0.17738320328991572	2020-04-13T22:57:01.934Z
serverLoad-value	0.18182028985507248	2020-04-13T22:57:01.934Z
txTimeInQueue-average	2.6136666666666666	2020-04-13T22:57:01.934Z
txInjected-average	0	2020-04-13T22:57:02.939Z
txInjected-total	0	2020-04-13T22:57:02.939Z
txApplied-average	0.44	2020-04-13T22:57:02.939Z
txApplied-total	11	2020-04-13T22:57:02.939Z
txRejected-average	0	2020-04-13T22:57:02.939Z
txRejected-total	0	2020-04-13T22:57:02.939Z
txExpired-average	0	2020-04-13T22:57:02.939Z
txExpired-total	0	2020-04-13T22:57:02.939Z
txProcessed-average	0	2020-04-13T22:57:02.939Z
txProcessed-total	0	2020-04-13T22:57:02.939Z
queueLength-average	1.72	2020-04-13T22:57:02.939Z
queueLength-value	0	2020-04-13T22:57:02.939Z
serverLoad-average	0.17725765293609685	2020-04-13T22:57:02.939Z
serverLoad-value	0.17424444444444445	2020-04-13T22:57:02.939Z
txTimeInQueue-average	2.50912	2020-04-13T22:57:02.939Z
txInjected-average	0	2020-04-13T22:57:03.941Z
txInjected-total	0	2020-04-13T22:57:03.941Z
txApplied-average	0.4230769230769231	2020-04-13T22:57:03.941Z
txApplied-total	11	2020-04-13T22:57:03.941Z
txRejected-average	0	2020-04-13T22:57:03.941Z
txRejected-total	0	2020-04-13T22:57:03.941Z
txExpired-average	0	2020-04-13T22:57:03.941Z
txExpired-total	0	2020-04-13T22:57:03.941Z
txProcessed-average	0	2020-04-13T22:57:03.941Z
txProcessed-total	0	2020-04-13T22:57:03.941Z
queueLength-average	1.6538461538461537	2020-04-13T22:57:03.941Z
queueLength-value	0	2020-04-13T22:57:03.941Z
serverLoad-average	0.17687369192573416	2020-04-13T22:57:03.941Z
serverLoad-value	0.16727466666666665	2020-04-13T22:57:03.941Z
txTimeInQueue-average	2.4126153846153846	2020-04-13T22:57:03.941Z
txInjected-average	0	2020-04-13T22:57:04.944Z
txInjected-total	0	2020-04-13T22:57:04.944Z
txApplied-average	0.4074074074074074	2020-04-13T22:57:04.944Z
txApplied-total	11	2020-04-13T22:57:04.944Z
txRejected-average	0	2020-04-13T22:57:04.944Z
txRejected-total	0	2020-04-13T22:57:04.944Z
txExpired-average	0	2020-04-13T22:57:04.944Z
txExpired-total	0	2020-04-13T22:57:04.944Z
txProcessed-average	0	2020-04-13T22:57:04.944Z
txProcessed-total	0	2020-04-13T22:57:04.944Z
queueLength-average	1.5925925925925926	2020-04-13T22:57:04.944Z
queueLength-value	0	2020-04-13T22:57:04.944Z
serverLoad-average	0.17627988947074497	2020-04-13T22:57:04.944Z
serverLoad-value	0.16084102564102565	2020-04-13T22:57:04.944Z
txTimeInQueue-average	2.323259259259259	2020-04-13T22:57:04.944Z
txInjected-average	0	2020-04-13T22:57:05.950Z
txInjected-total	0	2020-04-13T22:57:05.950Z
txApplied-average	0.39285714285714285	2020-04-13T22:57:05.950Z
txApplied-total	11	2020-04-13T22:57:05.950Z
txRejected-average	0	2020-04-13T22:57:05.950Z
txRejected-total	0	2020-04-13T22:57:05.950Z
txExpired-average	0	2020-04-13T22:57:05.950Z
txExpired-total	0	2020-04-13T22:57:05.950Z
txProcessed-average	0	2020-04-13T22:57:05.950Z
txProcessed-total	0	2020-04-13T22:57:05.950Z
queueLength-average	1.5357142857142858	2020-04-13T22:57:05.950Z
queueLength-value	0	2020-04-13T22:57:05.950Z
serverLoad-average	0.17551574879740708	2020-04-13T22:57:05.950Z
serverLoad-value	0.15488395061728394	2020-04-13T22:57:05.950Z
txTimeInQueue-average	2.240285714285714	2020-04-13T22:57:05.950Z
txInjected-average	0	2020-04-13T22:57:06.954Z
txInjected-total	0	2020-04-13T22:57:06.954Z
txApplied-average	0.3793103448275862	2020-04-13T22:57:06.954Z
txApplied-total	11	2020-04-13T22:57:06.954Z
txRejected-average	0	2020-04-13T22:57:06.954Z
txRejected-total	0	2020-04-13T22:57:06.954Z
txExpired-average	0	2020-04-13T22:57:06.954Z
txExpired-total	0	2020-04-13T22:57:06.954Z
txProcessed-average	0	2020-04-13T22:57:06.954Z
txProcessed-total	0	2020-04-13T22:57:06.954Z
queueLength-average	1.4827586206896552	2020-04-13T22:57:06.954Z
queueLength-value	0	2020-04-13T22:57:06.954Z
serverLoad-average	0.17461356369930275	2020-04-13T22:57:06.954Z
serverLoad-value	0.14935238095238096	2020-04-13T22:57:06.954Z
txTimeInQueue-average	2.1630344827586203	2020-04-13T22:57:06.954Z
txInjected-average	0	2020-04-13T22:57:07.957Z
txInjected-total	0	2020-04-13T22:57:07.957Z
txApplied-average	0.36666666666666664	2020-04-13T22:57:07.957Z
txApplied-total	11	2020-04-13T22:57:07.957Z
txRejected-average	0	2020-04-13T22:57:07.957Z
txRejected-total	0	2020-04-13T22:57:07.957Z
txExpired-average	0	2020-04-13T22:57:07.957Z
txExpired-total	0	2020-04-13T22:57:07.957Z
txProcessed-average	0	2020-04-13T22:57:07.957Z
txProcessed-total	0	2020-04-13T22:57:07.957Z
queueLength-average	1.4333333333333333	2020-04-13T22:57:07.957Z
queueLength-value	0	2020-04-13T22:57:07.957Z
serverLoad-average	0.1735998548710118	2020-04-13T22:57:07.957Z
serverLoad-value	0.1442022988505747	2020-04-13T22:57:07.957Z
txTimeInQueue-average	2.0909333333333335	2020-04-13T22:57:07.957Z
txInjected-average	0	2020-04-13T22:57:08.962Z
txInjected-total	0	2020-04-13T22:57:08.962Z
txApplied-average	0.3548387096774194	2020-04-13T22:57:08.962Z
txApplied-total	11	2020-04-13T22:57:08.962Z
txRejected-average	0	2020-04-13T22:57:08.962Z
txRejected-total	0	2020-04-13T22:57:08.962Z
txExpired-average	0	2020-04-13T22:57:08.962Z
txExpired-total	0	2020-04-13T22:57:08.962Z
txProcessed-average	0	2020-04-13T22:57:08.962Z
txProcessed-total	0	2020-04-13T22:57:08.962Z
queueLength-average	1.3870967741935485	2020-04-13T22:57:08.962Z
queueLength-value	0	2020-04-13T22:57:08.962Z
serverLoad-average	0.17249649037696482	2020-04-13T22:57:08.962Z
serverLoad-value	0.13939555555555558	2020-04-13T22:57:08.962Z
txTimeInQueue-average	2.023483870967742	2020-04-13T22:57:08.962Z
txInjected-average	0	2020-04-13T22:57:09.966Z
txInjected-total	0	2020-04-13T22:57:09.966Z
txApplied-average	0.34375	2020-04-13T22:57:09.966Z
txApplied-total	11	2020-04-13T22:57:09.966Z
txRejected-average	0	2020-04-13T22:57:09.966Z
txRejected-total	0	2020-04-13T22:57:09.966Z
txExpired-average	0	2020-04-13T22:57:09.966Z
txExpired-total	0	2020-04-13T22:57:09.966Z
txProcessed-average	0	2020-04-13T22:57:09.966Z
txProcessed-total	0	2020-04-13T22:57:09.966Z
queueLength-average	1.34375	2020-04-13T22:57:09.966Z
queueLength-value	0	2020-04-13T22:57:09.966Z
serverLoad-average	0.17132156645053415	2020-04-13T22:57:09.966Z
serverLoad-value	0.1348989247311828	2020-04-13T22:57:09.966Z
txTimeInQueue-average	1.96025	2020-04-13T22:57:09.966Z
txInjected-average	0	2020-04-13T22:57:10.970Z
txInjected-total	0	2020-04-13T22:57:10.970Z
txApplied-average	0.3333333333333333	2020-04-13T22:57:10.970Z
txApplied-total	11	2020-04-13T22:57:10.970Z
txRejected-average	0	2020-04-13T22:57:10.970Z
txRejected-total	0	2020-04-13T22:57:10.970Z
txExpired-average	0	2020-04-13T22:57:10.970Z
txExpired-total	0	2020-04-13T22:57:10.970Z
txProcessed-average	0	2020-04-13T22:57:10.970Z
txProcessed-total	0	2020-04-13T22:57:10.970Z
queueLength-average	1.303030303030303	2020-04-13T22:57:10.970Z
queueLength-value	0	2020-04-13T22:57:10.970Z
serverLoad-average	0.17009010484092202	2020-04-13T22:57:10.970Z
serverLoad-value	0.13068333333333335	2020-04-13T22:57:10.970Z
txTimeInQueue-average	1.9008484848484848	2020-04-13T22:57:10.970Z
txInjected-average	0	2020-04-13T22:57:11.974Z
txInjected-total	0	2020-04-13T22:57:11.974Z
txApplied-average	0.3235294117647059	2020-04-13T22:57:11.974Z
txApplied-total	11	2020-04-13T22:57:11.974Z
txRejected-average	0	2020-04-13T22:57:11.974Z
txRejected-total	0	2020-04-13T22:57:11.974Z
txExpired-average	0	2020-04-13T22:57:11.974Z
txExpired-total	0	2020-04-13T22:57:11.974Z
txProcessed-average	0	2020-04-13T22:57:11.974Z
txProcessed-total	0	2020-04-13T22:57:11.974Z
queueLength-average	1.2647058823529411	2020-04-13T22:57:11.974Z
queueLength-value	0	2020-04-13T22:57:11.974Z
serverLoad-average	0.1688146085904017	2020-04-13T22:57:11.974Z
serverLoad-value	0.12672323232323232	2020-04-13T22:57:11.974Z
txTimeInQueue-average	1.8449411764705883	2020-04-13T22:57:11.974Z
txInjected-average	0	2020-04-13T22:57:12.975Z
txInjected-total	0	2020-04-13T22:57:12.975Z
txApplied-average	0.3142857142857143	2020-04-13T22:57:12.975Z
txApplied-total	11	2020-04-13T22:57:12.975Z
txRejected-average	0	2020-04-13T22:57:12.975Z
txRejected-total	0	2020-04-13T22:57:12.975Z
txExpired-average	0	2020-04-13T22:57:12.975Z
txExpired-total	0	2020-04-13T22:57:12.975Z
txProcessed-average	0	2020-04-13T22:57:12.975Z
txProcessed-total	0	2020-04-13T22:57:12.975Z
queueLength-average	1.2285714285714286	2020-04-13T22:57:12.975Z
queueLength-value	0	2020-04-13T22:57:12.975Z
serverLoad-average	0.16750550772871517	2020-04-13T22:57:12.975Z
serverLoad-value	0.12299607843137256	2020-04-13T22:57:12.975Z
txTimeInQueue-average	1.7922285714285715	2020-04-13T22:57:12.975Z
txInjected-average	0	2020-04-13T22:57:13.979Z
txInjected-total	0	2020-04-13T22:57:13.979Z
txApplied-average	0.3055555555555556	2020-04-13T22:57:13.979Z
txApplied-total	11	2020-04-13T22:57:13.979Z
txRejected-average	0	2020-04-13T22:57:13.979Z
txRejected-total	0	2020-04-13T22:57:13.979Z
txExpired-average	0	2020-04-13T22:57:13.979Z
txExpired-total	0	2020-04-13T22:57:13.979Z
txProcessed-average	0	2020-04-13T22:57:13.979Z
txProcessed-total	0	2020-04-13T22:57:13.979Z
queueLength-average	1.1944444444444444	2020-04-13T22:57:13.979Z
queueLength-value	0	2020-04-13T22:57:13.979Z
serverLoad-average	0.16617151875741487	2020-04-13T22:57:13.979Z
serverLoad-value	0.11948190476190476	2020-04-13T22:57:13.979Z
txTimeInQueue-average	1.7424444444444442	2020-04-13T22:57:13.979Z
txInjected-average	0	2020-04-13T22:57:14.983Z
txInjected-total	0	2020-04-13T22:57:14.983Z
txApplied-average	0.2972972972972973	2020-04-13T22:57:14.983Z
txApplied-total	11	2020-04-13T22:57:14.983Z
txRejected-average	0	2020-04-13T22:57:14.983Z
txRejected-total	0	2020-04-13T22:57:14.983Z
txExpired-average	0	2020-04-13T22:57:14.983Z
txExpired-total	0	2020-04-13T22:57:14.983Z
txProcessed-average	0	2020-04-13T22:57:14.983Z
txProcessed-total	0	2020-04-13T22:57:14.983Z
queueLength-average	1.162162162162162	2020-04-13T22:57:14.983Z
queueLength-value	0	2020-04-13T22:57:14.983Z
serverLoad-average	0.16481993616837562	2020-04-13T22:57:14.983Z
serverLoad-value	0.11616296296296295	2020-04-13T22:57:14.983Z
txTimeInQueue-average	1.6953513513513512	2020-04-13T22:57:14.983Z
txInjected-average	0	2020-04-13T22:57:15.987Z
txInjected-total	0	2020-04-13T22:57:15.987Z
txApplied-average	0.2894736842105263	2020-04-13T22:57:15.987Z
txApplied-total	11	2020-04-13T22:57:15.987Z
txRejected-average	0	2020-04-13T22:57:15.987Z
txRejected-total	0	2020-04-13T22:57:15.987Z
txExpired-average	0	2020-04-13T22:57:15.987Z
txExpired-total	0	2020-04-13T22:57:15.987Z
txProcessed-average	0	2020-04-13T22:57:15.987Z
txProcessed-total	0	2020-04-13T22:57:15.987Z
queueLength-average	1.131578947368421	2020-04-13T22:57:15.987Z
queueLength-value	0	2020-04-13T22:57:15.987Z
serverLoad-average	0.16345687004350848	2020-04-13T22:57:15.987Z
serverLoad-value	0.1130234234234234	2020-04-13T22:57:15.987Z
txTimeInQueue-average	1.650736842105263	2020-04-13T22:57:15.987Z
txInjected-average	0	2020-04-13T22:57:16.990Z
txInjected-total	0	2020-04-13T22:57:16.990Z
txApplied-average	0.28205128205128205	2020-04-13T22:57:16.990Z
txApplied-total	11	2020-04-13T22:57:16.990Z
txRejected-average	0	2020-04-13T22:57:16.990Z
txRejected-total	0	2020-04-13T22:57:16.990Z
txExpired-average	0	2020-04-13T22:57:16.990Z
txExpired-total	0	2020-04-13T22:57:16.990Z
txProcessed-average	0	2020-04-13T22:57:16.990Z
txProcessed-total	0	2020-04-13T22:57:16.990Z
queueLength-average	1.1025641025641026	2020-04-13T22:57:16.990Z
queueLength-value	0	2020-04-13T22:57:16.990Z
serverLoad-average	0.1620874406271882	2020-04-13T22:57:16.990Z
serverLoad-value	0.11004912280701754	2020-04-13T22:57:16.990Z
txTimeInQueue-average	1.6084102564102563	2020-04-13T22:57:16.990Z
txInjected-average	0	2020-04-13T22:57:17.991Z
txInjected-total	0	2020-04-13T22:57:17.991Z
txApplied-average	0.275	2020-04-13T22:57:17.991Z
txApplied-total	11	2020-04-13T22:57:17.991Z
txRejected-average	0	2020-04-13T22:57:17.991Z
txRejected-total	0	2020-04-13T22:57:17.991Z
txExpired-average	0	2020-04-13T22:57:17.991Z
txExpired-total	0	2020-04-13T22:57:17.991Z
txProcessed-average	0	2020-04-13T22:57:17.991Z
txProcessed-total	0	2020-04-13T22:57:17.991Z
queueLength-average	1.075	2020-04-13T22:57:17.991Z
queueLength-value	0	2020-04-13T22:57:17.991Z
serverLoad-average	0.16071593837219225	2020-04-13T22:57:17.991Z
serverLoad-value	0.10722735042735042	2020-04-13T22:57:17.991Z
txTimeInQueue-average	1.5682	2020-04-13T22:57:17.991Z
txInjected-average	0	2020-04-13T22:57:18.993Z
txInjected-total	0	2020-04-13T22:57:18.993Z
txApplied-average	0.2682926829268293	2020-04-13T22:57:18.993Z
txApplied-total	11	2020-04-13T22:57:18.993Z
txRejected-average	0	2020-04-13T22:57:18.993Z
txRejected-total	0	2020-04-13T22:57:18.993Z
txExpired-average	0	2020-04-13T22:57:18.993Z
txExpired-total	0	2020-04-13T22:57:18.993Z
txProcessed-average	0	2020-04-13T22:57:18.993Z
txProcessed-total	0	2020-04-13T22:57:18.993Z
queueLength-average	1.048780487804878	2020-04-13T22:57:18.993Z
queueLength-value	0	2020-04-13T22:57:18.993Z
serverLoad-average	0.15934595613547212	2020-04-13T22:57:18.993Z
serverLoad-value	0.10454666666666666	2020-04-13T22:57:18.993Z
txTimeInQueue-average	1.5299512195121951	2020-04-13T22:57:18.993Z
txInjected-average	0	2020-04-13T22:57:19.998Z
txInjected-total	0	2020-04-13T22:57:19.998Z
txApplied-average	0.2619047619047619	2020-04-13T22:57:19.998Z
txApplied-total	11	2020-04-13T22:57:19.998Z
txRejected-average	0	2020-04-13T22:57:19.998Z
txRejected-total	0	2020-04-13T22:57:19.998Z
txExpired-average	0	2020-04-13T22:57:19.998Z
txExpired-total	0	2020-04-13T22:57:19.998Z
txProcessed-average	0	2020-04-13T22:57:19.998Z
txProcessed-total	0	2020-04-13T22:57:19.998Z
queueLength-average	1.0238095238095237	2020-04-13T22:57:19.998Z
queueLength-value	0	2020-04-13T22:57:19.998Z
serverLoad-average	0.15798049879813897	2020-04-13T22:57:19.998Z
serverLoad-value	0.10199674796747968	2020-04-13T22:57:19.998Z
txTimeInQueue-average	1.4935238095238097	2020-04-13T22:57:19.998Z
txInjected-average	0	2020-04-13T22:57:21.003Z
txInjected-total	0	2020-04-13T22:57:21.003Z
txApplied-average	0.2558139534883721	2020-04-13T22:57:21.003Z
txApplied-total	11	2020-04-13T22:57:21.003Z
txRejected-average	0	2020-04-13T22:57:21.003Z
txRejected-total	0	2020-04-13T22:57:21.003Z
txExpired-average	0	2020-04-13T22:57:21.003Z
txExpired-total	0	2020-04-13T22:57:21.003Z
txProcessed-average	0	2020-04-13T22:57:21.003Z
txProcessed-total	0	2020-04-13T22:57:21.003Z
queueLength-average	1	2020-04-13T22:57:21.003Z
queueLength-value	0	2020-04-13T22:57:21.003Z
serverLoad-average	0.15662207449976953	2020-04-13T22:57:21.003Z
serverLoad-value	0.09956825396825399	2020-04-13T22:57:21.003Z
txTimeInQueue-average	1.4587906976744187	2020-04-13T22:57:21.003Z
txInjected-average	0	2020-04-13T22:57:22.005Z
txInjected-total	0	2020-04-13T22:57:22.005Z
txApplied-average	0.25	2020-04-13T22:57:22.005Z
txApplied-total	11	2020-04-13T22:57:22.005Z
txRejected-average	0	2020-04-13T22:57:22.005Z
txRejected-total	0	2020-04-13T22:57:22.005Z
txExpired-average	0	2020-04-13T22:57:22.005Z
txExpired-total	0	2020-04-13T22:57:22.005Z
txProcessed-average	0	2020-04-13T22:57:22.005Z
txProcessed-total	0	2020-04-13T22:57:22.005Z
queueLength-average	0.9772727272727273	2020-04-13T22:57:22.005Z
queueLength-value	0	2020-04-13T22:57:22.005Z
serverLoad-average	0.15527277083337238	2020-04-13T22:57:22.005Z
serverLoad-value	0.09725271317829458	2020-04-13T22:57:22.005Z
txTimeInQueue-average	1.4256363636363638	2020-04-13T22:57:22.005Z
txInjected-average	0	2020-04-13T22:57:23.007Z
txInjected-total	0	2020-04-13T22:57:23.007Z
txApplied-average	0.24444444444444444	2020-04-13T22:57:23.007Z
txApplied-total	11	2020-04-13T22:57:23.007Z
txRejected-average	0	2020-04-13T22:57:23.007Z
txRejected-total	0	2020-04-13T22:57:23.007Z
txExpired-average	0	2020-04-13T22:57:23.007Z
txExpired-total	0	2020-04-13T22:57:23.007Z
txProcessed-average	0	2020-04-13T22:57:23.007Z
txProcessed-total	0	2020-04-13T22:57:23.007Z
queueLength-average	0.9555555555555556	2020-04-13T22:57:23.007Z
queueLength-value	0	2020-04-13T22:57:23.007Z
serverLoad-average	0.15393431868690688	2020-04-13T22:57:23.007Z
serverLoad-value	0.09504242424242425	2020-04-13T22:57:23.007Z
txTimeInQueue-average	1.3939555555555556	2020-04-13T22:57:23.007Z
txInjected-average	0	2020-04-13T22:57:24.010Z
txInjected-total	0	2020-04-13T22:57:24.010Z
txApplied-average	0.2391304347826087	2020-04-13T22:57:24.010Z
txApplied-total	11	2020-04-13T22:57:24.010Z
txRejected-average	0	2020-04-13T22:57:24.010Z
txRejected-total	0	2020-04-13T22:57:24.010Z
txExpired-average	0	2020-04-13T22:57:24.010Z
txExpired-total	0	2020-04-13T22:57:24.010Z
txProcessed-average	0	2020-04-13T22:57:24.010Z
txProcessed-total	0	2020-04-13T22:57:24.010Z
queueLength-average	0.9347826086956522	2020-04-13T22:57:24.010Z
queueLength-value	0	2020-04-13T22:57:24.010Z
serverLoad-average	0.15260814589741695	2020-04-13T22:57:24.010Z
serverLoad-value	0.09293037037037037	2020-04-13T22:57:24.010Z
txTimeInQueue-average	1.3636521739130436	2020-04-13T22:57:24.010Z
txInjected-average	0	2020-04-13T22:57:25.011Z
txInjected-total	0	2020-04-13T22:57:25.011Z
txApplied-average	0.23404255319148937	2020-04-13T22:57:25.011Z
txApplied-total	11	2020-04-13T22:57:25.011Z
txRejected-average	0	2020-04-13T22:57:25.011Z
txRejected-total	0	2020-04-13T22:57:25.011Z
txExpired-average	0	2020-04-13T22:57:25.011Z
txExpired-total	0	2020-04-13T22:57:25.011Z
txProcessed-average	0	2020-04-13T22:57:25.011Z
txProcessed-total	0	2020-04-13T22:57:25.011Z
queueLength-average	0.9148936170212766	2020-04-13T22:57:25.011Z
queueLength-value	0	2020-04-13T22:57:25.011Z
serverLoad-average	0.1512954224725259	2020-04-13T22:57:25.011Z
serverLoad-value	0.09091014492753624	2020-04-13T22:57:25.011Z
txTimeInQueue-average	1.3346382978723403	2020-04-13T22:57:25.011Z
txInjected-average	0	2020-04-13T22:57:26.016Z
txInjected-total	0	2020-04-13T22:57:26.016Z
txApplied-average	0.22916666666666666	2020-04-13T22:57:26.016Z
txApplied-total	11	2020-04-13T22:57:26.016Z
txRejected-average	0	2020-04-13T22:57:26.016Z
txRejected-total	0	2020-04-13T22:57:26.016Z
txExpired-average	0	2020-04-13T22:57:26.016Z
txExpired-total	0	2020-04-13T22:57:26.016Z
txProcessed-average	0	2020-04-13T22:57:26.016Z
txProcessed-total	0	2020-04-13T22:57:26.016Z
queueLength-average	0.8958333333333334	2020-04-13T22:57:26.016Z
queueLength-value	0	2020-04-13T22:57:26.016Z
serverLoad-average	0.14999709880694875	2020-04-13T22:57:26.016Z
serverLoad-value	0.08897588652482269	2020-04-13T22:57:26.016Z
txTimeInQueue-average	1.3068333333333333	2020-04-13T22:57:26.016Z
txInjected-average	0	2020-04-13T22:57:27.020Z
txInjected-total	0	2020-04-13T22:57:27.020Z
txApplied-average	0.22448979591836735	2020-04-13T22:57:27.020Z
txApplied-total	11	2020-04-13T22:57:27.020Z
txRejected-average	0	2020-04-13T22:57:27.020Z
txRejected-total	0	2020-04-13T22:57:27.020Z
txExpired-average	0	2020-04-13T22:57:27.020Z
txExpired-total	0	2020-04-13T22:57:27.020Z
txProcessed-average	0	2020-04-13T22:57:27.020Z
txProcessed-total	0	2020-04-13T22:57:27.020Z
queueLength-average	0.8775510204081632	2020-04-13T22:57:27.020Z
queueLength-value	0	2020-04-13T22:57:27.020Z
serverLoad-average	0.14871393806032165	2020-04-13T22:57:27.020Z
serverLoad-value	0.08712222222222223	2020-04-13T22:57:27.020Z
txTimeInQueue-average	1.2801632653061223	2020-04-13T22:57:27.020Z
