Name	Value	Time
txInjected-average	0	2020-04-13T22:56:53.635Z
txInjected-total	0	2020-04-13T22:56:53.635Z
txApplied-average	11	2020-04-13T22:56:53.635Z
txApplied-total	11	2020-04-13T22:56:53.635Z
txRejected-average	0	2020-04-13T22:56:53.635Z
txRejected-total	0	2020-04-13T22:56:53.635Z
txExpired-average	0	2020-04-13T22:56:53.635Z
txExpired-total	0	2020-04-13T22:56:53.635Z
txProcessed-average	0	2020-04-13T22:56:53.635Z
txProcessed-total	0	2020-04-13T22:56:53.635Z
queueLength-average	3	2020-04-13T22:56:53.635Z
queueLength-value	3	2020-04-13T22:56:53.635Z
serverLoad-average	0	2020-04-13T22:56:53.635Z
serverLoad-value	0	2020-04-13T22:56:53.635Z
txTimeInQueue-average	2.326	2020-04-13T22:56:53.635Z
txInjected-average	0	2020-04-13T22:56:54.637Z
txInjected-total	0	2020-04-13T22:56:54.637Z
txApplied-average	5.5	2020-04-13T22:56:54.637Z
txApplied-total	11	2020-04-13T22:56:54.637Z
txRejected-average	0	2020-04-13T22:56:54.637Z
txRejected-total	0	2020-04-13T22:56:54.637Z
txExpired-average	0	2020-04-13T22:56:54.637Z
txExpired-total	0	2020-04-13T22:56:54.637Z
txProcessed-average	0	2020-04-13T22:56:54.637Z
txProcessed-total	0	2020-04-13T22:56:54.637Z
queueLength-average	3	2020-04-13T22:56:54.637Z
queueLength-value	3	2020-04-13T22:56:54.637Z
serverLoad-average	0.07753333333333333	2020-04-13T22:56:54.637Z
serverLoad-value	0.15506666666666666	2020-04-13T22:56:54.637Z
txTimeInQueue-average	2.827	2020-04-13T22:56:54.637Z
txInjected-average	0	2020-04-13T22:56:55.637Z
txInjected-total	0	2020-04-13T22:56:55.637Z
txApplied-average	3.6666666666666665	2020-04-13T22:56:55.637Z
txApplied-total	11	2020-04-13T22:56:55.637Z
txRejected-average	0	2020-04-13T22:56:55.637Z
txRejected-total	0	2020-04-13T22:56:55.637Z
txExpired-average	0	2020-04-13T22:56:55.637Z
txExpired-total	0	2020-04-13T22:56:55.637Z
txProcessed-average	0	2020-04-13T22:56:55.637Z
txProcessed-total	0	2020-04-13T22:56:55.637Z
queueLength-average	3	2020-04-13T22:56:55.637Z
queueLength-value	3	2020-04-13T22:56:55.637Z
serverLoad-average	0.11451111111111112	2020-04-13T22:56:55.637Z
serverLoad-value	0.18846666666666667	2020-04-13T22:56:55.637Z
txTimeInQueue-average	3.3273333333333337	2020-04-13T22:56:55.637Z
txInjected-average	0	2020-04-13T22:56:56.638Z
txInjected-total	0	2020-04-13T22:56:56.638Z
txApplied-average	2.75	2020-04-13T22:56:56.638Z
txApplied-total	11	2020-04-13T22:56:56.638Z
txRejected-average	0	2020-04-13T22:56:56.638Z
txRejected-total	0	2020-04-13T22:56:56.638Z
txExpired-average	0	2020-04-13T22:56:56.638Z
txExpired-total	0	2020-04-13T22:56:56.638Z
txProcessed-average	0	2020-04-13T22:56:56.638Z
txProcessed-total	0	2020-04-13T22:56:56.638Z
queueLength-average	3.25	2020-04-13T22:56:56.638Z
queueLength-value	4	2020-04-13T22:56:56.638Z
serverLoad-average	0.1413388888888889	2020-04-13T22:56:56.638Z
serverLoad-value	0.22182222222222225	2020-04-13T22:56:56.638Z
txTimeInQueue-average	3.7245	2020-04-13T22:56:56.638Z
txInjected-average	0	2020-04-13T22:56:57.639Z
txInjected-total	0	2020-04-13T22:56:57.639Z
txApplied-average	2.2	2020-04-13T22:56:57.639Z
txApplied-total	11	2020-04-13T22:56:57.639Z
txRejected-average	0	2020-04-13T22:56:57.639Z
txRejected-total	0	2020-04-13T22:56:57.639Z
txExpired-average	0	2020-04-13T22:56:57.639Z
txExpired-total	0	2020-04-13T22:56:57.639Z
txProcessed-average	0	2020-04-13T22:56:57.639Z
txProcessed-total	0	2020-04-13T22:56:57.639Z
queueLength-average	3.4	2020-04-13T22:56:57.639Z
queueLength-value	4	2020-04-13T22:56:57.639Z
serverLoad-average	0.1627311111111111	2020-04-13T22:56:57.639Z
serverLoad-value	0.2483	2020-04-13T22:56:57.639Z
txTimeInQueue-average	4.163	2020-04-13T22:56:57.639Z
txInjected-average	0	2020-04-13T22:56:58.639Z
txInjected-total	0	2020-04-13T22:56:58.639Z
txApplied-average	1.8333333333333333	2020-04-13T22:56:58.639Z
txApplied-total	11	2020-04-13T22:56:58.639Z
txRejected-average	0	2020-04-13T22:56:58.639Z
txRejected-total	0	2020-04-13T22:56:58.639Z
txExpired-average	0	2020-04-13T22:56:58.639Z
txExpired-total	0	2020-04-13T22:56:58.639Z
txProcessed-average	0	2020-04-13T22:56:58.639Z
txProcessed-total	0	2020-04-13T22:56:58.639Z
queueLength-average	3.5	2020-04-13T22:56:58.639Z
queueLength-value	4	2020-04-13T22:56:58.639Z
serverLoad-average	0.18186481481481484	2020-04-13T22:56:58.639Z
serverLoad-value	0.27753333333333335	2020-04-13T22:56:58.639Z
txTimeInQueue-average	4.622	2020-04-13T22:56:58.639Z
txInjected-average	0	2020-04-13T22:56:59.639Z
txInjected-total	0	2020-04-13T22:56:59.639Z
txApplied-average	1.5714285714285714	2020-04-13T22:56:59.639Z
txApplied-total	11	2020-04-13T22:56:59.639Z
txRejected-average	0	2020-04-13T22:56:59.639Z
txRejected-total	0	2020-04-13T22:56:59.639Z
txExpired-average	0	2020-04-13T22:56:59.639Z
txExpired-total	0	2020-04-13T22:56:59.639Z
txProcessed-average	0	2020-04-13T22:56:59.639Z
txProcessed-total	0	2020-04-13T22:56:59.639Z
queueLength-average	3.5714285714285716	2020-04-13T22:56:59.639Z
queueLength-value	4	2020-04-13T22:56:59.639Z
serverLoad-average	0.1999031746031746	2020-04-13T22:56:59.639Z
serverLoad-value	0.3081333333333333	2020-04-13T22:56:59.639Z
txTimeInQueue-average	5.092857142857143	2020-04-13T22:56:59.639Z
txInjected-average	0	2020-04-13T22:57:00.641Z
txInjected-total	0	2020-04-13T22:57:00.641Z
txApplied-average	1.375	2020-04-13T22:57:00.641Z
txApplied-total	11	2020-04-13T22:57:00.641Z
txRejected-average	0	2020-04-13T22:57:00.641Z
txRejected-total	0	2020-04-13T22:57:00.641Z
txExpired-average	0	2020-04-13T22:57:00.641Z
txExpired-total	0	2020-04-13T22:57:00.641Z
txProcessed-average	0	2020-04-13T22:57:00.641Z
txProcessed-total	0	2020-04-13T22:57:00.641Z
queueLength-average	3.625	2020-04-13T22:57:00.641Z
queueLength-value	4	2020-04-13T22:57:00.641Z
serverLoad-average	0.217355753968254	2020-04-13T22:57:00.641Z
serverLoad-value	0.33952380952380956	2020-04-13T22:57:00.641Z
txTimeInQueue-average	5.57125	2020-04-13T22:57:00.641Z
txInjected-average	0	2020-04-13T22:57:01.642Z
txInjected-total	0	2020-04-13T22:57:01.642Z
txApplied-average	1.2222222222222223	2020-04-13T22:57:01.642Z
txApplied-total	11	2020-04-13T22:57:01.642Z
txRejected-average	0	2020-04-13T22:57:01.642Z
txRejected-total	0	2020-04-13T22:57:01.642Z
txExpired-average	0	2020-04-13T22:57:01.642Z
txExpired-total	0	2020-04-13T22:57:01.642Z
txProcessed-average	0	2020-04-13T22:57:01.642Z
txProcessed-total	0	2020-04-13T22:57:01.642Z
queueLength-average	3.6666666666666665	2020-04-13T22:57:01.642Z
queueLength-value	4	2020-04-13T22:57:01.642Z
serverLoad-average	0.23447363315696648	2020-04-13T22:57:01.642Z
serverLoad-value	0.3714166666666667	2020-04-13T22:57:01.642Z
txTimeInQueue-average	6.054555555555556	2020-04-13T22:57:01.642Z
txInjected-average	0	2020-04-13T22:57:02.643Z
txInjected-total	0	2020-04-13T22:57:02.643Z
txApplied-average	1.1	2020-04-13T22:57:02.643Z
txApplied-total	11	2020-04-13T22:57:02.643Z
txRejected-average	0	2020-04-13T22:57:02.643Z
txRejected-total	0	2020-04-13T22:57:02.643Z
txExpired-average	0	2020-04-13T22:57:02.643Z
txExpired-total	0	2020-04-13T22:57:02.643Z
txProcessed-average	0	2020-04-13T22:57:02.643Z
txProcessed-total	0	2020-04-13T22:57:02.643Z
queueLength-average	3.7	2020-04-13T22:57:02.643Z
queueLength-value	4	2020-04-13T22:57:02.643Z
serverLoad-average	0.25138997354497356	2020-04-13T22:57:02.643Z
serverLoad-value	0.40363703703703707	2020-04-13T22:57:02.643Z
txTimeInQueue-average	6.5412	2020-04-13T22:57:02.643Z
txInjected-average	0	2020-04-13T22:57:03.648Z
txInjected-total	0	2020-04-13T22:57:03.648Z
txApplied-average	1.3636363636363635	2020-04-13T22:57:03.648Z
txApplied-total	15	2020-04-13T22:57:03.648Z
txRejected-average	0	2020-04-13T22:57:03.648Z
txRejected-total	0	2020-04-13T22:57:03.648Z
txExpired-average	0	2020-04-13T22:57:03.648Z
txExpired-total	0	2020-04-13T22:57:03.648Z
txProcessed-average	0	2020-04-13T22:57:03.648Z
txProcessed-total	0	2020-04-13T22:57:03.648Z
queueLength-average	3.3636363636363638	2020-04-13T22:57:03.648Z
queueLength-value	0	2020-04-13T22:57:03.648Z
serverLoad-average	0.26817997594997595	2020-04-13T22:57:03.648Z
serverLoad-value	0.43607999999999997	2020-04-13T22:57:03.648Z
txTimeInQueue-average	5.946545454545455	2020-04-13T22:57:03.648Z
txInjected-average	0	2020-04-13T22:57:04.649Z
txInjected-total	0	2020-04-13T22:57:04.649Z
txApplied-average	1.25	2020-04-13T22:57:04.649Z
txApplied-total	15	2020-04-13T22:57:04.649Z
txRejected-average	0	2020-04-13T22:57:04.649Z
txRejected-total	0	2020-04-13T22:57:04.649Z
txExpired-average	0	2020-04-13T22:57:04.649Z
txExpired-total	0	2020-04-13T22:57:04.649Z
txProcessed-average	0	2020-04-13T22:57:04.649Z
txProcessed-total	0	2020-04-13T22:57:04.649Z
queueLength-average	3.0833333333333335	2020-04-13T22:57:04.649Z
queueLength-value	0	2020-04-13T22:57:04.649Z
serverLoad-average	0.27886800825717495	2020-04-13T22:57:04.649Z
serverLoad-value	0.39643636363636364	2020-04-13T22:57:04.649Z
txTimeInQueue-average	5.451	2020-04-13T22:57:04.649Z
txInjected-average	0	2020-04-13T22:57:05.650Z
txInjected-total	0	2020-04-13T22:57:05.650Z
txApplied-average	1.1538461538461537	2020-04-13T22:57:05.650Z
txApplied-total	15	2020-04-13T22:57:05.650Z
txRejected-average	0	2020-04-13T22:57:05.650Z
txRejected-total	0	2020-04-13T22:57:05.650Z
txExpired-average	0	2020-04-13T22:57:05.650Z
txExpired-total	0	2020-04-13T22:57:05.650Z
txProcessed-average	0	2020-04-13T22:57:05.650Z
txProcessed-total	0	2020-04-13T22:57:05.650Z
queueLength-average	2.8461538461538463	2020-04-13T22:57:05.650Z
queueLength-value	0	2020-04-13T22:57:05.650Z
serverLoad-average	0.28537046916046915	2020-04-13T22:57:05.650Z
serverLoad-value	0.3634	2020-04-13T22:57:05.650Z
txTimeInQueue-average	5.031692307692308	2020-04-13T22:57:05.650Z
txInjected-average	0	2020-04-13T22:57:06.653Z
txInjected-total	0	2020-04-13T22:57:06.653Z
txApplied-average	1.0714285714285714	2020-04-13T22:57:06.653Z
txApplied-total	15	2020-04-13T22:57:06.653Z
txRejected-average	0	2020-04-13T22:57:06.653Z
txRejected-total	0	2020-04-13T22:57:06.653Z
txExpired-average	0	2020-04-13T22:57:06.653Z
txExpired-total	0	2020-04-13T22:57:06.653Z
txProcessed-average	0	2020-04-13T22:57:06.653Z
txProcessed-total	0	2020-04-13T22:57:06.653Z
queueLength-average	2.642857142857143	2020-04-13T22:57:06.653Z
queueLength-value	0	2020-04-13T22:57:06.653Z
serverLoad-average	0.28894730378087524	2020-04-13T22:57:06.653Z
serverLoad-value	0.33544615384615384	2020-04-13T22:57:06.653Z
txTimeInQueue-average	4.672285714285715	2020-04-13T22:57:06.653Z
txInjected-average	0	2020-04-13T22:57:07.653Z
txInjected-total	0	2020-04-13T22:57:07.653Z
txApplied-average	1	2020-04-13T22:57:07.653Z
txApplied-total	15	2020-04-13T22:57:07.653Z
txRejected-average	0	2020-04-13T22:57:07.653Z
txRejected-total	0	2020-04-13T22:57:07.653Z
txExpired-average	0	2020-04-13T22:57:07.653Z
txExpired-total	0	2020-04-13T22:57:07.653Z
txProcessed-average	0	2020-04-13T22:57:07.653Z
txProcessed-total	0	2020-04-13T22:57:07.653Z
queueLength-average	2.466666666666667	2020-04-13T22:57:07.653Z
queueLength-value	0	2020-04-13T22:57:07.653Z
serverLoad-average	0.2904498644811978	2020-04-13T22:57:07.653Z
serverLoad-value	0.3114857142857143	2020-04-13T22:57:07.653Z
txTimeInQueue-average	4.3608	2020-04-13T22:57:07.653Z
txInjected-average	0	2020-04-13T22:57:08.654Z
txInjected-total	0	2020-04-13T22:57:08.654Z
txApplied-average	0.9375	2020-04-13T22:57:08.654Z
txApplied-total	15	2020-04-13T22:57:08.654Z
txRejected-average	0	2020-04-13T22:57:08.654Z
txRejected-total	0	2020-04-13T22:57:08.654Z
txExpired-average	0	2020-04-13T22:57:08.654Z
txExpired-total	0	2020-04-13T22:57:08.654Z
txProcessed-average	0	2020-04-13T22:57:08.654Z
txProcessed-total	0	2020-04-13T22:57:08.654Z
queueLength-average	2.3125	2020-04-13T22:57:08.654Z
queueLength-value	0	2020-04-13T22:57:08.654Z
serverLoad-average	0.290466747951123	2020-04-13T22:57:08.654Z
serverLoad-value	0.29072000000000003	2020-04-13T22:57:08.654Z
txTimeInQueue-average	4.08825	2020-04-13T22:57:08.654Z
txInjected-average	0	2020-04-13T22:57:09.656Z
txInjected-total	0	2020-04-13T22:57:09.656Z
txApplied-average	0.8823529411764706	2020-04-13T22:57:09.656Z
txApplied-total	15	2020-04-13T22:57:09.656Z
txRejected-average	0	2020-04-13T22:57:09.656Z
txRejected-total	0	2020-04-13T22:57:09.656Z
txExpired-average	0	2020-04-13T22:57:09.656Z
txExpired-total	0	2020-04-13T22:57:09.656Z
txProcessed-average	0	2020-04-13T22:57:09.656Z
txProcessed-total	0	2020-04-13T22:57:09.656Z
queueLength-average	2.176470588235294	2020-04-13T22:57:09.656Z
queueLength-value	0	2020-04-13T22:57:09.656Z
serverLoad-average	0.2894128216010569	2020-04-13T22:57:09.656Z
serverLoad-value	0.27255	2020-04-13T22:57:09.656Z
txTimeInQueue-average	3.847764705882353	2020-04-13T22:57:09.656Z
txInjected-average	0	2020-04-13T22:57:10.656Z
txInjected-total	0	2020-04-13T22:57:10.656Z
txApplied-average	0.8333333333333334	2020-04-13T22:57:10.656Z
txApplied-total	15	2020-04-13T22:57:10.656Z
txRejected-average	0	2020-04-13T22:57:10.656Z
txRejected-total	0	2020-04-13T22:57:10.656Z
txExpired-average	0	2020-04-13T22:57:10.656Z
txExpired-total	0	2020-04-13T22:57:10.656Z
txProcessed-average	0	2020-04-13T22:57:10.656Z
txProcessed-total	0	2020-04-13T22:57:10.656Z
queueLength-average	2.0555555555555554	2020-04-13T22:57:10.656Z
queueLength-value	0	2020-04-13T22:57:10.656Z
serverLoad-average	0.28758531190426617	2020-04-13T22:57:10.656Z
serverLoad-value	0.2565176470588236	2020-04-13T22:57:10.656Z
txTimeInQueue-average	3.634	2020-04-13T22:57:10.656Z
txInjected-average	0	2020-04-13T22:57:11.657Z
txInjected-total	0	2020-04-13T22:57:11.657Z
txApplied-average	0.7894736842105263	2020-04-13T22:57:11.657Z
txApplied-total	15	2020-04-13T22:57:11.657Z
txRejected-average	0	2020-04-13T22:57:11.657Z
txRejected-total	0	2020-04-13T22:57:11.657Z
txExpired-average	0	2020-04-13T22:57:11.657Z
txExpired-total	0	2020-04-13T22:57:11.657Z
txProcessed-average	0	2020-04-13T22:57:11.657Z
txProcessed-total	0	2020-04-13T22:57:11.657Z
queueLength-average	1.9473684210526316	2020-04-13T22:57:11.657Z
queueLength-value	0	2020-04-13T22:57:11.657Z
serverLoad-average	0.28520012004965567	2020-04-13T22:57:11.657Z
serverLoad-value	0.24226666666666666	2020-04-13T22:57:11.657Z
txTimeInQueue-average	3.4427368421052633	2020-04-13T22:57:11.657Z
txInjected-average	0	2020-04-13T22:57:12.657Z
txInjected-total	0	2020-04-13T22:57:12.657Z
txApplied-average	0.75	2020-04-13T22:57:12.657Z
txApplied-total	15	2020-04-13T22:57:12.657Z
txRejected-average	0	2020-04-13T22:57:12.657Z
txRejected-total	0	2020-04-13T22:57:12.657Z
txExpired-average	0	2020-04-13T22:57:12.657Z
txExpired-total	0	2020-04-13T22:57:12.657Z
txProcessed-average	0	2020-04-13T22:57:12.657Z
txProcessed-total	0	2020-04-13T22:57:12.657Z
queueLength-average	1.85	2020-04-13T22:57:12.657Z
queueLength-value	0	2020-04-13T22:57:12.657Z
serverLoad-average	0.2824159035208571	2020-04-13T22:57:12.657Z
serverLoad-value	0.22951578947368423	2020-04-13T22:57:12.657Z
txTimeInQueue-average	3.2706	2020-04-13T22:57:12.657Z
txInjected-average	0	2020-04-13T22:57:13.660Z
txInjected-total	0	2020-04-13T22:57:13.660Z
txApplied-average	0.7142857142857143	2020-04-13T22:57:13.660Z
txApplied-total	15	2020-04-13T22:57:13.660Z
txRejected-average	0	2020-04-13T22:57:13.660Z
txRejected-total	0	2020-04-13T22:57:13.660Z
txExpired-average	0	2020-04-13T22:57:13.660Z
txExpired-total	0	2020-04-13T22:57:13.660Z
txProcessed-average	0	2020-04-13T22:57:13.660Z
txProcessed-total	0	2020-04-13T22:57:13.660Z
queueLength-average	1.7619047619047619	2020-04-13T22:57:13.660Z
queueLength-value	0	2020-04-13T22:57:13.660Z
serverLoad-average	0.2793503843055782	2020-04-13T22:57:13.660Z
serverLoad-value	0.21803999999999998	2020-04-13T22:57:13.660Z
txTimeInQueue-average	3.1148571428571428	2020-04-13T22:57:13.660Z
txInjected-average	0	2020-04-13T22:57:14.661Z
txInjected-total	0	2020-04-13T22:57:14.661Z
txApplied-average	0.6818181818181818	2020-04-13T22:57:14.661Z
txApplied-total	15	2020-04-13T22:57:14.661Z
txRejected-average	0	2020-04-13T22:57:14.661Z
txRejected-total	0	2020-04-13T22:57:14.661Z
txExpired-average	0	2020-04-13T22:57:14.661Z
txExpired-total	0	2020-04-13T22:57:14.661Z
txProcessed-average	0	2020-04-13T22:57:14.661Z
txProcessed-total	0	2020-04-13T22:57:14.661Z
queueLength-average	1.6818181818181819	2020-04-13T22:57:14.661Z
queueLength-value	0	2020-04-13T22:57:14.661Z
serverLoad-average	0.2760916006033766	2020-04-13T22:57:14.661Z
serverLoad-value	0.20765714285714285	2020-04-13T22:57:14.661Z
txTimeInQueue-average	2.9732727272727275	2020-04-13T22:57:14.661Z
txInjected-average	0	2020-04-13T22:57:15.663Z
txInjected-total	0	2020-04-13T22:57:15.663Z
txApplied-average	0.6521739130434783	2020-04-13T22:57:15.663Z
txApplied-total	15	2020-04-13T22:57:15.663Z
txRejected-average	0	2020-04-13T22:57:15.663Z
txRejected-total	0	2020-04-13T22:57:15.663Z
txExpired-average	0	2020-04-13T22:57:15.663Z
txExpired-total	0	2020-04-13T22:57:15.663Z
txProcessed-average	0	2020-04-13T22:57:15.663Z
txProcessed-total	0	2020-04-13T22:57:15.663Z
queueLength-average	1.608695652173913	2020-04-13T22:57:15.663Z
queueLength-value	0	2020-04-13T22:57:15.663Z
serverLoad-average	0.272705799786629	2020-04-13T22:57:15.663Z
serverLoad-value	0.19821818181818182	2020-04-13T22:57:15.663Z
txTimeInQueue-average	2.844	2020-04-13T22:57:15.663Z
txInjected-average	0	2020-04-13T22:57:16.665Z
txInjected-total	0	2020-04-13T22:57:16.665Z
txApplied-average	0.625	2020-04-13T22:57:16.665Z
txApplied-total	15	2020-04-13T22:57:16.665Z
txRejected-average	0	2020-04-13T22:57:16.665Z
txRejected-total	0	2020-04-13T22:57:16.665Z
txExpired-average	0	2020-04-13T22:57:16.665Z
txExpired-total	0	2020-04-13T22:57:16.665Z
txProcessed-average	0	2020-04-13T22:57:16.665Z
txProcessed-total	0	2020-04-13T22:57:16.665Z
queueLength-average	1.5416666666666667	2020-04-13T22:57:16.665Z
queueLength-value	0	2020-04-13T22:57:16.665Z
serverLoad-average	0.2692430581288528	2020-04-13T22:57:16.665Z
serverLoad-value	0.1896	2020-04-13T22:57:16.665Z
txTimeInQueue-average	2.7255	2020-04-13T22:57:16.665Z
txInjected-average	0	2020-04-13T22:57:17.669Z
txInjected-total	0	2020-04-13T22:57:17.669Z
txApplied-average	0.6	2020-04-13T22:57:17.669Z
txApplied-total	15	2020-04-13T22:57:17.669Z
txRejected-average	0	2020-04-13T22:57:17.669Z
txRejected-total	0	2020-04-13T22:57:17.669Z
txExpired-average	0	2020-04-13T22:57:17.669Z
txExpired-total	0	2020-04-13T22:57:17.669Z
txProcessed-average	0	2020-04-13T22:57:17.669Z
txProcessed-total	0	2020-04-13T22:57:17.669Z
queueLength-average	1.48	2020-04-13T22:57:17.669Z
queueLength-value	0	2020-04-13T22:57:17.669Z
serverLoad-average	0.2657413358036987	2020-04-13T22:57:17.669Z
serverLoad-value	0.1817	2020-04-13T22:57:17.669Z
txTimeInQueue-average	2.61648	2020-04-13T22:57:17.669Z
txInjected-average	0	2020-04-13T22:57:18.673Z
txInjected-total	0	2020-04-13T22:57:18.673Z
txApplied-average	0.5769230769230769	2020-04-13T22:57:18.673Z
txApplied-total	15	2020-04-13T22:57:18.673Z
txRejected-average	0	2020-04-13T22:57:18.673Z
txRejected-total	0	2020-04-13T22:57:18.673Z
txExpired-average	0	2020-04-13T22:57:18.673Z
txExpired-total	0	2020-04-13T22:57:18.673Z
txProcessed-average	0	2020-04-13T22:57:18.673Z
txProcessed-total	0	2020-04-13T22:57:18.673Z
queueLength-average	1.4230769230769231	2020-04-13T22:57:18.673Z
queueLength-value	0	2020-04-13T22:57:18.673Z
serverLoad-average	0.2622294382727872	2020-04-13T22:57:18.673Z
serverLoad-value	0.174432	2020-04-13T22:57:18.673Z
txTimeInQueue-average	2.515846153846154	2020-04-13T22:57:18.673Z
txInjected-average	0	2020-04-13T22:57:19.674Z
txInjected-total	0	2020-04-13T22:57:19.674Z
txApplied-average	0.5555555555555556	2020-04-13T22:57:19.674Z
txApplied-total	15	2020-04-13T22:57:19.674Z
txRejected-average	0	2020-04-13T22:57:19.674Z
txRejected-total	0	2020-04-13T22:57:19.674Z
txExpired-average	0	2020-04-13T22:57:19.674Z
txExpired-total	0	2020-04-13T22:57:19.674Z
txProcessed-average	0	2020-04-13T22:57:19.674Z
txProcessed-total	0	2020-04-13T22:57:19.674Z
queueLength-average	1.3703703703703705	2020-04-13T22:57:19.674Z
queueLength-value	0	2020-04-13T22:57:19.674Z
serverLoad-average	0.2587292026672424	2020-04-13T22:57:19.674Z
serverLoad-value	0.16772307692307692	2020-04-13T22:57:19.674Z
txTimeInQueue-average	2.4226666666666663	2020-04-13T22:57:19.674Z
txInjected-average	0	2020-04-13T22:57:20.676Z
txInjected-total	0	2020-04-13T22:57:20.676Z
txApplied-average	0.5357142857142857	2020-04-13T22:57:20.676Z
txApplied-total	15	2020-04-13T22:57:20.676Z
txRejected-average	0	2020-04-13T22:57:20.676Z
txRejected-total	0	2020-04-13T22:57:20.676Z
txExpired-average	0	2020-04-13T22:57:20.676Z
txExpired-total	0	2020-04-13T22:57:20.676Z
txProcessed-average	0	2020-04-13T22:57:20.676Z
txProcessed-total	0	2020-04-13T22:57:20.676Z
queueLength-average	1.3214285714285714	2020-04-13T22:57:20.676Z
queueLength-value	0	2020-04-13T22:57:20.676Z
serverLoad-average	0.25525712796880917	2020-04-13T22:57:20.676Z
serverLoad-value	0.16151111111111108	2020-04-13T22:57:20.676Z
txTimeInQueue-average	2.3361428571428573	2020-04-13T22:57:20.676Z
txInjected-average	0	2020-04-13T22:57:21.680Z
txInjected-total	0	2020-04-13T22:57:21.680Z
txApplied-average	0.5172413793103449	2020-04-13T22:57:21.680Z
txApplied-total	15	2020-04-13T22:57:21.680Z
txRejected-average	0	2020-04-13T22:57:21.680Z
txRejected-total	0	2020-04-13T22:57:21.680Z
txExpired-average	0	2020-04-13T22:57:21.680Z
txExpired-total	0	2020-04-13T22:57:21.680Z
txProcessed-average	0	2020-04-13T22:57:21.680Z
txProcessed-total	0	2020-04-13T22:57:21.680Z
queueLength-average	1.2758620689655173	2020-04-13T22:57:21.680Z
queueLength-value	0	2020-04-13T22:57:21.680Z
serverLoad-average	0.25182560138860394	2020-04-13T22:57:21.680Z
serverLoad-value	0.15574285714285716	2020-04-13T22:57:21.680Z
txTimeInQueue-average	2.2555862068965515	2020-04-13T22:57:21.680Z
txInjected-average	0	2020-04-13T22:57:22.683Z
txInjected-total	0	2020-04-13T22:57:22.683Z
txApplied-average	0.5	2020-04-13T22:57:22.683Z
txApplied-total	15	2020-04-13T22:57:22.683Z
txRejected-average	0	2020-04-13T22:57:22.683Z
txRejected-total	0	2020-04-13T22:57:22.683Z
txExpired-average	0	2020-04-13T22:57:22.683Z
txExpired-total	0	2020-04-13T22:57:22.683Z
txProcessed-average	0	2020-04-13T22:57:22.683Z
txProcessed-total	0	2020-04-13T22:57:22.683Z
queueLength-average	1.2333333333333334	2020-04-13T22:57:22.683Z
queueLength-value	0	2020-04-13T22:57:22.683Z
serverLoad-average	0.24844382846875393	2020-04-13T22:57:22.683Z
serverLoad-value	0.15037241379310343	2020-04-13T22:57:22.683Z
txTimeInQueue-average	2.1804	2020-04-13T22:57:22.683Z
txInjected-average	0	2020-04-13T22:57:23.686Z
txInjected-total	0	2020-04-13T22:57:23.686Z
txApplied-average	0.4838709677419355	2020-04-13T22:57:23.686Z
txApplied-total	15	2020-04-13T22:57:23.686Z
txRejected-average	0	2020-04-13T22:57:23.686Z
txRejected-total	0	2020-04-13T22:57:23.686Z
txExpired-average	0	2020-04-13T22:57:23.686Z
txExpired-total	0	2020-04-13T22:57:23.686Z
txProcessed-average	0	2020-04-13T22:57:23.686Z
txProcessed-total	0	2020-04-13T22:57:23.686Z
queueLength-average	1.1935483870967742	2020-04-13T22:57:23.686Z
queueLength-value	0	2020-04-13T22:57:23.686Z
serverLoad-average	0.24511854367943928	2020-04-13T22:57:23.686Z
serverLoad-value	0.14536000000000002	2020-04-13T22:57:23.686Z
txTimeInQueue-average	2.1100645161290323	2020-04-13T22:57:23.686Z
txInjected-average	0	2020-04-13T22:57:24.685Z
txInjected-total	0	2020-04-13T22:57:24.685Z
txApplied-average	0.46875	2020-04-13T22:57:24.685Z
txApplied-total	15	2020-04-13T22:57:24.685Z
txRejected-average	0	2020-04-13T22:57:24.685Z
txRejected-total	0	2020-04-13T22:57:24.685Z
txExpired-average	0	2020-04-13T22:57:24.685Z
txExpired-total	0	2020-04-13T22:57:24.685Z
txProcessed-average	0	2020-04-13T22:57:24.685Z
txProcessed-total	0	2020-04-13T22:57:24.685Z
queueLength-average	1.15625	2020-04-13T22:57:24.685Z
queueLength-value	0	2020-04-13T22:57:24.685Z
serverLoad-average	0.2418545569313923	2020-04-13T22:57:24.685Z
serverLoad-value	0.1406709677419355	2020-04-13T22:57:24.685Z
txTimeInQueue-average	2.044125	2020-04-13T22:57:24.685Z
txInjected-average	0	2020-04-13T22:57:25.685Z
txInjected-total	0	2020-04-13T22:57:25.685Z
txApplied-average	0.45454545454545453	2020-04-13T22:57:25.685Z
txApplied-total	15	2020-04-13T22:57:25.685Z
txRejected-average	0	2020-04-13T22:57:25.685Z
txRejected-total	0	2020-04-13T22:57:25.685Z
txExpired-average	0	2020-04-13T22:57:25.685Z
txExpired-total	0	2020-04-13T22:57:25.685Z
txProcessed-average	0	2020-04-13T22:57:25.685Z
txProcessed-total	0	2020-04-13T22:57:25.685Z
queueLength-average	1.121212121212121	2020-04-13T22:57:25.685Z
queueLength-value	0	2020-04-13T22:57:25.685Z
serverLoad-average	0.23865517641831982	2020-04-13T22:57:25.685Z
serverLoad-value	0.136275	2020-04-13T22:57:25.685Z
txTimeInQueue-average	1.9821818181818183	2020-04-13T22:57:25.685Z
txInjected-average	0	2020-04-13T22:57:26.687Z
txInjected-total	0	2020-04-13T22:57:26.687Z
txApplied-average	0.4411764705882353	2020-04-13T22:57:26.687Z
txApplied-total	15	2020-04-13T22:57:26.687Z
txRejected-average	0	2020-04-13T22:57:26.687Z
txRejected-total	0	2020-04-13T22:57:26.687Z
txExpired-average	0	2020-04-13T22:57:26.687Z
txExpired-total	0	2020-04-13T22:57:26.687Z
txProcessed-average	0	2020-04-13T22:57:26.687Z
txProcessed-total	0	2020-04-13T22:57:26.687Z
queueLength-average	1.088235294117647	2020-04-13T22:57:26.687Z
queueLength-value	0	2020-04-13T22:57:26.687Z
serverLoad-average	0.23552253753970612	2020-04-13T22:57:26.687Z
serverLoad-value	0.13214545454545454	2020-04-13T22:57:26.687Z
txTimeInQueue-average	1.9238823529411766	2020-04-13T22:57:26.687Z
txInjected-average	0	2020-04-13T22:57:27.687Z
txInjected-total	0	2020-04-13T22:57:27.687Z
txApplied-average	0.42857142857142855	2020-04-13T22:57:27.687Z
txApplied-total	15	2020-04-13T22:57:27.687Z
txRejected-average	0	2020-04-13T22:57:27.687Z
txRejected-total	0	2020-04-13T22:57:27.687Z
txExpired-average	0	2020-04-13T22:57:27.687Z
txExpired-total	0	2020-04-13T22:57:27.687Z
txProcessed-average	0	2020-04-13T22:57:27.687Z
txProcessed-total	0	2020-04-13T22:57:27.687Z
queueLength-average	1.0571428571428572	2020-04-13T22:57:27.687Z
queueLength-value	0	2020-04-13T22:57:27.687Z
serverLoad-average	0.23245785999655486	2020-04-13T22:57:27.687Z
serverLoad-value	0.1282588235294118	2020-04-13T22:57:27.687Z
txTimeInQueue-average	1.8689142857142858	2020-04-13T22:57:27.687Z
txInjected-average	0	2020-04-13T22:57:28.689Z
txInjected-total	0	2020-04-13T22:57:28.689Z
txApplied-average	0.4166666666666667	2020-04-13T22:57:28.689Z
txApplied-total	15	2020-04-13T22:57:28.689Z
txRejected-average	0	2020-04-13T22:57:28.689Z
txRejected-total	0	2020-04-13T22:57:28.689Z
txExpired-average	0	2020-04-13T22:57:28.689Z
txExpired-total	0	2020-04-13T22:57:28.689Z
txProcessed-average	0	2020-04-13T22:57:28.689Z
txProcessed-total	0	2020-04-13T22:57:28.689Z
queueLength-average	1.0277777777777777	2020-04-13T22:57:28.689Z
queueLength-value	0	2020-04-13T22:57:28.689Z
serverLoad-average	0.22946164959982518	2020-04-13T22:57:28.689Z
serverLoad-value	0.12459428571428571	2020-04-13T22:57:28.689Z
txTimeInQueue-average	1.817	2020-04-13T22:57:28.689Z
txInjected-average	0	2020-04-13T22:57:29.691Z
txInjected-total	0	2020-04-13T22:57:29.691Z
txApplied-average	0.40540540540540543	2020-04-13T22:57:29.691Z
txApplied-total	15	2020-04-13T22:57:29.691Z
txRejected-average	0	2020-04-13T22:57:29.691Z
txRejected-total	0	2020-04-13T22:57:29.691Z
txExpired-average	0	2020-04-13T22:57:29.691Z
txExpired-total	0	2020-04-13T22:57:29.691Z
txProcessed-average	0	2020-04-13T22:57:29.691Z
txProcessed-total	0	2020-04-13T22:57:29.691Z
queueLength-average	1	2020-04-13T22:57:29.691Z
queueLength-value	0	2020-04-13T22:57:29.691Z
serverLoad-average	0.22653385726829836	2020-04-13T22:57:29.691Z
serverLoad-value	0.12113333333333333	2020-04-13T22:57:29.691Z
txTimeInQueue-average	1.7678918918918918	2020-04-13T22:57:29.691Z
txInjected-average	0	2020-04-13T22:57:30.693Z
txInjected-total	0	2020-04-13T22:57:30.693Z
txApplied-average	0.39473684210526316	2020-04-13T22:57:30.693Z
txApplied-total	15	2020-04-13T22:57:30.693Z
txRejected-average	0	2020-04-13T22:57:30.693Z
txRejected-total	0	2020-04-13T22:57:30.693Z
txExpired-average	0	2020-04-13T22:57:30.693Z
txExpired-total	0	2020-04-13T22:57:30.693Z
txProcessed-average	0	2020-04-13T22:57:30.693Z
txProcessed-total	0	2020-04-13T22:57:30.693Z
queueLength-average	0.9736842105263158	2020-04-13T22:57:30.693Z
queueLength-value	0	2020-04-13T22:57:30.693Z
serverLoad-average	0.22367400469438156	2020-04-13T22:57:30.693Z
serverLoad-value	0.11785945945945946	2020-04-13T22:57:30.693Z
txTimeInQueue-average	1.7213684210526317	2020-04-13T22:57:30.693Z
txInjected-average	0	2020-04-13T22:57:31.696Z
txInjected-total	0	2020-04-13T22:57:31.696Z
txApplied-average	0.38461538461538464	2020-04-13T22:57:31.696Z
txApplied-total	15	2020-04-13T22:57:31.696Z
txRejected-average	0	2020-04-13T22:57:31.696Z
txRejected-total	0	2020-04-13T22:57:31.696Z
txExpired-average	0	2020-04-13T22:57:31.696Z
txExpired-total	0	2020-04-13T22:57:31.696Z
txProcessed-average	0	2020-04-13T22:57:31.696Z
txProcessed-total	0	2020-04-13T22:57:31.696Z
queueLength-average	0.9487179487179487	2020-04-13T22:57:31.696Z
queueLength-value	0	2020-04-13T22:57:31.696Z
serverLoad-average	0.2208812839262395	2020-04-13T22:57:31.696Z
serverLoad-value	0.11475789473684211	2020-04-13T22:57:31.696Z
txTimeInQueue-average	1.6772307692307693	2020-04-13T22:57:31.696Z
txInjected-average	0	2020-04-13T22:57:32.701Z
txInjected-total	0	2020-04-13T22:57:32.701Z
txApplied-average	0.375	2020-04-13T22:57:32.701Z
txApplied-total	15	2020-04-13T22:57:32.701Z
txRejected-average	0	2020-04-13T22:57:32.701Z
txRejected-total	0	2020-04-13T22:57:32.701Z
txExpired-average	0	2020-04-13T22:57:32.701Z
txExpired-total	0	2020-04-13T22:57:32.701Z
txProcessed-average	0	2020-04-13T22:57:32.701Z
txProcessed-total	0	2020-04-13T22:57:32.701Z
queueLength-average	0.925	2020-04-13T22:57:32.701Z
queueLength-value	0	2020-04-13T22:57:32.701Z
serverLoad-average	0.21815463644346816	2020-04-13T22:57:32.701Z
serverLoad-value	0.11181538461538462	2020-04-13T22:57:32.701Z
txTimeInQueue-average	1.6353	2020-04-13T22:57:32.701Z
txInjected-average	0	2020-04-13T22:57:33.702Z
txInjected-total	0	2020-04-13T22:57:33.702Z
txApplied-average	0.36585365853658536	2020-04-13T22:57:33.702Z
txApplied-total	15	2020-04-13T22:57:33.702Z
txRejected-average	0	2020-04-13T22:57:33.702Z
txRejected-total	0	2020-04-13T22:57:33.702Z
txExpired-average	0	2020-04-13T22:57:33.702Z
txExpired-total	0	2020-04-13T22:57:33.702Z
txProcessed-average	0	2020-04-13T22:57:33.702Z
txProcessed-total	0	2020-04-13T22:57:33.702Z
queueLength-average	0.9024390243902439	2020-04-13T22:57:33.702Z
queueLength-value	0	2020-04-13T22:57:33.702Z
serverLoad-average	0.21549281604240794	2020-04-13T22:57:33.702Z
serverLoad-value	0.10901999999999999	2020-04-13T22:57:33.702Z
txTimeInQueue-average	1.5954146341463415	2020-04-13T22:57:33.702Z
txInjected-average	0	2020-04-13T22:57:34.703Z
txInjected-total	0	2020-04-13T22:57:34.703Z
txApplied-average	0.35714285714285715	2020-04-13T22:57:34.703Z
txApplied-total	15	2020-04-13T22:57:34.703Z
txRejected-average	0	2020-04-13T22:57:34.703Z
txRejected-total	0	2020-04-13T22:57:34.703Z
txExpired-average	0	2020-04-13T22:57:34.703Z
txExpired-total	0	2020-04-13T22:57:34.703Z
txProcessed-average	0	2020-04-13T22:57:34.703Z
txProcessed-total	0	2020-04-13T22:57:34.703Z
queueLength-average	0.8809523809523809	2020-04-13T22:57:34.703Z
queueLength-value	0	2020-04-13T22:57:34.703Z
serverLoad-average	0.21289443888924953	2020-04-13T22:57:34.703Z
serverLoad-value	0.1063609756097561	2020-04-13T22:57:34.703Z
txTimeInQueue-average	1.5574285714285714	2020-04-13T22:57:34.703Z
txInjected-average	0	2020-04-13T22:57:35.705Z
txInjected-total	0	2020-04-13T22:57:35.705Z
txApplied-average	0.3488372093023256	2020-04-13T22:57:35.705Z
txApplied-total	15	2020-04-13T22:57:35.705Z
txRejected-average	0	2020-04-13T22:57:35.705Z
txRejected-total	0	2020-04-13T22:57:35.705Z
txExpired-average	0	2020-04-13T22:57:35.705Z
txExpired-total	0	2020-04-13T22:57:35.705Z
txProcessed-average	0	2020-04-13T22:57:35.705Z
txProcessed-total	0	2020-04-13T22:57:35.705Z
queueLength-average	0.8604651162790697	2020-04-13T22:57:35.705Z
queueLength-value	0	2020-04-13T22:57:35.705Z
serverLoad-average	0.2103580233669082	2020-04-13T22:57:35.705Z
serverLoad-value	0.10382857142857142	2020-04-13T22:57:35.705Z
txTimeInQueue-average	1.5212093023255813	2020-04-13T22:57:35.705Z
