Name	Value	Time
txInjected-average	0	2020-04-13T22:56:53.832Z
txInjected-total	0	2020-04-13T22:56:53.832Z
txApplied-average	11	2020-04-13T22:56:53.832Z
txApplied-total	11	2020-04-13T22:56:53.832Z
txRejected-average	0	2020-04-13T22:56:53.832Z
txRejected-total	0	2020-04-13T22:56:53.832Z
txExpired-average	0	2020-04-13T22:56:53.832Z
txExpired-total	0	2020-04-13T22:56:53.832Z
txProcessed-average	0	2020-04-13T22:56:53.832Z
txProcessed-total	0	2020-04-13T22:56:53.832Z
queueLength-average	3	2020-04-13T22:56:53.832Z
queueLength-value	3	2020-04-13T22:56:53.832Z
serverLoad-average	0	2020-04-13T22:56:53.832Z
serverLoad-value	0	2020-04-13T22:56:53.832Z
txTimeInQueue-average	2.524	2020-04-13T22:56:53.832Z
txInjected-average	0	2020-04-13T22:56:54.869Z
txInjected-total	0	2020-04-13T22:56:54.869Z
txApplied-average	5.5	2020-04-13T22:56:54.869Z
txApplied-total	11	2020-04-13T22:56:54.869Z
txRejected-average	0	2020-04-13T22:56:54.869Z
txRejected-total	0	2020-04-13T22:56:54.869Z
txExpired-average	0	2020-04-13T22:56:54.869Z
txExpired-total	0	2020-04-13T22:56:54.869Z
txProcessed-average	0	2020-04-13T22:56:54.869Z
txProcessed-total	0	2020-04-13T22:56:54.869Z
queueLength-average	3	2020-04-13T22:56:54.869Z
queueLength-value	3	2020-04-13T22:56:54.869Z
serverLoad-average	0.08413333333333334	2020-04-13T22:56:54.869Z
serverLoad-value	0.16826666666666668	2020-04-13T22:56:54.869Z
txTimeInQueue-average	3.0425	2020-04-13T22:56:54.869Z
txInjected-average	0	2020-04-13T22:56:55.870Z
txInjected-total	0	2020-04-13T22:56:55.870Z
txApplied-average	3.6666666666666665	2020-04-13T22:56:55.870Z
txApplied-total	11	2020-04-13T22:56:55.870Z
txRejected-average	0	2020-04-13T22:56:55.870Z
txRejected-total	0	2020-04-13T22:56:55.870Z
txExpired-average	0	2020-04-13T22:56:55.870Z
txExpired-total	0	2020-04-13T22:56:55.870Z
txProcessed-average	0	2020-04-13T22:56:55.870Z
txProcessed-total	0	2020-04-13T22:56:55.870Z
queueLength-average	3.3333333333333335	2020-04-13T22:56:55.870Z
queueLength-value	4	2020-04-13T22:56:55.870Z
serverLoad-average	0.12369999999999999	2020-04-13T22:56:55.870Z
serverLoad-value	0.20283333333333334	2020-04-13T22:56:55.870Z
txTimeInQueue-average	3.4116666666666666	2020-04-13T22:56:55.870Z
txInjected-average	0	2020-04-13T22:56:56.870Z
txInjected-total	0	2020-04-13T22:56:56.870Z
txApplied-average	2.75	2020-04-13T22:56:56.870Z
txApplied-total	11	2020-04-13T22:56:56.870Z
txRejected-average	0	2020-04-13T22:56:56.870Z
txRejected-total	0	2020-04-13T22:56:56.870Z
txExpired-average	0	2020-04-13T22:56:56.870Z
txExpired-total	0	2020-04-13T22:56:56.870Z
txProcessed-average	0	2020-04-13T22:56:56.870Z
txProcessed-total	0	2020-04-13T22:56:56.870Z
queueLength-average	3.5	2020-04-13T22:56:56.870Z
queueLength-value	4	2020-04-13T22:56:56.870Z
serverLoad-average	0.1496361111111111	2020-04-13T22:56:56.870Z
serverLoad-value	0.22744444444444445	2020-04-13T22:56:56.870Z
txTimeInQueue-average	3.84625	2020-04-13T22:56:56.870Z
txInjected-average	0	2020-04-13T22:56:57.873Z
txInjected-total	0	2020-04-13T22:56:57.873Z
txApplied-average	2.2	2020-04-13T22:56:57.873Z
txApplied-total	11	2020-04-13T22:56:57.873Z
txRejected-average	0	2020-04-13T22:56:57.873Z
txRejected-total	0	2020-04-13T22:56:57.873Z
txExpired-average	0	2020-04-13T22:56:57.873Z
txExpired-total	0	2020-04-13T22:56:57.873Z
txProcessed-average	0	2020-04-13T22:56:57.873Z
txProcessed-total	0	2020-04-13T22:56:57.873Z
queueLength-average	3.6	2020-04-13T22:56:57.873Z
queueLength-value	4	2020-04-13T22:56:57.873Z
serverLoad-average	0.1709922222222222	2020-04-13T22:56:57.873Z
serverLoad-value	0.2564166666666667	2020-04-13T22:56:57.873Z
txTimeInQueue-average	4.307600000000001	2020-04-13T22:56:57.873Z
txInjected-average	0	2020-04-13T22:56:58.873Z
txInjected-total	0	2020-04-13T22:56:58.873Z
txApplied-average	1.8333333333333333	2020-04-13T22:56:58.873Z
txApplied-total	11	2020-04-13T22:56:58.873Z
txRejected-average	0	2020-04-13T22:56:58.873Z
txRejected-total	0	2020-04-13T22:56:58.873Z
txExpired-average	0	2020-04-13T22:56:58.873Z
txExpired-total	0	2020-04-13T22:56:58.873Z
txProcessed-average	0	2020-04-13T22:56:58.873Z
txProcessed-total	0	2020-04-13T22:56:58.873Z
queueLength-average	3.6666666666666665	2020-04-13T22:56:58.873Z
queueLength-value	4	2020-04-13T22:56:58.873Z
serverLoad-average	0.19035574074074071	2020-04-13T22:56:58.873Z
serverLoad-value	0.2871733333333334	2020-04-13T22:56:58.873Z
txTimeInQueue-average	4.781833333333333	2020-04-13T22:56:58.873Z
txInjected-average	0	2020-04-13T22:56:59.873Z
txInjected-total	0	2020-04-13T22:56:59.873Z
txApplied-average	1.5714285714285714	2020-04-13T22:56:59.873Z
txApplied-total	11	2020-04-13T22:56:59.873Z
txRejected-average	0	2020-04-13T22:56:59.873Z
txRejected-total	0	2020-04-13T22:56:59.873Z
txExpired-average	0	2020-04-13T22:56:59.873Z
txExpired-total	0	2020-04-13T22:56:59.873Z
txProcessed-average	0	2020-04-13T22:56:59.873Z
txProcessed-total	0	2020-04-13T22:56:59.873Z
queueLength-average	3.7142857142857144	2020-04-13T22:56:59.873Z
queueLength-value	4	2020-04-13T22:56:59.873Z
serverLoad-average	0.2087033333333333	2020-04-13T22:56:59.873Z
serverLoad-value	0.3187888888888889	2020-04-13T22:56:59.873Z
txTimeInQueue-average	5.263428571428571	2020-04-13T22:56:59.873Z
txInjected-average	0	2020-04-13T22:57:00.876Z
txInjected-total	0	2020-04-13T22:57:00.876Z
txApplied-average	1.375	2020-04-13T22:57:00.876Z
txApplied-total	11	2020-04-13T22:57:00.876Z
txRejected-average	0	2020-04-13T22:57:00.876Z
txRejected-total	0	2020-04-13T22:57:00.876Z
txExpired-average	0	2020-04-13T22:57:00.876Z
txExpired-total	0	2020-04-13T22:57:00.876Z
txProcessed-average	0	2020-04-13T22:57:00.876Z
txProcessed-total	0	2020-04-13T22:57:00.876Z
queueLength-average	3.75	2020-04-13T22:57:00.876Z
queueLength-value	4	2020-04-13T22:57:00.876Z
serverLoad-average	0.2264773214285714	2020-04-13T22:57:00.876Z
serverLoad-value	0.3508952380952381	2020-04-13T22:57:00.876Z
txTimeInQueue-average	5.75	2020-04-13T22:57:00.876Z
txInjected-average	0	2020-04-13T22:57:01.876Z
txInjected-total	0	2020-04-13T22:57:01.876Z
txApplied-average	1.2222222222222223	2020-04-13T22:57:01.876Z
txApplied-total	11	2020-04-13T22:57:01.876Z
txRejected-average	0	2020-04-13T22:57:01.876Z
txRejected-total	0	2020-04-13T22:57:01.876Z
txExpired-average	0	2020-04-13T22:57:01.876Z
txExpired-total	0	2020-04-13T22:57:01.876Z
txProcessed-average	0	2020-04-13T22:57:01.876Z
txProcessed-total	0	2020-04-13T22:57:01.876Z
queueLength-average	3.7777777777777777	2020-04-13T22:57:01.876Z
queueLength-value	4	2020-04-13T22:57:01.876Z
serverLoad-average	0.24390576719576718	2020-04-13T22:57:01.876Z
serverLoad-value	0.38333333333333336	2020-04-13T22:57:01.876Z
txTimeInQueue-average	6.2395555555555555	2020-04-13T22:57:01.876Z
txInjected-average	0	2020-04-13T22:57:02.877Z
txInjected-total	0	2020-04-13T22:57:02.877Z
txApplied-average	1.1	2020-04-13T22:57:02.877Z
txApplied-total	11	2020-04-13T22:57:02.877Z
txRejected-average	0	2020-04-13T22:57:02.877Z
txRejected-total	0	2020-04-13T22:57:02.877Z
txExpired-average	0	2020-04-13T22:57:02.877Z
txExpired-total	0	2020-04-13T22:57:02.877Z
txProcessed-average	0	2020-04-13T22:57:02.877Z
txProcessed-total	0	2020-04-13T22:57:02.877Z
queueLength-average	3.8	2020-04-13T22:57:02.877Z
queueLength-value	4	2020-04-13T22:57:02.877Z
serverLoad-average	0.2611122275132275	2020-04-13T22:57:02.877Z
serverLoad-value	0.4159703703703704	2020-04-13T22:57:02.877Z
txTimeInQueue-average	6.7314	2020-04-13T22:57:02.877Z
txInjected-average	0	2020-04-13T22:57:03.878Z
txInjected-total	0	2020-04-13T22:57:03.878Z
txApplied-average	1.2727272727272727	2020-04-13T22:57:03.878Z
txApplied-total	14	2020-04-13T22:57:03.878Z
txRejected-average	0	2020-04-13T22:57:03.878Z
txRejected-total	0	2020-04-13T22:57:03.878Z
txExpired-average	0	2020-04-13T22:57:03.878Z
txExpired-total	0	2020-04-13T22:57:03.878Z
txProcessed-average	0	2020-04-13T22:57:03.878Z
txProcessed-total	0	2020-04-13T22:57:03.878Z
queueLength-average	3.5454545454545454	2020-04-13T22:57:03.878Z
queueLength-value	1	2020-04-13T22:57:03.878Z
serverLoad-average	0.27817111592111593	2020-04-13T22:57:03.878Z
serverLoad-value	0.44876	2020-04-13T22:57:03.878Z
txTimeInQueue-average	6.860272727272727	2020-04-13T22:57:03.878Z
txInjected-average	0	2020-04-13T22:57:04.879Z
txInjected-total	0	2020-04-13T22:57:04.879Z
txApplied-average	1.1666666666666667	2020-04-13T22:57:04.879Z
txApplied-total	14	2020-04-13T22:57:04.879Z
txRejected-average	0	2020-04-13T22:57:04.879Z
txRejected-total	0	2020-04-13T22:57:04.879Z
txExpired-average	0	2020-04-13T22:57:04.879Z
txExpired-total	0	2020-04-13T22:57:04.879Z
txProcessed-average	0	2020-04-13T22:57:04.879Z
txProcessed-total	0	2020-04-13T22:57:04.879Z
queueLength-average	3.3333333333333335	2020-04-13T22:57:04.879Z
queueLength-value	1	2020-04-13T22:57:04.879Z
serverLoad-average	0.29310281585698256	2020-04-13T22:57:04.879Z
serverLoad-value	0.4573515151515151	2020-04-13T22:57:04.879Z
txTimeInQueue-average	7.051083333333333	2020-04-13T22:57:04.879Z
txInjected-average	0	2020-04-13T22:57:05.879Z
txInjected-total	0	2020-04-13T22:57:05.879Z
txApplied-average	1.0769230769230769	2020-04-13T22:57:05.879Z
txApplied-total	14	2020-04-13T22:57:05.879Z
txRejected-average	0	2020-04-13T22:57:05.879Z
txRejected-total	0	2020-04-13T22:57:05.879Z
txExpired-average	0	2020-04-13T22:57:05.879Z
txExpired-total	0	2020-04-13T22:57:05.879Z
txProcessed-average	0	2020-04-13T22:57:05.879Z
txProcessed-total	0	2020-04-13T22:57:05.879Z
queueLength-average	3.1538461538461537	2020-04-13T22:57:05.879Z
queueLength-value	1	2020-04-13T22:57:05.879Z
serverLoad-average	0.3067158471158471	2020-04-13T22:57:05.879Z
serverLoad-value	0.47007222222222217	2020-04-13T22:57:05.879Z
txTimeInQueue-average	7.289538461538462	2020-04-13T22:57:05.879Z
