Name	Value	Time
txInjected-average	0	2020-04-13T22:55:24.863Z
txInjected-total	0	2020-04-13T22:55:24.863Z
txApplied-average	1	2020-04-13T22:55:24.863Z
txApplied-total	1	2020-04-13T22:55:24.863Z
txRejected-average	0	2020-04-13T22:55:24.863Z
txRejected-total	0	2020-04-13T22:55:24.863Z
txExpired-average	0	2020-04-13T22:55:24.863Z
txExpired-total	0	2020-04-13T22:55:24.863Z
txProcessed-average	0	2020-04-13T22:55:24.863Z
txProcessed-total	0	2020-04-13T22:55:24.863Z
queueLength-average	0	2020-04-13T22:55:24.863Z
queueLength-value	0	2020-04-13T22:55:24.863Z
serverLoad-average	0	2020-04-13T22:55:24.863Z
serverLoad-value	0	2020-04-13T22:55:24.863Z
txTimeInQueue-average	0	2020-04-13T22:55:24.863Z
txInjected-average	0	2020-04-13T22:55:25.866Z
txInjected-total	0	2020-04-13T22:55:25.866Z
txApplied-average	0.5	2020-04-13T22:55:25.866Z
txApplied-total	1	2020-04-13T22:55:25.866Z
txRejected-average	0	2020-04-13T22:55:25.866Z
txRejected-total	0	2020-04-13T22:55:25.866Z
txExpired-average	0	2020-04-13T22:55:25.866Z
txExpired-total	0	2020-04-13T22:55:25.866Z
txProcessed-average	0	2020-04-13T22:55:25.866Z
txProcessed-total	0	2020-04-13T22:55:25.866Z
queueLength-average	0	2020-04-13T22:55:25.866Z
queueLength-value	0	2020-04-13T22:55:25.866Z
serverLoad-average	0	2020-04-13T22:55:25.866Z
serverLoad-value	0	2020-04-13T22:55:25.866Z
txTimeInQueue-average	0	2020-04-13T22:55:25.866Z
txInjected-average	0	2020-04-13T22:55:26.868Z
txInjected-total	0	2020-04-13T22:55:26.868Z
txApplied-average	0.3333333333333333	2020-04-13T22:55:26.868Z
txApplied-total	1	2020-04-13T22:55:26.868Z
txRejected-average	0	2020-04-13T22:55:26.868Z
txRejected-total	0	2020-04-13T22:55:26.868Z
txExpired-average	0	2020-04-13T22:55:26.868Z
txExpired-total	0	2020-04-13T22:55:26.868Z
txProcessed-average	0	2020-04-13T22:55:26.868Z
txProcessed-total	0	2020-04-13T22:55:26.868Z
queueLength-average	0	2020-04-13T22:55:26.868Z
queueLength-value	0	2020-04-13T22:55:26.868Z
serverLoad-average	0	2020-04-13T22:55:26.868Z
serverLoad-value	0	2020-04-13T22:55:26.868Z
txTimeInQueue-average	0	2020-04-13T22:55:26.868Z
txInjected-average	0	2020-04-13T22:55:27.872Z
txInjected-total	0	2020-04-13T22:55:27.872Z
txApplied-average	0.25	2020-04-13T22:55:27.872Z
txApplied-total	1	2020-04-13T22:55:27.872Z
txRejected-average	0	2020-04-13T22:55:27.872Z
txRejected-total	0	2020-04-13T22:55:27.872Z
txExpired-average	0	2020-04-13T22:55:27.872Z
txExpired-total	0	2020-04-13T22:55:27.872Z
txProcessed-average	0	2020-04-13T22:55:27.872Z
txProcessed-total	0	2020-04-13T22:55:27.872Z
queueLength-average	0	2020-04-13T22:55:27.872Z
queueLength-value	0	2020-04-13T22:55:27.872Z
serverLoad-average	0	2020-04-13T22:55:27.872Z
serverLoad-value	0	2020-04-13T22:55:27.872Z
txTimeInQueue-average	0	2020-04-13T22:55:27.872Z
txInjected-average	0	2020-04-13T22:55:28.877Z
txInjected-total	0	2020-04-13T22:55:28.877Z
txApplied-average	0.2	2020-04-13T22:55:28.877Z
txApplied-total	1	2020-04-13T22:55:28.877Z
txRejected-average	0	2020-04-13T22:55:28.877Z
txRejected-total	0	2020-04-13T22:55:28.877Z
txExpired-average	0	2020-04-13T22:55:28.877Z
txExpired-total	0	2020-04-13T22:55:28.877Z
txProcessed-average	0	2020-04-13T22:55:28.877Z
txProcessed-total	0	2020-04-13T22:55:28.877Z
queueLength-average	0	2020-04-13T22:55:28.877Z
queueLength-value	0	2020-04-13T22:55:28.877Z
serverLoad-average	0	2020-04-13T22:55:28.877Z
serverLoad-value	0	2020-04-13T22:55:28.877Z
txTimeInQueue-average	0	2020-04-13T22:55:28.877Z
txInjected-average	0	2020-04-13T22:55:29.879Z
txInjected-total	0	2020-04-13T22:55:29.879Z
txApplied-average	0.16666666666666666	2020-04-13T22:55:29.879Z
txApplied-total	1	2020-04-13T22:55:29.879Z
txRejected-average	0	2020-04-13T22:55:29.879Z
txRejected-total	0	2020-04-13T22:55:29.879Z
txExpired-average	0	2020-04-13T22:55:29.879Z
txExpired-total	0	2020-04-13T22:55:29.879Z
txProcessed-average	0	2020-04-13T22:55:29.879Z
txProcessed-total	0	2020-04-13T22:55:29.879Z
queueLength-average	0	2020-04-13T22:55:29.879Z
queueLength-value	0	2020-04-13T22:55:29.879Z
serverLoad-average	0	2020-04-13T22:55:29.879Z
serverLoad-value	0	2020-04-13T22:55:29.879Z
txTimeInQueue-average	0	2020-04-13T22:55:29.879Z
txInjected-average	0	2020-04-13T22:55:30.880Z
txInjected-total	0	2020-04-13T22:55:30.880Z
txApplied-average	0.14285714285714285	2020-04-13T22:55:30.880Z
txApplied-total	1	2020-04-13T22:55:30.880Z
txRejected-average	0	2020-04-13T22:55:30.880Z
txRejected-total	0	2020-04-13T22:55:30.880Z
txExpired-average	0	2020-04-13T22:55:30.880Z
txExpired-total	0	2020-04-13T22:55:30.880Z
txProcessed-average	0	2020-04-13T22:55:30.880Z
txProcessed-total	0	2020-04-13T22:55:30.880Z
queueLength-average	0	2020-04-13T22:55:30.880Z
queueLength-value	0	2020-04-13T22:55:30.880Z
serverLoad-average	0	2020-04-13T22:55:30.880Z
serverLoad-value	0	2020-04-13T22:55:30.880Z
txTimeInQueue-average	0	2020-04-13T22:55:30.880Z
txInjected-average	0	2020-04-13T22:55:31.882Z
txInjected-total	0	2020-04-13T22:55:31.882Z
txApplied-average	0.125	2020-04-13T22:55:31.882Z
txApplied-total	1	2020-04-13T22:55:31.882Z
txRejected-average	0	2020-04-13T22:55:31.882Z
txRejected-total	0	2020-04-13T22:55:31.882Z
txExpired-average	0	2020-04-13T22:55:31.882Z
txExpired-total	0	2020-04-13T22:55:31.882Z
txProcessed-average	0	2020-04-13T22:55:31.882Z
txProcessed-total	0	2020-04-13T22:55:31.882Z
queueLength-average	0	2020-04-13T22:55:31.882Z
queueLength-value	0	2020-04-13T22:55:31.882Z
serverLoad-average	0	2020-04-13T22:55:31.882Z
serverLoad-value	0	2020-04-13T22:55:31.882Z
txTimeInQueue-average	0	2020-04-13T22:55:31.882Z
txInjected-average	0	2020-04-13T22:55:32.887Z
txInjected-total	0	2020-04-13T22:55:32.887Z
txApplied-average	0.1111111111111111	2020-04-13T22:55:32.887Z
txApplied-total	1	2020-04-13T22:55:32.887Z
txRejected-average	0	2020-04-13T22:55:32.887Z
txRejected-total	0	2020-04-13T22:55:32.887Z
txExpired-average	0	2020-04-13T22:55:32.887Z
txExpired-total	0	2020-04-13T22:55:32.887Z
txProcessed-average	0	2020-04-13T22:55:32.887Z
txProcessed-total	0	2020-04-13T22:55:32.887Z
queueLength-average	0	2020-04-13T22:55:32.887Z
queueLength-value	0	2020-04-13T22:55:32.887Z
serverLoad-average	0	2020-04-13T22:55:32.887Z
serverLoad-value	0	2020-04-13T22:55:32.887Z
txTimeInQueue-average	0	2020-04-13T22:55:32.887Z
txInjected-average	0	2020-04-13T22:55:33.891Z
txInjected-total	0	2020-04-13T22:55:33.891Z
txApplied-average	0.1	2020-04-13T22:55:33.891Z
txApplied-total	1	2020-04-13T22:55:33.891Z
txRejected-average	0	2020-04-13T22:55:33.891Z
txRejected-total	0	2020-04-13T22:55:33.891Z
txExpired-average	0	2020-04-13T22:55:33.891Z
txExpired-total	0	2020-04-13T22:55:33.891Z
txProcessed-average	0	2020-04-13T22:55:33.891Z
txProcessed-total	0	2020-04-13T22:55:33.891Z
queueLength-average	0	2020-04-13T22:55:33.891Z
queueLength-value	0	2020-04-13T22:55:33.891Z
serverLoad-average	0	2020-04-13T22:55:33.891Z
serverLoad-value	0	2020-04-13T22:55:33.891Z
txTimeInQueue-average	0	2020-04-13T22:55:33.891Z
txInjected-average	0	2020-04-13T22:55:34.895Z
txInjected-total	0	2020-04-13T22:55:34.895Z
txApplied-average	0.09090909090909091	2020-04-13T22:55:34.895Z
txApplied-total	1	2020-04-13T22:55:34.895Z
txRejected-average	0	2020-04-13T22:55:34.895Z
txRejected-total	0	2020-04-13T22:55:34.895Z
txExpired-average	0	2020-04-13T22:55:34.895Z
txExpired-total	0	2020-04-13T22:55:34.895Z
txProcessed-average	0	2020-04-13T22:55:34.895Z
txProcessed-total	0	2020-04-13T22:55:34.895Z
queueLength-average	0	2020-04-13T22:55:34.895Z
queueLength-value	0	2020-04-13T22:55:34.895Z
serverLoad-average	0	2020-04-13T22:55:34.895Z
serverLoad-value	0	2020-04-13T22:55:34.895Z
txTimeInQueue-average	0	2020-04-13T22:55:34.895Z
txInjected-average	0	2020-04-13T22:55:35.897Z
txInjected-total	0	2020-04-13T22:55:35.897Z
txApplied-average	0.08333333333333333	2020-04-13T22:55:35.897Z
txApplied-total	1	2020-04-13T22:55:35.897Z
txRejected-average	0	2020-04-13T22:55:35.897Z
txRejected-total	0	2020-04-13T22:55:35.897Z
txExpired-average	0	2020-04-13T22:55:35.897Z
txExpired-total	0	2020-04-13T22:55:35.897Z
txProcessed-average	0	2020-04-13T22:55:35.897Z
txProcessed-total	0	2020-04-13T22:55:35.897Z
queueLength-average	0	2020-04-13T22:55:35.897Z
queueLength-value	0	2020-04-13T22:55:35.897Z
serverLoad-average	0	2020-04-13T22:55:35.897Z
serverLoad-value	0	2020-04-13T22:55:35.897Z
txTimeInQueue-average	0	2020-04-13T22:55:35.897Z
txInjected-average	0	2020-04-13T22:55:36.898Z
txInjected-total	0	2020-04-13T22:55:36.898Z
txApplied-average	0.07692307692307693	2020-04-13T22:55:36.898Z
txApplied-total	1	2020-04-13T22:55:36.898Z
txRejected-average	0	2020-04-13T22:55:36.898Z
txRejected-total	0	2020-04-13T22:55:36.898Z
txExpired-average	0	2020-04-13T22:55:36.898Z
txExpired-total	0	2020-04-13T22:55:36.898Z
txProcessed-average	0	2020-04-13T22:55:36.898Z
txProcessed-total	0	2020-04-13T22:55:36.898Z
queueLength-average	0	2020-04-13T22:55:36.898Z
queueLength-value	0	2020-04-13T22:55:36.898Z
serverLoad-average	0	2020-04-13T22:55:36.898Z
serverLoad-value	0	2020-04-13T22:55:36.898Z
txTimeInQueue-average	0	2020-04-13T22:55:36.898Z
txInjected-average	0	2020-04-13T22:55:37.899Z
txInjected-total	0	2020-04-13T22:55:37.899Z
txApplied-average	0.07142857142857142	2020-04-13T22:55:37.899Z
txApplied-total	1	2020-04-13T22:55:37.899Z
txRejected-average	0	2020-04-13T22:55:37.899Z
txRejected-total	0	2020-04-13T22:55:37.899Z
txExpired-average	0	2020-04-13T22:55:37.899Z
txExpired-total	0	2020-04-13T22:55:37.899Z
txProcessed-average	0	2020-04-13T22:55:37.899Z
txProcessed-total	0	2020-04-13T22:55:37.899Z
queueLength-average	0	2020-04-13T22:55:37.899Z
queueLength-value	0	2020-04-13T22:55:37.899Z
serverLoad-average	0	2020-04-13T22:55:37.899Z
serverLoad-value	0	2020-04-13T22:55:37.899Z
txTimeInQueue-average	0	2020-04-13T22:55:37.899Z
txInjected-average	0	2020-04-13T22:55:38.900Z
txInjected-total	0	2020-04-13T22:55:38.900Z
txApplied-average	0.06666666666666667	2020-04-13T22:55:38.900Z
txApplied-total	1	2020-04-13T22:55:38.900Z
txRejected-average	0	2020-04-13T22:55:38.900Z
txRejected-total	0	2020-04-13T22:55:38.900Z
txExpired-average	0	2020-04-13T22:55:38.900Z
txExpired-total	0	2020-04-13T22:55:38.900Z
txProcessed-average	0	2020-04-13T22:55:38.900Z
txProcessed-total	0	2020-04-13T22:55:38.900Z
queueLength-average	0	2020-04-13T22:55:38.900Z
queueLength-value	0	2020-04-13T22:55:38.900Z
serverLoad-average	0	2020-04-13T22:55:38.900Z
serverLoad-value	0	2020-04-13T22:55:38.900Z
txTimeInQueue-average	0	2020-04-13T22:55:38.900Z
txInjected-average	0	2020-04-13T22:55:39.905Z
txInjected-total	0	2020-04-13T22:55:39.905Z
txApplied-average	0.0625	2020-04-13T22:55:39.905Z
txApplied-total	1	2020-04-13T22:55:39.905Z
txRejected-average	0	2020-04-13T22:55:39.905Z
txRejected-total	0	2020-04-13T22:55:39.905Z
txExpired-average	0	2020-04-13T22:55:39.905Z
txExpired-total	0	2020-04-13T22:55:39.905Z
txProcessed-average	0	2020-04-13T22:55:39.905Z
txProcessed-total	0	2020-04-13T22:55:39.905Z
queueLength-average	0	2020-04-13T22:55:39.905Z
queueLength-value	0	2020-04-13T22:55:39.905Z
serverLoad-average	0	2020-04-13T22:55:39.905Z
serverLoad-value	0	2020-04-13T22:55:39.905Z
txTimeInQueue-average	0	2020-04-13T22:55:39.905Z
txInjected-average	0	2020-04-13T22:55:40.908Z
txInjected-total	0	2020-04-13T22:55:40.908Z
txApplied-average	0.058823529411764705	2020-04-13T22:55:40.908Z
txApplied-total	1	2020-04-13T22:55:40.908Z
txRejected-average	0	2020-04-13T22:55:40.908Z
txRejected-total	0	2020-04-13T22:55:40.908Z
txExpired-average	0	2020-04-13T22:55:40.908Z
txExpired-total	0	2020-04-13T22:55:40.908Z
txProcessed-average	0	2020-04-13T22:55:40.908Z
txProcessed-total	0	2020-04-13T22:55:40.908Z
queueLength-average	0	2020-04-13T22:55:40.908Z
queueLength-value	0	2020-04-13T22:55:40.908Z
serverLoad-average	0	2020-04-13T22:55:40.908Z
serverLoad-value	0	2020-04-13T22:55:40.908Z
txTimeInQueue-average	0	2020-04-13T22:55:40.908Z
txInjected-average	0	2020-04-13T22:55:41.913Z
txInjected-total	0	2020-04-13T22:55:41.913Z
txApplied-average	0.05555555555555555	2020-04-13T22:55:41.913Z
txApplied-total	1	2020-04-13T22:55:41.913Z
txRejected-average	0	2020-04-13T22:55:41.913Z
txRejected-total	0	2020-04-13T22:55:41.913Z
txExpired-average	0	2020-04-13T22:55:41.913Z
txExpired-total	0	2020-04-13T22:55:41.913Z
txProcessed-average	0	2020-04-13T22:55:41.913Z
txProcessed-total	0	2020-04-13T22:55:41.913Z
queueLength-average	0	2020-04-13T22:55:41.913Z
queueLength-value	0	2020-04-13T22:55:41.913Z
serverLoad-average	0	2020-04-13T22:55:41.913Z
serverLoad-value	0	2020-04-13T22:55:41.913Z
txTimeInQueue-average	0	2020-04-13T22:55:41.913Z
txInjected-average	0	2020-04-13T22:55:42.918Z
txInjected-total	0	2020-04-13T22:55:42.918Z
txApplied-average	0.05263157894736842	2020-04-13T22:55:42.918Z
txApplied-total	1	2020-04-13T22:55:42.918Z
txRejected-average	0	2020-04-13T22:55:42.918Z
txRejected-total	0	2020-04-13T22:55:42.918Z
txExpired-average	0	2020-04-13T22:55:42.918Z
txExpired-total	0	2020-04-13T22:55:42.918Z
txProcessed-average	0	2020-04-13T22:55:42.918Z
txProcessed-total	0	2020-04-13T22:55:42.918Z
queueLength-average	0	2020-04-13T22:55:42.918Z
queueLength-value	0	2020-04-13T22:55:42.918Z
serverLoad-average	0	2020-04-13T22:55:42.918Z
serverLoad-value	0	2020-04-13T22:55:42.918Z
txTimeInQueue-average	0	2020-04-13T22:55:42.918Z
txInjected-average	0	2020-04-13T22:55:43.922Z
txInjected-total	0	2020-04-13T22:55:43.922Z
txApplied-average	0.05	2020-04-13T22:55:43.922Z
txApplied-total	1	2020-04-13T22:55:43.922Z
txRejected-average	0	2020-04-13T22:55:43.922Z
txRejected-total	0	2020-04-13T22:55:43.922Z
txExpired-average	0	2020-04-13T22:55:43.922Z
txExpired-total	0	2020-04-13T22:55:43.922Z
txProcessed-average	0	2020-04-13T22:55:43.922Z
txProcessed-total	0	2020-04-13T22:55:43.922Z
queueLength-average	0	2020-04-13T22:55:43.922Z
queueLength-value	0	2020-04-13T22:55:43.922Z
serverLoad-average	0	2020-04-13T22:55:43.922Z
serverLoad-value	0	2020-04-13T22:55:43.922Z
txTimeInQueue-average	0	2020-04-13T22:55:43.922Z
txInjected-average	0	2020-04-13T22:55:44.923Z
txInjected-total	0	2020-04-13T22:55:44.923Z
txApplied-average	0.047619047619047616	2020-04-13T22:55:44.923Z
txApplied-total	1	2020-04-13T22:55:44.923Z
txRejected-average	0	2020-04-13T22:55:44.923Z
txRejected-total	0	2020-04-13T22:55:44.923Z
txExpired-average	0	2020-04-13T22:55:44.923Z
txExpired-total	0	2020-04-13T22:55:44.923Z
txProcessed-average	0	2020-04-13T22:55:44.923Z
txProcessed-total	0	2020-04-13T22:55:44.923Z
queueLength-average	0	2020-04-13T22:55:44.923Z
queueLength-value	0	2020-04-13T22:55:44.923Z
serverLoad-average	0	2020-04-13T22:55:44.923Z
serverLoad-value	0	2020-04-13T22:55:44.923Z
txTimeInQueue-average	0	2020-04-13T22:55:44.923Z
txInjected-average	0	2020-04-13T22:55:45.928Z
txInjected-total	0	2020-04-13T22:55:45.928Z
txApplied-average	0.045454545454545456	2020-04-13T22:55:45.928Z
txApplied-total	1	2020-04-13T22:55:45.928Z
txRejected-average	0	2020-04-13T22:55:45.928Z
txRejected-total	0	2020-04-13T22:55:45.928Z
txExpired-average	0	2020-04-13T22:55:45.928Z
txExpired-total	0	2020-04-13T22:55:45.928Z
txProcessed-average	0	2020-04-13T22:55:45.928Z
txProcessed-total	0	2020-04-13T22:55:45.928Z
queueLength-average	0	2020-04-13T22:55:45.928Z
queueLength-value	0	2020-04-13T22:55:45.928Z
serverLoad-average	0	2020-04-13T22:55:45.928Z
serverLoad-value	0	2020-04-13T22:55:45.928Z
txTimeInQueue-average	0	2020-04-13T22:55:45.928Z
txInjected-average	0	2020-04-13T22:55:46.933Z
txInjected-total	0	2020-04-13T22:55:46.933Z
txApplied-average	0.043478260869565216	2020-04-13T22:55:46.933Z
txApplied-total	1	2020-04-13T22:55:46.933Z
txRejected-average	0	2020-04-13T22:55:46.933Z
txRejected-total	0	2020-04-13T22:55:46.933Z
txExpired-average	0	2020-04-13T22:55:46.933Z
txExpired-total	0	2020-04-13T22:55:46.933Z
txProcessed-average	0	2020-04-13T22:55:46.933Z
txProcessed-total	0	2020-04-13T22:55:46.933Z
queueLength-average	0	2020-04-13T22:55:46.933Z
queueLength-value	0	2020-04-13T22:55:46.933Z
serverLoad-average	0	2020-04-13T22:55:46.933Z
serverLoad-value	0	2020-04-13T22:55:46.933Z
txTimeInQueue-average	0	2020-04-13T22:55:46.933Z
txInjected-average	0	2020-04-13T22:55:47.938Z
txInjected-total	0	2020-04-13T22:55:47.938Z
txApplied-average	0.041666666666666664	2020-04-13T22:55:47.938Z
txApplied-total	1	2020-04-13T22:55:47.938Z
txRejected-average	0	2020-04-13T22:55:47.938Z
txRejected-total	0	2020-04-13T22:55:47.938Z
txExpired-average	0	2020-04-13T22:55:47.938Z
txExpired-total	0	2020-04-13T22:55:47.938Z
txProcessed-average	0	2020-04-13T22:55:47.938Z
txProcessed-total	0	2020-04-13T22:55:47.938Z
queueLength-average	0	2020-04-13T22:55:47.938Z
queueLength-value	0	2020-04-13T22:55:47.938Z
serverLoad-average	0	2020-04-13T22:55:47.938Z
serverLoad-value	0	2020-04-13T22:55:47.938Z
txTimeInQueue-average	0	2020-04-13T22:55:47.938Z
txInjected-average	0	2020-04-13T22:55:48.939Z
txInjected-total	0	2020-04-13T22:55:48.939Z
txApplied-average	0.04	2020-04-13T22:55:48.939Z
txApplied-total	1	2020-04-13T22:55:48.939Z
txRejected-average	0	2020-04-13T22:55:48.939Z
txRejected-total	0	2020-04-13T22:55:48.939Z
txExpired-average	0	2020-04-13T22:55:48.939Z
txExpired-total	0	2020-04-13T22:55:48.939Z
txProcessed-average	0	2020-04-13T22:55:48.939Z
txProcessed-total	0	2020-04-13T22:55:48.939Z
queueLength-average	0	2020-04-13T22:55:48.939Z
queueLength-value	0	2020-04-13T22:55:48.939Z
serverLoad-average	0	2020-04-13T22:55:48.939Z
serverLoad-value	0	2020-04-13T22:55:48.939Z
txTimeInQueue-average	0	2020-04-13T22:55:48.939Z
txInjected-average	0	2020-04-13T22:55:49.941Z
txInjected-total	0	2020-04-13T22:55:49.941Z
txApplied-average	0.038461538461538464	2020-04-13T22:55:49.941Z
txApplied-total	1	2020-04-13T22:55:49.941Z
txRejected-average	0	2020-04-13T22:55:49.941Z
txRejected-total	0	2020-04-13T22:55:49.941Z
txExpired-average	0	2020-04-13T22:55:49.941Z
txExpired-total	0	2020-04-13T22:55:49.941Z
txProcessed-average	0	2020-04-13T22:55:49.941Z
txProcessed-total	0	2020-04-13T22:55:49.941Z
queueLength-average	0	2020-04-13T22:55:49.941Z
queueLength-value	0	2020-04-13T22:55:49.941Z
serverLoad-average	0	2020-04-13T22:55:49.941Z
serverLoad-value	0	2020-04-13T22:55:49.941Z
txTimeInQueue-average	0	2020-04-13T22:55:49.941Z
txInjected-average	0	2020-04-13T22:55:50.941Z
txInjected-total	0	2020-04-13T22:55:50.941Z
txApplied-average	0.037037037037037035	2020-04-13T22:55:50.941Z
txApplied-total	1	2020-04-13T22:55:50.941Z
txRejected-average	0	2020-04-13T22:55:50.941Z
txRejected-total	0	2020-04-13T22:55:50.941Z
txExpired-average	0	2020-04-13T22:55:50.941Z
txExpired-total	0	2020-04-13T22:55:50.941Z
txProcessed-average	0	2020-04-13T22:55:50.941Z
txProcessed-total	0	2020-04-13T22:55:50.941Z
queueLength-average	0	2020-04-13T22:55:50.941Z
queueLength-value	0	2020-04-13T22:55:50.941Z
serverLoad-average	0	2020-04-13T22:55:50.941Z
serverLoad-value	0	2020-04-13T22:55:50.941Z
txTimeInQueue-average	0	2020-04-13T22:55:50.941Z
txInjected-average	0	2020-04-13T22:55:51.941Z
txInjected-total	0	2020-04-13T22:55:51.941Z
txApplied-average	0.03571428571428571	2020-04-13T22:55:51.941Z
txApplied-total	1	2020-04-13T22:55:51.941Z
txRejected-average	0	2020-04-13T22:55:51.941Z
txRejected-total	0	2020-04-13T22:55:51.941Z
txExpired-average	0	2020-04-13T22:55:51.941Z
txExpired-total	0	2020-04-13T22:55:51.941Z
txProcessed-average	0	2020-04-13T22:55:51.941Z
txProcessed-total	0	2020-04-13T22:55:51.941Z
queueLength-average	0	2020-04-13T22:55:51.941Z
queueLength-value	0	2020-04-13T22:55:51.941Z
serverLoad-average	0	2020-04-13T22:55:51.941Z
serverLoad-value	0	2020-04-13T22:55:51.941Z
txTimeInQueue-average	0	2020-04-13T22:55:51.941Z
txInjected-average	0	2020-04-13T22:55:52.942Z
txInjected-total	0	2020-04-13T22:55:52.942Z
txApplied-average	0.034482758620689655	2020-04-13T22:55:52.942Z
txApplied-total	1	2020-04-13T22:55:52.942Z
txRejected-average	0	2020-04-13T22:55:52.942Z
txRejected-total	0	2020-04-13T22:55:52.942Z
txExpired-average	0	2020-04-13T22:55:52.942Z
txExpired-total	0	2020-04-13T22:55:52.942Z
txProcessed-average	0	2020-04-13T22:55:52.942Z
txProcessed-total	0	2020-04-13T22:55:52.942Z
queueLength-average	0	2020-04-13T22:55:52.942Z
queueLength-value	0	2020-04-13T22:55:52.942Z
serverLoad-average	0	2020-04-13T22:55:52.942Z
serverLoad-value	0	2020-04-13T22:55:52.942Z
txTimeInQueue-average	0	2020-04-13T22:55:52.942Z
txInjected-average	0	2020-04-13T22:55:53.946Z
txInjected-total	0	2020-04-13T22:55:53.946Z
txApplied-average	0.03333333333333333	2020-04-13T22:55:53.946Z
txApplied-total	1	2020-04-13T22:55:53.946Z
txRejected-average	0	2020-04-13T22:55:53.946Z
txRejected-total	0	2020-04-13T22:55:53.946Z
txExpired-average	0	2020-04-13T22:55:53.946Z
txExpired-total	0	2020-04-13T22:55:53.946Z
txProcessed-average	0	2020-04-13T22:55:53.946Z
txProcessed-total	0	2020-04-13T22:55:53.946Z
queueLength-average	0	2020-04-13T22:55:53.946Z
queueLength-value	0	2020-04-13T22:55:53.946Z
serverLoad-average	0	2020-04-13T22:55:53.946Z
serverLoad-value	0	2020-04-13T22:55:53.946Z
txTimeInQueue-average	0	2020-04-13T22:55:53.946Z
txInjected-average	0	2020-04-13T22:55:54.949Z
txInjected-total	0	2020-04-13T22:55:54.949Z
txApplied-average	0.03225806451612903	2020-04-13T22:55:54.949Z
txApplied-total	1	2020-04-13T22:55:54.949Z
txRejected-average	0	2020-04-13T22:55:54.949Z
txRejected-total	0	2020-04-13T22:55:54.949Z
txExpired-average	0	2020-04-13T22:55:54.949Z
txExpired-total	0	2020-04-13T22:55:54.949Z
txProcessed-average	0	2020-04-13T22:55:54.949Z
txProcessed-total	0	2020-04-13T22:55:54.949Z
queueLength-average	0	2020-04-13T22:55:54.949Z
queueLength-value	0	2020-04-13T22:55:54.949Z
serverLoad-average	0	2020-04-13T22:55:54.949Z
serverLoad-value	0	2020-04-13T22:55:54.949Z
txTimeInQueue-average	0	2020-04-13T22:55:54.949Z
txInjected-average	0	2020-04-13T22:55:55.953Z
txInjected-total	0	2020-04-13T22:55:55.953Z
txApplied-average	0.03125	2020-04-13T22:55:55.953Z
txApplied-total	1	2020-04-13T22:55:55.953Z
txRejected-average	0	2020-04-13T22:55:55.953Z
txRejected-total	0	2020-04-13T22:55:55.953Z
txExpired-average	0	2020-04-13T22:55:55.953Z
txExpired-total	0	2020-04-13T22:55:55.953Z
txProcessed-average	0	2020-04-13T22:55:55.953Z
txProcessed-total	0	2020-04-13T22:55:55.953Z
queueLength-average	0	2020-04-13T22:55:55.953Z
queueLength-value	0	2020-04-13T22:55:55.953Z
serverLoad-average	0	2020-04-13T22:55:55.953Z
serverLoad-value	0	2020-04-13T22:55:55.953Z
txTimeInQueue-average	0	2020-04-13T22:55:55.953Z
txInjected-average	0	2020-04-13T22:55:56.957Z
txInjected-total	0	2020-04-13T22:55:56.957Z
txApplied-average	0.030303030303030304	2020-04-13T22:55:56.957Z
txApplied-total	1	2020-04-13T22:55:56.957Z
txRejected-average	0	2020-04-13T22:55:56.957Z
txRejected-total	0	2020-04-13T22:55:56.957Z
txExpired-average	0	2020-04-13T22:55:56.957Z
txExpired-total	0	2020-04-13T22:55:56.957Z
txProcessed-average	0	2020-04-13T22:55:56.957Z
txProcessed-total	0	2020-04-13T22:55:56.957Z
queueLength-average	0	2020-04-13T22:55:56.957Z
queueLength-value	0	2020-04-13T22:55:56.957Z
serverLoad-average	0	2020-04-13T22:55:56.957Z
serverLoad-value	0	2020-04-13T22:55:56.957Z
txTimeInQueue-average	0	2020-04-13T22:55:56.957Z
txInjected-average	0	2020-04-13T22:55:57.962Z
txInjected-total	0	2020-04-13T22:55:57.962Z
txApplied-average	0.029411764705882353	2020-04-13T22:55:57.962Z
txApplied-total	1	2020-04-13T22:55:57.962Z
txRejected-average	0	2020-04-13T22:55:57.962Z
txRejected-total	0	2020-04-13T22:55:57.962Z
txExpired-average	0	2020-04-13T22:55:57.962Z
txExpired-total	0	2020-04-13T22:55:57.962Z
txProcessed-average	0	2020-04-13T22:55:57.962Z
txProcessed-total	0	2020-04-13T22:55:57.962Z
queueLength-average	0	2020-04-13T22:55:57.962Z
queueLength-value	0	2020-04-13T22:55:57.962Z
serverLoad-average	0	2020-04-13T22:55:57.962Z
serverLoad-value	0	2020-04-13T22:55:57.962Z
txTimeInQueue-average	0	2020-04-13T22:55:57.962Z
txInjected-average	0	2020-04-13T22:55:58.966Z
txInjected-total	0	2020-04-13T22:55:58.966Z
txApplied-average	0.02857142857142857	2020-04-13T22:55:58.966Z
txApplied-total	1	2020-04-13T22:55:58.966Z
txRejected-average	0	2020-04-13T22:55:58.966Z
txRejected-total	0	2020-04-13T22:55:58.966Z
txExpired-average	0	2020-04-13T22:55:58.966Z
txExpired-total	0	2020-04-13T22:55:58.966Z
txProcessed-average	0	2020-04-13T22:55:58.966Z
txProcessed-total	0	2020-04-13T22:55:58.966Z
queueLength-average	0	2020-04-13T22:55:58.966Z
queueLength-value	0	2020-04-13T22:55:58.966Z
serverLoad-average	0	2020-04-13T22:55:58.966Z
serverLoad-value	0	2020-04-13T22:55:58.966Z
txTimeInQueue-average	0	2020-04-13T22:55:58.966Z
txInjected-average	0	2020-04-13T22:55:59.971Z
txInjected-total	0	2020-04-13T22:55:59.971Z
txApplied-average	0.027777777777777776	2020-04-13T22:55:59.971Z
txApplied-total	1	2020-04-13T22:55:59.971Z
txRejected-average	0	2020-04-13T22:55:59.971Z
txRejected-total	0	2020-04-13T22:55:59.971Z
txExpired-average	0	2020-04-13T22:55:59.971Z
txExpired-total	0	2020-04-13T22:55:59.971Z
txProcessed-average	0	2020-04-13T22:55:59.971Z
txProcessed-total	0	2020-04-13T22:55:59.971Z
queueLength-average	0	2020-04-13T22:55:59.971Z
queueLength-value	0	2020-04-13T22:55:59.971Z
serverLoad-average	0	2020-04-13T22:55:59.971Z
serverLoad-value	0	2020-04-13T22:55:59.971Z
txTimeInQueue-average	0	2020-04-13T22:55:59.971Z
txInjected-average	0	2020-04-13T22:56:00.974Z
txInjected-total	0	2020-04-13T22:56:00.974Z
txApplied-average	0.02702702702702703	2020-04-13T22:56:00.974Z
txApplied-total	1	2020-04-13T22:56:00.974Z
txRejected-average	0	2020-04-13T22:56:00.974Z
txRejected-total	0	2020-04-13T22:56:00.974Z
txExpired-average	0	2020-04-13T22:56:00.974Z
txExpired-total	0	2020-04-13T22:56:00.974Z
txProcessed-average	0	2020-04-13T22:56:00.974Z
txProcessed-total	0	2020-04-13T22:56:00.974Z
queueLength-average	0	2020-04-13T22:56:00.974Z
queueLength-value	0	2020-04-13T22:56:00.974Z
serverLoad-average	0	2020-04-13T22:56:00.974Z
serverLoad-value	0	2020-04-13T22:56:00.974Z
txTimeInQueue-average	0	2020-04-13T22:56:00.974Z
txInjected-average	0	2020-04-13T22:56:01.978Z
txInjected-total	0	2020-04-13T22:56:01.978Z
txApplied-average	0.02631578947368421	2020-04-13T22:56:01.978Z
txApplied-total	1	2020-04-13T22:56:01.978Z
txRejected-average	0	2020-04-13T22:56:01.978Z
txRejected-total	0	2020-04-13T22:56:01.978Z
txExpired-average	0	2020-04-13T22:56:01.978Z
txExpired-total	0	2020-04-13T22:56:01.978Z
txProcessed-average	0	2020-04-13T22:56:01.978Z
txProcessed-total	0	2020-04-13T22:56:01.978Z
queueLength-average	0	2020-04-13T22:56:01.978Z
queueLength-value	0	2020-04-13T22:56:01.978Z
serverLoad-average	0	2020-04-13T22:56:01.978Z
serverLoad-value	0	2020-04-13T22:56:01.978Z
txTimeInQueue-average	0	2020-04-13T22:56:01.978Z
txInjected-average	0	2020-04-13T22:56:02.980Z
txInjected-total	0	2020-04-13T22:56:02.980Z
txApplied-average	0.02564102564102564	2020-04-13T22:56:02.980Z
txApplied-total	1	2020-04-13T22:56:02.980Z
txRejected-average	0	2020-04-13T22:56:02.980Z
txRejected-total	0	2020-04-13T22:56:02.980Z
txExpired-average	0	2020-04-13T22:56:02.980Z
txExpired-total	0	2020-04-13T22:56:02.980Z
txProcessed-average	0	2020-04-13T22:56:02.980Z
txProcessed-total	0	2020-04-13T22:56:02.980Z
queueLength-average	0	2020-04-13T22:56:02.980Z
queueLength-value	0	2020-04-13T22:56:02.980Z
serverLoad-average	0	2020-04-13T22:56:02.980Z
serverLoad-value	0	2020-04-13T22:56:02.980Z
txTimeInQueue-average	0	2020-04-13T22:56:02.980Z
txInjected-average	0	2020-04-13T22:56:03.985Z
txInjected-total	0	2020-04-13T22:56:03.985Z
txApplied-average	0.025	2020-04-13T22:56:03.985Z
txApplied-total	1	2020-04-13T22:56:03.985Z
txRejected-average	0	2020-04-13T22:56:03.985Z
txRejected-total	0	2020-04-13T22:56:03.985Z
txExpired-average	0	2020-04-13T22:56:03.985Z
txExpired-total	0	2020-04-13T22:56:03.985Z
txProcessed-average	0	2020-04-13T22:56:03.985Z
txProcessed-total	0	2020-04-13T22:56:03.985Z
queueLength-average	0	2020-04-13T22:56:03.985Z
queueLength-value	0	2020-04-13T22:56:03.985Z
serverLoad-average	0	2020-04-13T22:56:03.985Z
serverLoad-value	0	2020-04-13T22:56:03.985Z
txTimeInQueue-average	0	2020-04-13T22:56:03.985Z
txInjected-average	0	2020-04-13T22:56:04.986Z
txInjected-total	0	2020-04-13T22:56:04.986Z
txApplied-average	0.024390243902439025	2020-04-13T22:56:04.986Z
txApplied-total	1	2020-04-13T22:56:04.986Z
txRejected-average	0	2020-04-13T22:56:04.986Z
txRejected-total	0	2020-04-13T22:56:04.986Z
txExpired-average	0	2020-04-13T22:56:04.986Z
txExpired-total	0	2020-04-13T22:56:04.986Z
txProcessed-average	0	2020-04-13T22:56:04.986Z
txProcessed-total	0	2020-04-13T22:56:04.986Z
queueLength-average	0	2020-04-13T22:56:04.986Z
queueLength-value	0	2020-04-13T22:56:04.986Z
serverLoad-average	0	2020-04-13T22:56:04.986Z
serverLoad-value	0	2020-04-13T22:56:04.986Z
txTimeInQueue-average	0	2020-04-13T22:56:04.986Z
txInjected-average	0	2020-04-13T22:56:05.989Z
txInjected-total	0	2020-04-13T22:56:05.989Z
txApplied-average	0.023809523809523808	2020-04-13T22:56:05.989Z
txApplied-total	1	2020-04-13T22:56:05.989Z
txRejected-average	0	2020-04-13T22:56:05.989Z
txRejected-total	0	2020-04-13T22:56:05.989Z
txExpired-average	0	2020-04-13T22:56:05.989Z
txExpired-total	0	2020-04-13T22:56:05.989Z
txProcessed-average	0	2020-04-13T22:56:05.989Z
txProcessed-total	0	2020-04-13T22:56:05.989Z
queueLength-average	0	2020-04-13T22:56:05.989Z
queueLength-value	0	2020-04-13T22:56:05.989Z
serverLoad-average	0	2020-04-13T22:56:05.989Z
serverLoad-value	0	2020-04-13T22:56:05.989Z
txTimeInQueue-average	0	2020-04-13T22:56:05.989Z
txInjected-average	0	2020-04-13T22:56:06.990Z
txInjected-total	0	2020-04-13T22:56:06.990Z
txApplied-average	0.023255813953488372	2020-04-13T22:56:06.990Z
txApplied-total	1	2020-04-13T22:56:06.990Z
txRejected-average	0	2020-04-13T22:56:06.990Z
txRejected-total	0	2020-04-13T22:56:06.990Z
txExpired-average	0	2020-04-13T22:56:06.990Z
txExpired-total	0	2020-04-13T22:56:06.990Z
txProcessed-average	0	2020-04-13T22:56:06.990Z
txProcessed-total	0	2020-04-13T22:56:06.990Z
queueLength-average	0	2020-04-13T22:56:06.990Z
queueLength-value	0	2020-04-13T22:56:06.990Z
serverLoad-average	0	2020-04-13T22:56:06.990Z
serverLoad-value	0	2020-04-13T22:56:06.990Z
txTimeInQueue-average	0	2020-04-13T22:56:06.990Z
txInjected-average	0	2020-04-13T22:56:07.992Z
txInjected-total	0	2020-04-13T22:56:07.992Z
txApplied-average	0.022727272727272728	2020-04-13T22:56:07.992Z
txApplied-total	1	2020-04-13T22:56:07.992Z
txRejected-average	0	2020-04-13T22:56:07.992Z
txRejected-total	0	2020-04-13T22:56:07.992Z
txExpired-average	0	2020-04-13T22:56:07.992Z
txExpired-total	0	2020-04-13T22:56:07.992Z
txProcessed-average	0	2020-04-13T22:56:07.992Z
txProcessed-total	0	2020-04-13T22:56:07.992Z
queueLength-average	0	2020-04-13T22:56:07.992Z
queueLength-value	0	2020-04-13T22:56:07.992Z
serverLoad-average	0	2020-04-13T22:56:07.992Z
serverLoad-value	0	2020-04-13T22:56:07.992Z
txTimeInQueue-average	0	2020-04-13T22:56:07.992Z
txInjected-average	0	2020-04-13T22:56:08.997Z
txInjected-total	0	2020-04-13T22:56:08.997Z
txApplied-average	0.022222222222222223	2020-04-13T22:56:08.997Z
txApplied-total	1	2020-04-13T22:56:08.997Z
txRejected-average	0	2020-04-13T22:56:08.997Z
txRejected-total	0	2020-04-13T22:56:08.997Z
txExpired-average	0	2020-04-13T22:56:08.997Z
txExpired-total	0	2020-04-13T22:56:08.997Z
txProcessed-average	0	2020-04-13T22:56:08.997Z
txProcessed-total	0	2020-04-13T22:56:08.997Z
queueLength-average	0	2020-04-13T22:56:08.997Z
queueLength-value	0	2020-04-13T22:56:08.997Z
serverLoad-average	0	2020-04-13T22:56:08.997Z
serverLoad-value	0	2020-04-13T22:56:08.997Z
txTimeInQueue-average	0	2020-04-13T22:56:08.997Z
txInjected-average	0	2020-04-13T22:56:10.002Z
txInjected-total	0	2020-04-13T22:56:10.002Z
txApplied-average	0.021739130434782608	2020-04-13T22:56:10.002Z
txApplied-total	1	2020-04-13T22:56:10.002Z
txRejected-average	0	2020-04-13T22:56:10.002Z
txRejected-total	0	2020-04-13T22:56:10.002Z
txExpired-average	0	2020-04-13T22:56:10.002Z
txExpired-total	0	2020-04-13T22:56:10.002Z
txProcessed-average	0	2020-04-13T22:56:10.002Z
txProcessed-total	0	2020-04-13T22:56:10.002Z
queueLength-average	0	2020-04-13T22:56:10.002Z
queueLength-value	0	2020-04-13T22:56:10.002Z
serverLoad-average	0	2020-04-13T22:56:10.002Z
serverLoad-value	0	2020-04-13T22:56:10.002Z
txTimeInQueue-average	0	2020-04-13T22:56:10.002Z
txInjected-average	0	2020-04-13T22:56:11.004Z
txInjected-total	0	2020-04-13T22:56:11.004Z
txApplied-average	0.02127659574468085	2020-04-13T22:56:11.004Z
txApplied-total	1	2020-04-13T22:56:11.004Z
txRejected-average	0	2020-04-13T22:56:11.004Z
txRejected-total	0	2020-04-13T22:56:11.004Z
txExpired-average	0	2020-04-13T22:56:11.004Z
txExpired-total	0	2020-04-13T22:56:11.004Z
txProcessed-average	0	2020-04-13T22:56:11.004Z
txProcessed-total	0	2020-04-13T22:56:11.004Z
queueLength-average	0	2020-04-13T22:56:11.004Z
queueLength-value	0	2020-04-13T22:56:11.004Z
serverLoad-average	0	2020-04-13T22:56:11.004Z
serverLoad-value	0	2020-04-13T22:56:11.004Z
txTimeInQueue-average	0	2020-04-13T22:56:11.004Z
txInjected-average	0	2020-04-13T22:56:12.004Z
txInjected-total	0	2020-04-13T22:56:12.004Z
txApplied-average	0.020833333333333332	2020-04-13T22:56:12.004Z
txApplied-total	1	2020-04-13T22:56:12.004Z
txRejected-average	0	2020-04-13T22:56:12.004Z
txRejected-total	0	2020-04-13T22:56:12.004Z
txExpired-average	0	2020-04-13T22:56:12.004Z
txExpired-total	0	2020-04-13T22:56:12.004Z
txProcessed-average	0	2020-04-13T22:56:12.004Z
txProcessed-total	0	2020-04-13T22:56:12.004Z
queueLength-average	0	2020-04-13T22:56:12.004Z
queueLength-value	0	2020-04-13T22:56:12.004Z
serverLoad-average	0	2020-04-13T22:56:12.004Z
serverLoad-value	0	2020-04-13T22:56:12.004Z
txTimeInQueue-average	0	2020-04-13T22:56:12.004Z
txInjected-average	0	2020-04-13T22:56:13.007Z
txInjected-total	0	2020-04-13T22:56:13.007Z
txApplied-average	0.02040816326530612	2020-04-13T22:56:13.007Z
txApplied-total	1	2020-04-13T22:56:13.007Z
txRejected-average	0	2020-04-13T22:56:13.007Z
txRejected-total	0	2020-04-13T22:56:13.007Z
txExpired-average	0	2020-04-13T22:56:13.007Z
txExpired-total	0	2020-04-13T22:56:13.007Z
txProcessed-average	0	2020-04-13T22:56:13.007Z
txProcessed-total	0	2020-04-13T22:56:13.007Z
queueLength-average	0	2020-04-13T22:56:13.007Z
queueLength-value	0	2020-04-13T22:56:13.007Z
serverLoad-average	0	2020-04-13T22:56:13.007Z
serverLoad-value	0	2020-04-13T22:56:13.007Z
txTimeInQueue-average	0	2020-04-13T22:56:13.007Z
txInjected-average	0	2020-04-13T22:56:14.011Z
txInjected-total	0	2020-04-13T22:56:14.011Z
txApplied-average	0.02	2020-04-13T22:56:14.011Z
txApplied-total	1	2020-04-13T22:56:14.011Z
txRejected-average	0	2020-04-13T22:56:14.011Z
txRejected-total	0	2020-04-13T22:56:14.011Z
txExpired-average	0	2020-04-13T22:56:14.011Z
txExpired-total	0	2020-04-13T22:56:14.011Z
txProcessed-average	0	2020-04-13T22:56:14.011Z
txProcessed-total	0	2020-04-13T22:56:14.011Z
queueLength-average	0	2020-04-13T22:56:14.011Z
queueLength-value	0	2020-04-13T22:56:14.011Z
serverLoad-average	0	2020-04-13T22:56:14.011Z
serverLoad-value	0	2020-04-13T22:56:14.011Z
txTimeInQueue-average	0	2020-04-13T22:56:14.011Z
txInjected-average	0	2020-04-13T22:56:15.015Z
txInjected-total	0	2020-04-13T22:56:15.015Z
txApplied-average	0.0196078431372549	2020-04-13T22:56:15.015Z
txApplied-total	1	2020-04-13T22:56:15.015Z
txRejected-average	0	2020-04-13T22:56:15.015Z
txRejected-total	0	2020-04-13T22:56:15.015Z
txExpired-average	0	2020-04-13T22:56:15.015Z
txExpired-total	0	2020-04-13T22:56:15.015Z
txProcessed-average	0	2020-04-13T22:56:15.015Z
txProcessed-total	0	2020-04-13T22:56:15.015Z
queueLength-average	0	2020-04-13T22:56:15.015Z
queueLength-value	0	2020-04-13T22:56:15.015Z
serverLoad-average	0	2020-04-13T22:56:15.015Z
serverLoad-value	0	2020-04-13T22:56:15.015Z
txTimeInQueue-average	0	2020-04-13T22:56:15.015Z
txInjected-average	0	2020-04-13T22:56:16.020Z
txInjected-total	0	2020-04-13T22:56:16.020Z
txApplied-average	0.019230769230769232	2020-04-13T22:56:16.020Z
txApplied-total	1	2020-04-13T22:56:16.020Z
txRejected-average	0	2020-04-13T22:56:16.020Z
txRejected-total	0	2020-04-13T22:56:16.020Z
txExpired-average	0	2020-04-13T22:56:16.020Z
txExpired-total	0	2020-04-13T22:56:16.020Z
txProcessed-average	0	2020-04-13T22:56:16.020Z
txProcessed-total	0	2020-04-13T22:56:16.020Z
queueLength-average	0	2020-04-13T22:56:16.020Z
queueLength-value	0	2020-04-13T22:56:16.020Z
serverLoad-average	0	2020-04-13T22:56:16.020Z
serverLoad-value	0	2020-04-13T22:56:16.020Z
txTimeInQueue-average	0	2020-04-13T22:56:16.020Z
txInjected-average	0	2020-04-13T22:56:17.024Z
txInjected-total	0	2020-04-13T22:56:17.024Z
txApplied-average	0.018867924528301886	2020-04-13T22:56:17.024Z
txApplied-total	1	2020-04-13T22:56:17.024Z
txRejected-average	0	2020-04-13T22:56:17.024Z
txRejected-total	0	2020-04-13T22:56:17.024Z
txExpired-average	0	2020-04-13T22:56:17.024Z
txExpired-total	0	2020-04-13T22:56:17.024Z
txProcessed-average	0	2020-04-13T22:56:17.024Z
txProcessed-total	0	2020-04-13T22:56:17.024Z
queueLength-average	0	2020-04-13T22:56:17.024Z
queueLength-value	0	2020-04-13T22:56:17.024Z
serverLoad-average	0	2020-04-13T22:56:17.024Z
serverLoad-value	0	2020-04-13T22:56:17.024Z
txTimeInQueue-average	0	2020-04-13T22:56:17.024Z
txInjected-average	0	2020-04-13T22:56:18.028Z
txInjected-total	0	2020-04-13T22:56:18.028Z
txApplied-average	0.018518518518518517	2020-04-13T22:56:18.028Z
txApplied-total	1	2020-04-13T22:56:18.028Z
txRejected-average	0	2020-04-13T22:56:18.028Z
txRejected-total	0	2020-04-13T22:56:18.028Z
txExpired-average	0	2020-04-13T22:56:18.028Z
txExpired-total	0	2020-04-13T22:56:18.028Z
txProcessed-average	0	2020-04-13T22:56:18.028Z
txProcessed-total	0	2020-04-13T22:56:18.028Z
queueLength-average	0	2020-04-13T22:56:18.028Z
queueLength-value	0	2020-04-13T22:56:18.028Z
serverLoad-average	0	2020-04-13T22:56:18.028Z
serverLoad-value	0	2020-04-13T22:56:18.028Z
txTimeInQueue-average	0	2020-04-13T22:56:18.028Z
txInjected-average	0	2020-04-13T22:56:19.029Z
txInjected-total	0	2020-04-13T22:56:19.029Z
txApplied-average	0.01818181818181818	2020-04-13T22:56:19.029Z
txApplied-total	1	2020-04-13T22:56:19.029Z
txRejected-average	0	2020-04-13T22:56:19.029Z
txRejected-total	0	2020-04-13T22:56:19.029Z
txExpired-average	0	2020-04-13T22:56:19.029Z
txExpired-total	0	2020-04-13T22:56:19.029Z
txProcessed-average	0	2020-04-13T22:56:19.029Z
txProcessed-total	0	2020-04-13T22:56:19.029Z
queueLength-average	0	2020-04-13T22:56:19.029Z
queueLength-value	0	2020-04-13T22:56:19.029Z
serverLoad-average	0	2020-04-13T22:56:19.029Z
serverLoad-value	0	2020-04-13T22:56:19.029Z
txTimeInQueue-average	0	2020-04-13T22:56:19.029Z
txInjected-average	0	2020-04-13T22:56:20.030Z
txInjected-total	0	2020-04-13T22:56:20.030Z
txApplied-average	0.017857142857142856	2020-04-13T22:56:20.030Z
txApplied-total	1	2020-04-13T22:56:20.030Z
txRejected-average	0	2020-04-13T22:56:20.030Z
txRejected-total	0	2020-04-13T22:56:20.030Z
txExpired-average	0	2020-04-13T22:56:20.030Z
txExpired-total	0	2020-04-13T22:56:20.030Z
txProcessed-average	0	2020-04-13T22:56:20.030Z
txProcessed-total	0	2020-04-13T22:56:20.030Z
queueLength-average	0.017857142857142856	2020-04-13T22:56:20.030Z
queueLength-value	1	2020-04-13T22:56:20.030Z
serverLoad-average	0	2020-04-13T22:56:20.030Z
serverLoad-value	0	2020-04-13T22:56:20.030Z
txTimeInQueue-average	0.005339285714285715	2020-04-13T22:56:20.030Z
txInjected-average	0	2020-04-13T22:56:21.031Z
txInjected-total	0	2020-04-13T22:56:21.031Z
txApplied-average	0.017543859649122806	2020-04-13T22:56:21.031Z
txApplied-total	1	2020-04-13T22:56:21.031Z
txRejected-average	0	2020-04-13T22:56:21.031Z
txRejected-total	0	2020-04-13T22:56:21.031Z
txExpired-average	0	2020-04-13T22:56:21.031Z
txExpired-total	0	2020-04-13T22:56:21.031Z
txProcessed-average	0	2020-04-13T22:56:21.031Z
txProcessed-total	0	2020-04-13T22:56:21.031Z
queueLength-average	0.03508771929824561	2020-04-13T22:56:21.031Z
queueLength-value	1	2020-04-13T22:56:21.031Z
serverLoad-average	0.000017543859649122806	2020-04-13T22:56:21.031Z
serverLoad-value	0.001	2020-04-13T22:56:21.031Z
txTimeInQueue-average	0.02807017543859649	2020-04-13T22:56:21.031Z
txInjected-average	0	2020-04-13T22:56:22.032Z
txInjected-total	0	2020-04-13T22:56:22.032Z
txApplied-average	0.017241379310344827	2020-04-13T22:56:22.032Z
txApplied-total	1	2020-04-13T22:56:22.032Z
txRejected-average	0	2020-04-13T22:56:22.032Z
txRejected-total	0	2020-04-13T22:56:22.032Z
txExpired-average	0	2020-04-13T22:56:22.032Z
txExpired-total	0	2020-04-13T22:56:22.032Z
txProcessed-average	0	2020-04-13T22:56:22.032Z
txProcessed-total	0	2020-04-13T22:56:22.032Z
queueLength-average	0.06896551724137931	2020-04-13T22:56:22.032Z
queueLength-value	2	2020-04-13T22:56:22.032Z
serverLoad-average	0.00004950594877999596	2020-04-13T22:56:22.032Z
serverLoad-value	0.001871345029239766	2020-04-13T22:56:22.032Z
txTimeInQueue-average	0.06725862068965517	2020-04-13T22:56:22.032Z
txInjected-average	0	2020-04-13T22:56:23.033Z
txInjected-total	0	2020-04-13T22:56:23.033Z
txApplied-average	0.01694915254237288	2020-04-13T22:56:23.033Z
txApplied-total	1	2020-04-13T22:56:23.033Z
txRejected-average	0	2020-04-13T22:56:23.033Z
txRejected-total	0	2020-04-13T22:56:23.033Z
txExpired-average	0	2020-04-13T22:56:23.033Z
txExpired-total	0	2020-04-13T22:56:23.033Z
txProcessed-average	0	2020-04-13T22:56:23.033Z
txProcessed-total	0	2020-04-13T22:56:23.033Z
queueLength-average	0.13559322033898305	2020-04-13T22:56:23.033Z
queueLength-value	4	2020-04-13T22:56:23.033Z
serverLoad-average	0.0001246653063596064	2020-04-13T22:56:23.033Z
serverLoad-value	0.004483908045977011	2020-04-13T22:56:23.033Z
txTimeInQueue-average	0.09420338983050847	2020-04-13T22:56:23.033Z
txInjected-average	0	2020-04-13T22:56:24.034Z
txInjected-total	0	2020-04-13T22:56:24.034Z
txApplied-average	0.016666666666666666	2020-04-13T22:56:24.034Z
txApplied-total	1	2020-04-13T22:56:24.034Z
txRejected-average	0	2020-04-13T22:56:24.034Z
txRejected-total	0	2020-04-13T22:56:24.034Z
txExpired-average	0	2020-04-13T22:56:24.034Z
txExpired-total	0	2020-04-13T22:56:24.034Z
txProcessed-average	0	2020-04-13T22:56:24.034Z
txProcessed-total	0	2020-04-13T22:56:24.034Z
queueLength-average	0.2	2020-04-13T22:56:24.034Z
queueLength-value	4	2020-04-13T22:56:24.034Z
serverLoad-average	0.00022725798439862237	2020-04-13T22:56:24.034Z
serverLoad-value	0.0062802259887005645	2020-04-13T22:56:24.034Z
txTimeInQueue-average	0.13693333333333332	2020-04-13T22:56:24.034Z
txInjected-average	0	2020-04-13T22:56:25.035Z
txInjected-total	0	2020-04-13T22:56:25.035Z
txApplied-average	0	2020-04-13T22:56:25.035Z
txApplied-total	1	2020-04-13T22:56:25.035Z
txRejected-average	0	2020-04-13T22:56:25.035Z
txRejected-total	0	2020-04-13T22:56:25.035Z
txExpired-average	0	2020-04-13T22:56:25.035Z
txExpired-total	0	2020-04-13T22:56:25.035Z
txProcessed-average	0	2020-04-13T22:56:25.035Z
txProcessed-total	0	2020-04-13T22:56:25.035Z
queueLength-average	0.26666666666666666	2020-04-13T22:56:25.035Z
queueLength-value	4	2020-04-13T22:56:25.035Z
serverLoad-average	0.0003794061325467705	2020-04-13T22:56:25.035Z
serverLoad-value	0.009128888888888888	2020-04-13T22:56:25.035Z
txTimeInQueue-average	0.19791666666666666	2020-04-13T22:56:25.035Z
txInjected-average	0	2020-04-13T22:56:26.035Z
txInjected-total	0	2020-04-13T22:56:26.035Z
txApplied-average	0.016666666666666666	2020-04-13T22:56:26.035Z
txApplied-total	2	2020-04-13T22:56:26.035Z
txRejected-average	0	2020-04-13T22:56:26.035Z
txRejected-total	0	2020-04-13T22:56:26.035Z
txExpired-average	0	2020-04-13T22:56:26.035Z
txExpired-total	0	2020-04-13T22:56:26.035Z
txProcessed-average	0	2020-04-13T22:56:26.035Z
txProcessed-total	0	2020-04-13T22:56:26.035Z
queueLength-average	0.31666666666666665	2020-04-13T22:56:26.035Z
queueLength-value	3	2020-04-13T22:56:26.035Z
serverLoad-average	0.0005993135399541779	2020-04-13T22:56:26.035Z
serverLoad-value	0.013194444444444444	2020-04-13T22:56:26.035Z
txTimeInQueue-average	0.2697916666666667	2020-04-13T22:56:26.035Z
txInjected-average	0	2020-04-13T22:56:27.036Z
txInjected-total	0	2020-04-13T22:56:27.036Z
txApplied-average	0.016666666666666666	2020-04-13T22:56:27.036Z
txApplied-total	2	2020-04-13T22:56:27.036Z
txRejected-average	0	2020-04-13T22:56:27.036Z
txRejected-total	0	2020-04-13T22:56:27.036Z
txExpired-average	0	2020-04-13T22:56:27.036Z
txExpired-total	0	2020-04-13T22:56:27.036Z
txProcessed-average	0	2020-04-13T22:56:27.036Z
txProcessed-total	0	2020-04-13T22:56:27.036Z
queueLength-average	0.36666666666666664	2020-04-13T22:56:27.036Z
queueLength-value	3	2020-04-13T22:56:27.036Z
serverLoad-average	0.0008990820584726965	2020-04-13T22:56:27.036Z
serverLoad-value	0.017986111111111112	2020-04-13T22:56:27.036Z
txTimeInQueue-average	0.35833333333333334	2020-04-13T22:56:27.036Z
txInjected-average	0	2020-04-13T22:56:28.038Z
txInjected-total	0	2020-04-13T22:56:28.038Z
txApplied-average	0.03333333333333333	2020-04-13T22:56:28.038Z
txApplied-total	3	2020-04-13T22:56:28.038Z
txRejected-average	0	2020-04-13T22:56:28.038Z
txRejected-total	0	2020-04-13T22:56:28.038Z
txExpired-average	0	2020-04-13T22:56:28.038Z
txExpired-total	0	2020-04-13T22:56:28.038Z
txProcessed-average	0	2020-04-13T22:56:28.038Z
txProcessed-total	0	2020-04-13T22:56:28.038Z
queueLength-average	0.4	2020-04-13T22:56:28.038Z
queueLength-value	2	2020-04-13T22:56:28.038Z
serverLoad-average	0.0012972302066208445	2020-04-13T22:56:28.038Z
serverLoad-value	0.02388888888888889	2020-04-13T22:56:28.038Z
txTimeInQueue-average	0.4577833333333334	2020-04-13T22:56:28.038Z
txInjected-average	0	2020-04-13T22:56:29.042Z
txInjected-total	0	2020-04-13T22:56:29.042Z
txApplied-average	0.06666666666666667	2020-04-13T22:56:29.042Z
txApplied-total	5	2020-04-13T22:56:29.042Z
txRejected-average	0	2020-04-13T22:56:29.042Z
txRejected-total	0	2020-04-13T22:56:29.042Z
txExpired-average	0	2020-04-13T22:56:29.042Z
txExpired-total	0	2020-04-13T22:56:29.042Z
txProcessed-average	0	2020-04-13T22:56:29.042Z
txProcessed-total	0	2020-04-13T22:56:29.042Z
queueLength-average	0.4	2020-04-13T22:56:29.042Z
queueLength-value	0	2020-04-13T22:56:29.042Z
serverLoad-average	0.0018058783547689925	2020-04-13T22:56:29.042Z
serverLoad-value	0.03051888888888889	2020-04-13T22:56:29.042Z
txTimeInQueue-average	0.4577833333333334	2020-04-13T22:56:29.042Z
txInjected-average	0	2020-04-13T22:56:30.046Z
txInjected-total	0	2020-04-13T22:56:30.046Z
txApplied-average	0.06666666666666667	2020-04-13T22:56:30.046Z
txApplied-total	5	2020-04-13T22:56:30.046Z
txRejected-average	0	2020-04-13T22:56:30.046Z
txRejected-total	0	2020-04-13T22:56:30.046Z
txExpired-average	0	2020-04-13T22:56:30.046Z
txExpired-total	0	2020-04-13T22:56:30.046Z
txProcessed-average	0	2020-04-13T22:56:30.046Z
txProcessed-total	0	2020-04-13T22:56:30.046Z
queueLength-average	0.4	2020-04-13T22:56:30.046Z
queueLength-value	0	2020-04-13T22:56:30.046Z
serverLoad-average	0.002314526502917141	2020-04-13T22:56:30.046Z
serverLoad-value	0.03051888888888889	2020-04-13T22:56:30.046Z
txTimeInQueue-average	0.4577833333333334	2020-04-13T22:56:30.046Z
txInjected-average	0	2020-04-13T22:56:31.047Z
txInjected-total	0	2020-04-13T22:56:31.047Z
txApplied-average	0.06666666666666667	2020-04-13T22:56:31.047Z
txApplied-total	5	2020-04-13T22:56:31.047Z
txRejected-average	0	2020-04-13T22:56:31.047Z
txRejected-total	0	2020-04-13T22:56:31.047Z
txExpired-average	0	2020-04-13T22:56:31.047Z
txExpired-total	0	2020-04-13T22:56:31.047Z
txProcessed-average	0	2020-04-13T22:56:31.047Z
txProcessed-total	0	2020-04-13T22:56:31.047Z
queueLength-average	0.4	2020-04-13T22:56:31.047Z
queueLength-value	0	2020-04-13T22:56:31.047Z
serverLoad-average	0.0028231746510652893	2020-04-13T22:56:31.047Z
serverLoad-value	0.03051888888888889	2020-04-13T22:56:31.047Z
txTimeInQueue-average	0.4577833333333334	2020-04-13T22:56:31.047Z
txInjected-average	0	2020-04-13T22:56:32.051Z
txInjected-total	0	2020-04-13T22:56:32.051Z
txApplied-average	0.06666666666666667	2020-04-13T22:56:32.051Z
txApplied-total	5	2020-04-13T22:56:32.051Z
txRejected-average	0	2020-04-13T22:56:32.051Z
txRejected-total	0	2020-04-13T22:56:32.051Z
txExpired-average	0	2020-04-13T22:56:32.051Z
txExpired-total	0	2020-04-13T22:56:32.051Z
txProcessed-average	0	2020-04-13T22:56:32.051Z
txProcessed-total	0	2020-04-13T22:56:32.051Z
queueLength-average	0.4	2020-04-13T22:56:32.051Z
queueLength-value	0	2020-04-13T22:56:32.051Z
serverLoad-average	0.0033318227992134375	2020-04-13T22:56:32.051Z
serverLoad-value	0.03051888888888889	2020-04-13T22:56:32.051Z
txTimeInQueue-average	0.4577833333333334	2020-04-13T22:56:32.051Z
txInjected-average	0	2020-04-13T22:56:33.052Z
txInjected-total	0	2020-04-13T22:56:33.052Z
txApplied-average	0.06666666666666667	2020-04-13T22:56:33.052Z
txApplied-total	5	2020-04-13T22:56:33.052Z
txRejected-average	0	2020-04-13T22:56:33.052Z
txRejected-total	0	2020-04-13T22:56:33.052Z
txExpired-average	0	2020-04-13T22:56:33.052Z
txExpired-total	0	2020-04-13T22:56:33.052Z
txProcessed-average	0	2020-04-13T22:56:33.052Z
txProcessed-total	0	2020-04-13T22:56:33.052Z
queueLength-average	0.4	2020-04-13T22:56:33.052Z
queueLength-value	0	2020-04-13T22:56:33.052Z
serverLoad-average	0.003840470947361586	2020-04-13T22:56:33.052Z
serverLoad-value	0.03051888888888889	2020-04-13T22:56:33.052Z
txTimeInQueue-average	0.4577833333333334	2020-04-13T22:56:33.052Z
txInjected-average	0	2020-04-13T22:56:34.056Z
txInjected-total	0	2020-04-13T22:56:34.056Z
txApplied-average	0.06666666666666667	2020-04-13T22:56:34.056Z
txApplied-total	5	2020-04-13T22:56:34.056Z
txRejected-average	0	2020-04-13T22:56:34.056Z
txRejected-total	0	2020-04-13T22:56:34.056Z
txExpired-average	0	2020-04-13T22:56:34.056Z
txExpired-total	0	2020-04-13T22:56:34.056Z
txProcessed-average	0	2020-04-13T22:56:34.056Z
txProcessed-total	0	2020-04-13T22:56:34.056Z
queueLength-average	0.4	2020-04-13T22:56:34.056Z
queueLength-value	0	2020-04-13T22:56:34.056Z
serverLoad-average	0.004349119095509734	2020-04-13T22:56:34.056Z
serverLoad-value	0.03051888888888889	2020-04-13T22:56:34.056Z
txTimeInQueue-average	0.4577833333333334	2020-04-13T22:56:34.056Z
txInjected-average	0	2020-04-13T22:56:35.057Z
txInjected-total	0	2020-04-13T22:56:35.057Z
txApplied-average	0.06666666666666667	2020-04-13T22:56:35.057Z
txApplied-total	5	2020-04-13T22:56:35.057Z
txRejected-average	0	2020-04-13T22:56:35.057Z
txRejected-total	0	2020-04-13T22:56:35.057Z
txExpired-average	0	2020-04-13T22:56:35.057Z
txExpired-total	0	2020-04-13T22:56:35.057Z
txProcessed-average	0	2020-04-13T22:56:35.057Z
txProcessed-total	0	2020-04-13T22:56:35.057Z
queueLength-average	0.4	2020-04-13T22:56:35.057Z
queueLength-value	0	2020-04-13T22:56:35.057Z
serverLoad-average	0.004857767243657882	2020-04-13T22:56:35.057Z
serverLoad-value	0.03051888888888889	2020-04-13T22:56:35.057Z
txTimeInQueue-average	0.4577833333333334	2020-04-13T22:56:35.057Z
txInjected-average	0	2020-04-13T22:56:36.061Z
txInjected-total	0	2020-04-13T22:56:36.061Z
txApplied-average	0.06666666666666667	2020-04-13T22:56:36.061Z
txApplied-total	5	2020-04-13T22:56:36.061Z
txRejected-average	0	2020-04-13T22:56:36.061Z
txRejected-total	0	2020-04-13T22:56:36.061Z
txExpired-average	0	2020-04-13T22:56:36.061Z
txExpired-total	0	2020-04-13T22:56:36.061Z
txProcessed-average	0	2020-04-13T22:56:36.061Z
txProcessed-total	0	2020-04-13T22:56:36.061Z
queueLength-average	0.4	2020-04-13T22:56:36.061Z
queueLength-value	0	2020-04-13T22:56:36.061Z
serverLoad-average	0.00536641539180603	2020-04-13T22:56:36.061Z
serverLoad-value	0.03051888888888889	2020-04-13T22:56:36.061Z
txTimeInQueue-average	0.4577833333333334	2020-04-13T22:56:36.061Z
txInjected-average	0	2020-04-13T22:56:37.064Z
txInjected-total	0	2020-04-13T22:56:37.064Z
txApplied-average	0.06666666666666667	2020-04-13T22:56:37.064Z
txApplied-total	5	2020-04-13T22:56:37.064Z
txRejected-average	0	2020-04-13T22:56:37.064Z
txRejected-total	0	2020-04-13T22:56:37.064Z
txExpired-average	0	2020-04-13T22:56:37.064Z
txExpired-total	0	2020-04-13T22:56:37.064Z
txProcessed-average	0	2020-04-13T22:56:37.064Z
txProcessed-total	0	2020-04-13T22:56:37.064Z
queueLength-average	0.4	2020-04-13T22:56:37.064Z
queueLength-value	0	2020-04-13T22:56:37.064Z
serverLoad-average	0.0058750635399541775	2020-04-13T22:56:37.064Z
serverLoad-value	0.03051888888888889	2020-04-13T22:56:37.064Z
txTimeInQueue-average	0.4577833333333334	2020-04-13T22:56:37.064Z
txInjected-average	0	2020-04-13T22:56:38.066Z
txInjected-total	0	2020-04-13T22:56:38.066Z
txApplied-average	0.06666666666666667	2020-04-13T22:56:38.066Z
txApplied-total	5	2020-04-13T22:56:38.066Z
txRejected-average	0	2020-04-13T22:56:38.066Z
txRejected-total	0	2020-04-13T22:56:38.066Z
txExpired-average	0	2020-04-13T22:56:38.066Z
txExpired-total	0	2020-04-13T22:56:38.066Z
txProcessed-average	0	2020-04-13T22:56:38.066Z
txProcessed-total	0	2020-04-13T22:56:38.066Z
queueLength-average	0.4	2020-04-13T22:56:38.066Z
queueLength-value	0	2020-04-13T22:56:38.066Z
serverLoad-average	0.006383711688102325	2020-04-13T22:56:38.066Z
serverLoad-value	0.03051888888888889	2020-04-13T22:56:38.066Z
txTimeInQueue-average	0.4577833333333334	2020-04-13T22:56:38.066Z
txInjected-average	0	2020-04-13T22:56:39.070Z
txInjected-total	0	2020-04-13T22:56:39.070Z
txApplied-average	0.06666666666666667	2020-04-13T22:56:39.070Z
txApplied-total	5	2020-04-13T22:56:39.070Z
txRejected-average	0	2020-04-13T22:56:39.070Z
txRejected-total	0	2020-04-13T22:56:39.070Z
txExpired-average	0	2020-04-13T22:56:39.070Z
txExpired-total	0	2020-04-13T22:56:39.070Z
txProcessed-average	0	2020-04-13T22:56:39.070Z
txProcessed-total	0	2020-04-13T22:56:39.070Z
queueLength-average	0.45	2020-04-13T22:56:39.070Z
queueLength-value	3	2020-04-13T22:56:39.070Z
serverLoad-average	0.006892359836250473	2020-04-13T22:56:39.070Z
serverLoad-value	0.03051888888888889	2020-04-13T22:56:39.070Z
txTimeInQueue-average	0.4683333333333333	2020-04-13T22:56:39.070Z
txInjected-average	0	2020-04-13T22:56:40.071Z
txInjected-total	0	2020-04-13T22:56:40.071Z
txApplied-average	0.06666666666666667	2020-04-13T22:56:40.071Z
txApplied-total	5	2020-04-13T22:56:40.071Z
txRejected-average	0	2020-04-13T22:56:40.071Z
txRejected-total	0	2020-04-13T22:56:40.071Z
txExpired-average	0	2020-04-13T22:56:40.071Z
txExpired-total	0	2020-04-13T22:56:40.071Z
txProcessed-average	0	2020-04-13T22:56:40.071Z
txProcessed-total	0	2020-04-13T22:56:40.071Z
queueLength-average	0.5166666666666667	2020-04-13T22:56:40.071Z
queueLength-value	4	2020-04-13T22:56:40.071Z
serverLoad-average	0.007412730206620843	2020-04-13T22:56:40.071Z
serverLoad-value	0.03122222222222222	2020-04-13T22:56:40.071Z
txTimeInQueue-average	0.49211666666666665	2020-04-13T22:56:40.071Z
txInjected-average	0	2020-04-13T22:56:41.071Z
txInjected-total	0	2020-04-13T22:56:41.071Z
txApplied-average	0.06666666666666667	2020-04-13T22:56:41.071Z
txApplied-total	5	2020-04-13T22:56:41.071Z
txRejected-average	0	2020-04-13T22:56:41.071Z
txRejected-total	0	2020-04-13T22:56:41.071Z
txExpired-average	0	2020-04-13T22:56:41.071Z
txExpired-total	0	2020-04-13T22:56:41.071Z
txProcessed-average	0	2020-04-13T22:56:41.071Z
txProcessed-total	0	2020-04-13T22:56:41.071Z
queueLength-average	0.6	2020-04-13T22:56:41.071Z
queueLength-value	5	2020-04-13T22:56:41.071Z
serverLoad-average	0.00795952650291714	2020-04-13T22:56:41.071Z
serverLoad-value	0.032807777777777776	2020-04-13T22:56:41.071Z
txTimeInQueue-average	0.52935	2020-04-13T22:56:41.071Z
txInjected-average	0	2020-04-13T22:56:42.071Z
txInjected-total	0	2020-04-13T22:56:42.071Z
txApplied-average	0.06666666666666667	2020-04-13T22:56:42.071Z
txApplied-total	5	2020-04-13T22:56:42.071Z
txRejected-average	0	2020-04-13T22:56:42.071Z
txRejected-total	0	2020-04-13T22:56:42.071Z
txExpired-average	0	2020-04-13T22:56:42.071Z
txExpired-total	0	2020-04-13T22:56:42.071Z
txProcessed-average	0	2020-04-13T22:56:42.071Z
txProcessed-total	0	2020-04-13T22:56:42.071Z
queueLength-average	0.7166666666666667	2020-04-13T22:56:42.071Z
queueLength-value	7	2020-04-13T22:56:42.071Z
serverLoad-average	0.008547693169583807	2020-04-13T22:56:42.071Z
serverLoad-value	0.03529	2020-04-13T22:56:42.071Z
txTimeInQueue-average	0.5731333333333333	2020-04-13T22:56:42.071Z
txInjected-average	0	2020-04-13T22:56:43.071Z
txInjected-total	0	2020-04-13T22:56:43.071Z
txApplied-average	0.06666666666666667	2020-04-13T22:56:43.071Z
txApplied-total	5	2020-04-13T22:56:43.071Z
txRejected-average	0	2020-04-13T22:56:43.071Z
txRejected-total	0	2020-04-13T22:56:43.071Z
txExpired-average	0	2020-04-13T22:56:43.071Z
txExpired-total	0	2020-04-13T22:56:43.071Z
txProcessed-average	0	2020-04-13T22:56:43.071Z
txProcessed-total	0	2020-04-13T22:56:43.071Z
queueLength-average	0.8333333333333334	2020-04-13T22:56:43.071Z
queueLength-value	7	2020-04-13T22:56:43.071Z
serverLoad-average	0.009184507984398621	2020-04-13T22:56:43.071Z
serverLoad-value	0.03820888888888888	2020-04-13T22:56:43.071Z
txTimeInQueue-average	0.6335833333333334	2020-04-13T22:56:43.071Z
txInjected-average	0	2020-04-13T22:56:44.071Z
txInjected-total	0	2020-04-13T22:56:44.071Z
txApplied-average	0.06666666666666667	2020-04-13T22:56:44.071Z
txApplied-total	5	2020-04-13T22:56:44.071Z
txRejected-average	0	2020-04-13T22:56:44.071Z
txRejected-total	0	2020-04-13T22:56:44.071Z
txExpired-average	0	2020-04-13T22:56:44.071Z
txExpired-total	0	2020-04-13T22:56:44.071Z
txProcessed-average	0	2020-04-13T22:56:44.071Z
txProcessed-total	0	2020-04-13T22:56:44.071Z
queueLength-average	0.95	2020-04-13T22:56:44.071Z
queueLength-value	7	2020-04-13T22:56:44.071Z
serverLoad-average	0.009888489465880104	2020-04-13T22:56:44.071Z
serverLoad-value	0.042238888888888895	2020-04-13T22:56:44.071Z
txTimeInQueue-average	0.7107	2020-04-13T22:56:44.071Z
txInjected-average	0	2020-04-13T22:56:45.071Z
txInjected-total	0	2020-04-13T22:56:45.071Z
txApplied-average	0.11666666666666667	2020-04-13T22:56:45.071Z
txApplied-total	8	2020-04-13T22:56:45.071Z
txRejected-average	0	2020-04-13T22:56:45.071Z
txRejected-total	0	2020-04-13T22:56:45.071Z
txExpired-average	0	2020-04-13T22:56:45.071Z
txExpired-total	0	2020-04-13T22:56:45.071Z
txProcessed-average	0	2020-04-13T22:56:45.071Z
txProcessed-total	0	2020-04-13T22:56:45.071Z
queueLength-average	1.0166666666666666	2020-04-13T22:56:45.071Z
queueLength-value	4	2020-04-13T22:56:45.071Z
serverLoad-average	0.01067815613254677	2020-04-13T22:56:45.071Z
serverLoad-value	0.04738	2020-04-13T22:56:45.071Z
txTimeInQueue-average	0.7902666666666667	2020-04-13T22:56:45.071Z
txInjected-average	0	2020-04-13T22:56:46.071Z
txInjected-total	0	2020-04-13T22:56:46.071Z
txApplied-average	0.13333333333333333	2020-04-13T22:56:46.071Z
txApplied-total	9	2020-04-13T22:56:46.071Z
txRejected-average	0	2020-04-13T22:56:46.071Z
txRejected-total	0	2020-04-13T22:56:46.071Z
txExpired-average	0	2020-04-13T22:56:46.071Z
txExpired-total	0	2020-04-13T22:56:46.071Z
txProcessed-average	0	2020-04-13T22:56:46.071Z
txProcessed-total	0	2020-04-13T22:56:46.071Z
queueLength-average	1.0666666666666667	2020-04-13T22:56:46.071Z
queueLength-value	3	2020-04-13T22:56:46.071Z
serverLoad-average	0.011556230206620843	2020-04-13T22:56:46.071Z
serverLoad-value	0.05268444444444444	2020-04-13T22:56:46.071Z
txTimeInQueue-average	0.8757	2020-04-13T22:56:46.071Z
txInjected-average	0	2020-04-13T22:56:47.070Z
txInjected-total	0	2020-04-13T22:56:47.070Z
txApplied-average	0.15	2020-04-13T22:56:47.070Z
txApplied-total	10	2020-04-13T22:56:47.070Z
txRejected-average	0	2020-04-13T22:56:47.070Z
txRejected-total	0	2020-04-13T22:56:47.070Z
txExpired-average	0	2020-04-13T22:56:47.070Z
txExpired-total	0	2020-04-13T22:56:47.070Z
txProcessed-average	0	2020-04-13T22:56:47.070Z
txProcessed-total	0	2020-04-13T22:56:47.070Z
queueLength-average	1.1	2020-04-13T22:56:47.070Z
queueLength-value	2	2020-04-13T22:56:47.070Z
serverLoad-average	0.012529230206620843	2020-04-13T22:56:47.070Z
serverLoad-value	0.05838	2020-04-13T22:56:47.070Z
txTimeInQueue-average	0.9669833333333333	2020-04-13T22:56:47.070Z
txInjected-average	0	2020-04-13T22:56:48.072Z
txInjected-total	0	2020-04-13T22:56:48.072Z
txApplied-average	0.18333333333333332	2020-04-13T22:56:48.072Z
txApplied-total	12	2020-04-13T22:56:48.072Z
txRejected-average	0	2020-04-13T22:56:48.072Z
txRejected-total	0	2020-04-13T22:56:48.072Z
txExpired-average	0	2020-04-13T22:56:48.072Z
txExpired-total	0	2020-04-13T22:56:48.072Z
txProcessed-average	0	2020-04-13T22:56:48.072Z
txProcessed-total	0	2020-04-13T22:56:48.072Z
queueLength-average	1.1	2020-04-13T22:56:48.072Z
queueLength-value	0	2020-04-13T22:56:48.072Z
serverLoad-average	0.013603656132546769	2020-04-13T22:56:48.072Z
serverLoad-value	0.06446555555555555	2020-04-13T22:56:48.072Z
txTimeInQueue-average	0.9669833333333333	2020-04-13T22:56:48.072Z
txInjected-average	0	2020-04-13T22:56:49.073Z
txInjected-total	0	2020-04-13T22:56:49.073Z
txApplied-average	0.18333333333333332	2020-04-13T22:56:49.073Z
txApplied-total	12	2020-04-13T22:56:49.073Z
txRejected-average	0	2020-04-13T22:56:49.073Z
txRejected-total	0	2020-04-13T22:56:49.073Z
txExpired-average	0	2020-04-13T22:56:49.073Z
txExpired-total	0	2020-04-13T22:56:49.073Z
txProcessed-average	0	2020-04-13T22:56:49.073Z
txProcessed-total	0	2020-04-13T22:56:49.073Z
queueLength-average	1.1	2020-04-13T22:56:49.073Z
queueLength-value	0	2020-04-13T22:56:49.073Z
serverLoad-average	0.014678082058472696	2020-04-13T22:56:49.073Z
serverLoad-value	0.06446555555555555	2020-04-13T22:56:49.073Z
txTimeInQueue-average	0.9669833333333333	2020-04-13T22:56:49.073Z
txInjected-average	0	2020-04-13T22:56:50.074Z
txInjected-total	0	2020-04-13T22:56:50.074Z
txApplied-average	0.18333333333333332	2020-04-13T22:56:50.074Z
txApplied-total	12	2020-04-13T22:56:50.074Z
txRejected-average	0	2020-04-13T22:56:50.074Z
txRejected-total	0	2020-04-13T22:56:50.074Z
txExpired-average	0	2020-04-13T22:56:50.074Z
txExpired-total	0	2020-04-13T22:56:50.074Z
txProcessed-average	0	2020-04-13T22:56:50.074Z
txProcessed-total	0	2020-04-13T22:56:50.074Z
queueLength-average	1.1	2020-04-13T22:56:50.074Z
queueLength-value	0	2020-04-13T22:56:50.074Z
serverLoad-average	0.01575250798439862	2020-04-13T22:56:50.074Z
serverLoad-value	0.06446555555555555	2020-04-13T22:56:50.074Z
txTimeInQueue-average	0.9669833333333333	2020-04-13T22:56:50.074Z
txInjected-average	0	2020-04-13T22:56:51.076Z
txInjected-total	0	2020-04-13T22:56:51.076Z
txApplied-average	0.18333333333333332	2020-04-13T22:56:51.076Z
txApplied-total	12	2020-04-13T22:56:51.076Z
txRejected-average	0	2020-04-13T22:56:51.076Z
txRejected-total	0	2020-04-13T22:56:51.076Z
txExpired-average	0	2020-04-13T22:56:51.076Z
txExpired-total	0	2020-04-13T22:56:51.076Z
txProcessed-average	0	2020-04-13T22:56:51.076Z
txProcessed-total	0	2020-04-13T22:56:51.076Z
queueLength-average	1.1166666666666667	2020-04-13T22:56:51.076Z
queueLength-value	1	2020-04-13T22:56:51.076Z
serverLoad-average	0.016826933910324544	2020-04-13T22:56:51.076Z
serverLoad-value	0.06446555555555555	2020-04-13T22:56:51.076Z
txTimeInQueue-average	0.9700166666666666	2020-04-13T22:56:51.076Z
txInjected-average	0	2020-04-13T22:56:52.079Z
txInjected-total	0	2020-04-13T22:56:52.079Z
txApplied-average	0.18333333333333332	2020-04-13T22:56:52.079Z
txApplied-total	12	2020-04-13T22:56:52.079Z
txRejected-average	0	2020-04-13T22:56:52.079Z
txRejected-total	0	2020-04-13T22:56:52.079Z
txExpired-average	0	2020-04-13T22:56:52.079Z
txExpired-total	0	2020-04-13T22:56:52.079Z
txProcessed-average	0	2020-04-13T22:56:52.079Z
txProcessed-total	0	2020-04-13T22:56:52.079Z
queueLength-average	1.1333333333333333	2020-04-13T22:56:52.079Z
queueLength-value	1	2020-04-13T22:56:52.079Z
serverLoad-average	0.017904730206620843	2020-04-13T22:56:52.079Z
serverLoad-value	0.06466777777777778	2020-04-13T22:56:52.079Z
txTimeInQueue-average	0.9897666666666667	2020-04-13T22:56:52.079Z
txInjected-average	0	2020-04-13T22:56:53.080Z
txInjected-total	0	2020-04-13T22:56:53.080Z
txApplied-average	0.18333333333333332	2020-04-13T22:56:53.080Z
txApplied-total	12	2020-04-13T22:56:53.080Z
txRejected-average	0	2020-04-13T22:56:53.080Z
txRejected-total	0	2020-04-13T22:56:53.080Z
txExpired-average	0	2020-04-13T22:56:53.080Z
txExpired-total	0	2020-04-13T22:56:53.080Z
txProcessed-average	0	2020-04-13T22:56:53.080Z
txProcessed-total	0	2020-04-13T22:56:53.080Z
queueLength-average	1.1666666666666667	2020-04-13T22:56:53.080Z
queueLength-value	2	2020-04-13T22:56:53.080Z
serverLoad-average	0.01900447094736158	2020-04-13T22:56:53.080Z
serverLoad-value	0.06598444444444444	2020-04-13T22:56:53.080Z
txTimeInQueue-average	1.0262	2020-04-13T22:56:53.080Z
txInjected-average	0	2020-04-13T22:56:54.081Z
txInjected-total	0	2020-04-13T22:56:54.081Z
txApplied-average	0.18333333333333332	2020-04-13T22:56:54.081Z
txApplied-total	12	2020-04-13T22:56:54.081Z
txRejected-average	0	2020-04-13T22:56:54.081Z
txRejected-total	0	2020-04-13T22:56:54.081Z
txExpired-average	0	2020-04-13T22:56:54.081Z
txExpired-total	0	2020-04-13T22:56:54.081Z
txProcessed-average	0	2020-04-13T22:56:54.081Z
txProcessed-total	0	2020-04-13T22:56:54.081Z
queueLength-average	1.2	2020-04-13T22:56:54.081Z
queueLength-value	2	2020-04-13T22:56:54.081Z
serverLoad-average	0.020144693169583804	2020-04-13T22:56:54.081Z
serverLoad-value	0.06841333333333334	2020-04-13T22:56:54.081Z
txTimeInQueue-average	1.0793166666666667	2020-04-13T22:56:54.081Z
txInjected-average	0	2020-04-13T22:56:55.082Z
txInjected-total	0	2020-04-13T22:56:55.082Z
txApplied-average	0.18333333333333332	2020-04-13T22:56:55.082Z
txApplied-total	12	2020-04-13T22:56:55.082Z
txRejected-average	0	2020-04-13T22:56:55.082Z
txRejected-total	0	2020-04-13T22:56:55.082Z
txExpired-average	0	2020-04-13T22:56:55.082Z
txExpired-total	0	2020-04-13T22:56:55.082Z
txProcessed-average	0	2020-04-13T22:56:55.082Z
txProcessed-total	0	2020-04-13T22:56:55.082Z
queueLength-average	1.2333333333333334	2020-04-13T22:56:55.082Z
queueLength-value	2	2020-04-13T22:56:55.082Z
serverLoad-average	0.021343933910324544	2020-04-13T22:56:55.082Z
serverLoad-value	0.07195444444444445	2020-04-13T22:56:55.082Z
txTimeInQueue-average	1.1491166666666666	2020-04-13T22:56:55.082Z
txInjected-average	0.016666666666666666	2020-04-13T22:56:56.084Z
txInjected-total	1	2020-04-13T22:56:56.084Z
txApplied-average	0.18333333333333332	2020-04-13T22:56:56.084Z
txApplied-total	12	2020-04-13T22:56:56.084Z
txRejected-average	0	2020-04-13T22:56:56.084Z
txRejected-total	0	2020-04-13T22:56:56.084Z
txExpired-average	0	2020-04-13T22:56:56.084Z
txExpired-total	0	2020-04-13T22:56:56.084Z
txProcessed-average	0	2020-04-13T22:56:56.084Z
txProcessed-total	0	2020-04-13T22:56:56.084Z
queueLength-average	1.2833333333333334	2020-04-13T22:56:56.084Z
queueLength-value	3	2020-04-13T22:56:56.084Z
serverLoad-average	0.022620730206620844	2020-04-13T22:56:56.084Z
serverLoad-value	0.07660777777777777	2020-04-13T22:56:56.084Z
txTimeInQueue-average	1.2195333333333334	2020-04-13T22:56:56.084Z
txInjected-average	0.016666666666666666	2020-04-13T22:56:57.085Z
txInjected-total	1	2020-04-13T22:56:57.085Z
txApplied-average	0.2	2020-04-13T22:56:57.085Z
txApplied-total	13	2020-04-13T22:56:57.085Z
txRejected-average	0	2020-04-13T22:56:57.085Z
txRejected-total	0	2020-04-13T22:56:57.085Z
txExpired-average	0	2020-04-13T22:56:57.085Z
txExpired-total	0	2020-04-13T22:56:57.085Z
txProcessed-average	0	2020-04-13T22:56:57.085Z
txProcessed-total	0	2020-04-13T22:56:57.085Z
queueLength-average	1.3166666666666667	2020-04-13T22:56:57.085Z
queueLength-value	2	2020-04-13T22:56:57.085Z
serverLoad-average	0.023975767243657877	2020-04-13T22:56:57.085Z
serverLoad-value	0.08130222222222222	2020-04-13T22:56:57.085Z
txTimeInQueue-average	1.2905499999999999	2020-04-13T22:56:57.085Z
txInjected-average	0.016666666666666666	2020-04-13T22:56:58.086Z
txInjected-total	1	2020-04-13T22:56:58.086Z
txApplied-average	0.2	2020-04-13T22:56:58.086Z
txApplied-total	13	2020-04-13T22:56:58.086Z
txRejected-average	0	2020-04-13T22:56:58.086Z
txRejected-total	0	2020-04-13T22:56:58.086Z
txExpired-average	0	2020-04-13T22:56:58.086Z
txExpired-total	0	2020-04-13T22:56:58.086Z
txProcessed-average	0	2020-04-13T22:56:58.086Z
txProcessed-total	0	2020-04-13T22:56:58.086Z
queueLength-average	1.35	2020-04-13T22:56:58.086Z
queueLength-value	2	2020-04-13T22:56:58.086Z
serverLoad-average	0.025409711688102323	2020-04-13T22:56:58.086Z
serverLoad-value	0.08603666666666666	2020-04-13T22:56:58.086Z
txTimeInQueue-average	1.37825	2020-04-13T22:56:58.086Z
txInjected-average	0.016666666666666666	2020-04-13T22:56:59.087Z
txInjected-total	1	2020-04-13T22:56:59.087Z
txApplied-average	0.21666666666666667	2020-04-13T22:56:59.087Z
txApplied-total	14	2020-04-13T22:56:59.087Z
txRejected-average	0	2020-04-13T22:56:59.087Z
txRejected-total	0	2020-04-13T22:56:59.087Z
txExpired-average	0	2020-04-13T22:56:59.087Z
txExpired-total	0	2020-04-13T22:56:59.087Z
txProcessed-average	0	2020-04-13T22:56:59.087Z
txProcessed-total	0	2020-04-13T22:56:59.087Z
queueLength-average	1.3666666666666667	2020-04-13T22:56:59.087Z
queueLength-value	1	2020-04-13T22:56:59.087Z
serverLoad-average	0.026941100576991214	2020-04-13T22:56:59.087Z
serverLoad-value	0.09188333333333333	2020-04-13T22:56:59.087Z
txTimeInQueue-average	1.43425	2020-04-13T22:56:59.087Z
txInjected-average	0.016666666666666666	2020-04-13T22:57:00.087Z
txInjected-total	1	2020-04-13T22:57:00.087Z
txApplied-average	0.21666666666666667	2020-04-13T22:57:00.087Z
txApplied-total	14	2020-04-13T22:57:00.087Z
txRejected-average	0	2020-04-13T22:57:00.087Z
txRejected-total	0	2020-04-13T22:57:00.087Z
txExpired-average	0	2020-04-13T22:57:00.087Z
txExpired-total	0	2020-04-13T22:57:00.087Z
txProcessed-average	0	2020-04-13T22:57:00.087Z
txProcessed-total	0	2020-04-13T22:57:00.087Z
queueLength-average	1.3833333333333333	2020-04-13T22:57:00.087Z
queueLength-value	1	2020-04-13T22:57:00.087Z
serverLoad-average	0.028534711688102326	2020-04-13T22:57:00.087Z
serverLoad-value	0.09561666666666667	2020-04-13T22:57:00.087Z
txTimeInQueue-average	1.5069166666666667	2020-04-13T22:57:00.087Z
txInjected-average	0.016666666666666666	2020-04-13T22:57:01.088Z
txInjected-total	1	2020-04-13T22:57:01.088Z
txApplied-average	0.21666666666666667	2020-04-13T22:57:01.088Z
txApplied-total	14	2020-04-13T22:57:01.088Z
txRejected-average	0	2020-04-13T22:57:01.088Z
txRejected-total	0	2020-04-13T22:57:01.088Z
txExpired-average	0	2020-04-13T22:57:01.088Z
txExpired-total	0	2020-04-13T22:57:01.088Z
txProcessed-average	0	2020-04-13T22:57:01.088Z
txProcessed-total	0	2020-04-13T22:57:01.088Z
queueLength-average	1.4	2020-04-13T22:57:01.088Z
queueLength-value	1	2020-04-13T22:57:01.088Z
serverLoad-average	0.030209063539954176	2020-04-13T22:57:01.088Z
serverLoad-value	0.10046111111111111	2020-04-13T22:57:01.088Z
txTimeInQueue-average	1.5962666666666667	2020-04-13T22:57:01.088Z
txInjected-average	0.016666666666666666	2020-04-13T22:57:02.090Z
txInjected-total	1	2020-04-13T22:57:02.090Z
txApplied-average	0.23333333333333334	2020-04-13T22:57:02.090Z
txApplied-total	15	2020-04-13T22:57:02.090Z
txRejected-average	0	2020-04-13T22:57:02.090Z
txRejected-total	0	2020-04-13T22:57:02.090Z
txExpired-average	0	2020-04-13T22:57:02.090Z
txExpired-total	0	2020-04-13T22:57:02.090Z
txProcessed-average	0	2020-04-13T22:57:02.090Z
txProcessed-total	0	2020-04-13T22:57:02.090Z
queueLength-average	1.4	2020-04-13T22:57:02.090Z
queueLength-value	0	2020-04-13T22:57:02.090Z
serverLoad-average	0.031982693169583805	2020-04-13T22:57:02.090Z
serverLoad-value	0.10641777777777778	2020-04-13T22:57:02.090Z
txTimeInQueue-average	1.5962666666666667	2020-04-13T22:57:02.090Z
txInjected-average	0.016666666666666666	2020-04-13T22:57:03.096Z
txInjected-total	1	2020-04-13T22:57:03.096Z
txApplied-average	0.23333333333333334	2020-04-13T22:57:03.096Z
txApplied-total	15	2020-04-13T22:57:03.096Z
txRejected-average	0	2020-04-13T22:57:03.096Z
txRejected-total	0	2020-04-13T22:57:03.096Z
txExpired-average	0	2020-04-13T22:57:03.096Z
txExpired-total	0	2020-04-13T22:57:03.096Z
txProcessed-average	0	2020-04-13T22:57:03.096Z
txProcessed-total	0	2020-04-13T22:57:03.096Z
queueLength-average	1.4	2020-04-13T22:57:03.096Z
queueLength-value	0	2020-04-13T22:57:03.096Z
serverLoad-average	0.03375632279921344	2020-04-13T22:57:03.096Z
serverLoad-value	0.10641777777777778	2020-04-13T22:57:03.096Z
txTimeInQueue-average	1.5962666666666667	2020-04-13T22:57:03.096Z
txInjected-average	0.016666666666666666	2020-04-13T22:57:04.100Z
txInjected-total	1	2020-04-13T22:57:04.100Z
txApplied-average	0.23333333333333334	2020-04-13T22:57:04.100Z
txApplied-total	15	2020-04-13T22:57:04.100Z
txRejected-average	0	2020-04-13T22:57:04.100Z
txRejected-total	0	2020-04-13T22:57:04.100Z
txExpired-average	0	2020-04-13T22:57:04.100Z
txExpired-total	0	2020-04-13T22:57:04.100Z
txProcessed-average	0	2020-04-13T22:57:04.100Z
txProcessed-total	0	2020-04-13T22:57:04.100Z
queueLength-average	1.4	2020-04-13T22:57:04.100Z
queueLength-value	0	2020-04-13T22:57:04.100Z
serverLoad-average	0.03552995242884306	2020-04-13T22:57:04.100Z
serverLoad-value	0.10641777777777778	2020-04-13T22:57:04.100Z
txTimeInQueue-average	1.5962666666666667	2020-04-13T22:57:04.100Z
txInjected-average	0.016666666666666666	2020-04-13T22:57:05.102Z
txInjected-total	1	2020-04-13T22:57:05.102Z
txApplied-average	0.23333333333333334	2020-04-13T22:57:05.102Z
txApplied-total	15	2020-04-13T22:57:05.102Z
txRejected-average	0	2020-04-13T22:57:05.102Z
txRejected-total	0	2020-04-13T22:57:05.102Z
txExpired-average	0	2020-04-13T22:57:05.102Z
txExpired-total	0	2020-04-13T22:57:05.102Z
txProcessed-average	0	2020-04-13T22:57:05.102Z
txProcessed-total	0	2020-04-13T22:57:05.102Z
queueLength-average	1.4	2020-04-13T22:57:05.102Z
queueLength-value	0	2020-04-13T22:57:05.102Z
serverLoad-average	0.037303582058472694	2020-04-13T22:57:05.102Z
serverLoad-value	0.10641777777777778	2020-04-13T22:57:05.102Z
txTimeInQueue-average	1.5962666666666667	2020-04-13T22:57:05.102Z
txInjected-average	0.016666666666666666	2020-04-13T22:57:06.102Z
txInjected-total	1	2020-04-13T22:57:06.102Z
txApplied-average	0.23333333333333334	2020-04-13T22:57:06.102Z
txApplied-total	15	2020-04-13T22:57:06.102Z
txRejected-average	0	2020-04-13T22:57:06.102Z
txRejected-total	0	2020-04-13T22:57:06.102Z
txExpired-average	0	2020-04-13T22:57:06.102Z
txExpired-total	0	2020-04-13T22:57:06.102Z
txProcessed-average	0	2020-04-13T22:57:06.102Z
txProcessed-total	0	2020-04-13T22:57:06.102Z
queueLength-average	1.4	2020-04-13T22:57:06.102Z
queueLength-value	0	2020-04-13T22:57:06.102Z
serverLoad-average	0.03907721168810232	2020-04-13T22:57:06.102Z
serverLoad-value	0.10641777777777778	2020-04-13T22:57:06.102Z
txTimeInQueue-average	1.5962666666666667	2020-04-13T22:57:06.102Z
txInjected-average	0.016666666666666666	2020-04-13T22:57:07.106Z
txInjected-total	1	2020-04-13T22:57:07.106Z
txApplied-average	0.23333333333333334	2020-04-13T22:57:07.106Z
txApplied-total	15	2020-04-13T22:57:07.106Z
txRejected-average	0	2020-04-13T22:57:07.106Z
txRejected-total	0	2020-04-13T22:57:07.106Z
txExpired-average	0	2020-04-13T22:57:07.106Z
txExpired-total	0	2020-04-13T22:57:07.106Z
txProcessed-average	0	2020-04-13T22:57:07.106Z
txProcessed-total	0	2020-04-13T22:57:07.106Z
queueLength-average	1.4	2020-04-13T22:57:07.106Z
queueLength-value	0	2020-04-13T22:57:07.106Z
serverLoad-average	0.04085084131773195	2020-04-13T22:57:07.106Z
serverLoad-value	0.10641777777777778	2020-04-13T22:57:07.106Z
txTimeInQueue-average	1.5962666666666667	2020-04-13T22:57:07.106Z
txInjected-average	0.016666666666666666	2020-04-13T22:57:08.108Z
txInjected-total	1	2020-04-13T22:57:08.108Z
txApplied-average	0.23333333333333334	2020-04-13T22:57:08.108Z
txApplied-total	15	2020-04-13T22:57:08.108Z
txRejected-average	0	2020-04-13T22:57:08.108Z
txRejected-total	0	2020-04-13T22:57:08.108Z
txExpired-average	0	2020-04-13T22:57:08.108Z
txExpired-total	0	2020-04-13T22:57:08.108Z
txProcessed-average	0	2020-04-13T22:57:08.108Z
txProcessed-total	0	2020-04-13T22:57:08.108Z
queueLength-average	1.4	2020-04-13T22:57:08.108Z
queueLength-value	0	2020-04-13T22:57:08.108Z
serverLoad-average	0.042624470947361576	2020-04-13T22:57:08.108Z
serverLoad-value	0.10641777777777778	2020-04-13T22:57:08.108Z
txTimeInQueue-average	1.5962666666666667	2020-04-13T22:57:08.108Z
txInjected-average	0.016666666666666666	2020-04-13T22:57:09.109Z
txInjected-total	1	2020-04-13T22:57:09.109Z
txApplied-average	0.23333333333333334	2020-04-13T22:57:09.109Z
txApplied-total	15	2020-04-13T22:57:09.109Z
txRejected-average	0	2020-04-13T22:57:09.109Z
txRejected-total	0	2020-04-13T22:57:09.109Z
txExpired-average	0	2020-04-13T22:57:09.109Z
txExpired-total	0	2020-04-13T22:57:09.109Z
txProcessed-average	0	2020-04-13T22:57:09.109Z
txProcessed-total	0	2020-04-13T22:57:09.109Z
queueLength-average	1.4	2020-04-13T22:57:09.109Z
queueLength-value	0	2020-04-13T22:57:09.109Z
serverLoad-average	0.04439810057699121	2020-04-13T22:57:09.109Z
serverLoad-value	0.10641777777777778	2020-04-13T22:57:09.109Z
txTimeInQueue-average	1.5962666666666667	2020-04-13T22:57:09.109Z
txInjected-average	0.016666666666666666	2020-04-13T22:57:10.113Z
txInjected-total	1	2020-04-13T22:57:10.113Z
txApplied-average	0.23333333333333334	2020-04-13T22:57:10.113Z
txApplied-total	15	2020-04-13T22:57:10.113Z
txRejected-average	0	2020-04-13T22:57:10.113Z
txRejected-total	0	2020-04-13T22:57:10.113Z
txExpired-average	0	2020-04-13T22:57:10.113Z
txExpired-total	0	2020-04-13T22:57:10.113Z
txProcessed-average	0	2020-04-13T22:57:10.113Z
txProcessed-total	0	2020-04-13T22:57:10.113Z
queueLength-average	1.4	2020-04-13T22:57:10.113Z
queueLength-value	0	2020-04-13T22:57:10.113Z
serverLoad-average	0.04617173020662083	2020-04-13T22:57:10.113Z
serverLoad-value	0.10641777777777778	2020-04-13T22:57:10.113Z
txTimeInQueue-average	1.5962666666666667	2020-04-13T22:57:10.113Z
txInjected-average	0.016666666666666666	2020-04-13T22:57:11.115Z
txInjected-total	1	2020-04-13T22:57:11.115Z
txApplied-average	0.23333333333333334	2020-04-13T22:57:11.115Z
txApplied-total	15	2020-04-13T22:57:11.115Z
txRejected-average	0	2020-04-13T22:57:11.115Z
txRejected-total	0	2020-04-13T22:57:11.115Z
txExpired-average	0	2020-04-13T22:57:11.115Z
txExpired-total	0	2020-04-13T22:57:11.115Z
txProcessed-average	0	2020-04-13T22:57:11.115Z
txProcessed-total	0	2020-04-13T22:57:11.115Z
queueLength-average	1.4	2020-04-13T22:57:11.115Z
queueLength-value	0	2020-04-13T22:57:11.115Z
serverLoad-average	0.047945359836250465	2020-04-13T22:57:11.115Z
serverLoad-value	0.10641777777777778	2020-04-13T22:57:11.115Z
txTimeInQueue-average	1.5962666666666667	2020-04-13T22:57:11.115Z
txInjected-average	0.016666666666666666	2020-04-13T22:57:12.115Z
txInjected-total	1	2020-04-13T22:57:12.115Z
txApplied-average	0.23333333333333334	2020-04-13T22:57:12.115Z
txApplied-total	15	2020-04-13T22:57:12.115Z
txRejected-average	0	2020-04-13T22:57:12.115Z
txRejected-total	0	2020-04-13T22:57:12.115Z
txExpired-average	0	2020-04-13T22:57:12.115Z
txExpired-total	0	2020-04-13T22:57:12.115Z
txProcessed-average	0	2020-04-13T22:57:12.115Z
txProcessed-total	0	2020-04-13T22:57:12.115Z
queueLength-average	1.4	2020-04-13T22:57:12.115Z
queueLength-value	0	2020-04-13T22:57:12.115Z
serverLoad-average	0.04971898946588009	2020-04-13T22:57:12.115Z
serverLoad-value	0.10641777777777778	2020-04-13T22:57:12.115Z
txTimeInQueue-average	1.5962666666666667	2020-04-13T22:57:12.115Z
txInjected-average	0.016666666666666666	2020-04-13T22:57:13.117Z
txInjected-total	1	2020-04-13T22:57:13.117Z
txApplied-average	0.23333333333333334	2020-04-13T22:57:13.117Z
txApplied-total	15	2020-04-13T22:57:13.117Z
txRejected-average	0	2020-04-13T22:57:13.117Z
txRejected-total	0	2020-04-13T22:57:13.117Z
txExpired-average	0	2020-04-13T22:57:13.117Z
txExpired-total	0	2020-04-13T22:57:13.117Z
txProcessed-average	0	2020-04-13T22:57:13.117Z
txProcessed-total	0	2020-04-13T22:57:13.117Z
queueLength-average	1.4	2020-04-13T22:57:13.117Z
queueLength-value	0	2020-04-13T22:57:13.117Z
serverLoad-average	0.05149261909550972	2020-04-13T22:57:13.117Z
serverLoad-value	0.10641777777777778	2020-04-13T22:57:13.117Z
txTimeInQueue-average	1.5962666666666667	2020-04-13T22:57:13.117Z
txInjected-average	0.016666666666666666	2020-04-13T22:57:14.119Z
txInjected-total	1	2020-04-13T22:57:14.119Z
txApplied-average	0.23333333333333334	2020-04-13T22:57:14.119Z
txApplied-total	15	2020-04-13T22:57:14.119Z
txRejected-average	0	2020-04-13T22:57:14.119Z
txRejected-total	0	2020-04-13T22:57:14.119Z
txExpired-average	0	2020-04-13T22:57:14.119Z
txExpired-total	0	2020-04-13T22:57:14.119Z
txProcessed-average	0	2020-04-13T22:57:14.119Z
txProcessed-total	0	2020-04-13T22:57:14.119Z
queueLength-average	1.4	2020-04-13T22:57:14.119Z
queueLength-value	0	2020-04-13T22:57:14.119Z
serverLoad-average	0.05326624872513935	2020-04-13T22:57:14.119Z
serverLoad-value	0.10641777777777778	2020-04-13T22:57:14.119Z
txTimeInQueue-average	1.5962666666666667	2020-04-13T22:57:14.119Z
txInjected-average	0.016666666666666666	2020-04-13T22:57:15.122Z
txInjected-total	1	2020-04-13T22:57:15.122Z
txApplied-average	0.23333333333333334	2020-04-13T22:57:15.122Z
txApplied-total	15	2020-04-13T22:57:15.122Z
txRejected-average	0	2020-04-13T22:57:15.122Z
txRejected-total	0	2020-04-13T22:57:15.122Z
txExpired-average	0	2020-04-13T22:57:15.122Z
txExpired-total	0	2020-04-13T22:57:15.122Z
txProcessed-average	0	2020-04-13T22:57:15.122Z
txProcessed-total	0	2020-04-13T22:57:15.122Z
queueLength-average	1.4	2020-04-13T22:57:15.122Z
queueLength-value	0	2020-04-13T22:57:15.122Z
serverLoad-average	0.05503987835476898	2020-04-13T22:57:15.122Z
serverLoad-value	0.10641777777777778	2020-04-13T22:57:15.122Z
txTimeInQueue-average	1.5962666666666667	2020-04-13T22:57:15.122Z
txInjected-average	0.016666666666666666	2020-04-13T22:57:16.126Z
txInjected-total	1	2020-04-13T22:57:16.126Z
txApplied-average	0.23333333333333334	2020-04-13T22:57:16.126Z
txApplied-total	15	2020-04-13T22:57:16.126Z
txRejected-average	0	2020-04-13T22:57:16.126Z
txRejected-total	0	2020-04-13T22:57:16.126Z
txExpired-average	0	2020-04-13T22:57:16.126Z
txExpired-total	0	2020-04-13T22:57:16.126Z
txProcessed-average	0	2020-04-13T22:57:16.126Z
txProcessed-total	0	2020-04-13T22:57:16.126Z
queueLength-average	1.4	2020-04-13T22:57:16.126Z
queueLength-value	0	2020-04-13T22:57:16.126Z
serverLoad-average	0.05681350798439861	2020-04-13T22:57:16.126Z
serverLoad-value	0.10641777777777778	2020-04-13T22:57:16.126Z
txTimeInQueue-average	1.5962666666666667	2020-04-13T22:57:16.126Z
txInjected-average	0.016666666666666666	2020-04-13T22:57:17.129Z
txInjected-total	1	2020-04-13T22:57:17.129Z
txApplied-average	0.23333333333333334	2020-04-13T22:57:17.129Z
txApplied-total	15	2020-04-13T22:57:17.129Z
txRejected-average	0	2020-04-13T22:57:17.129Z
txRejected-total	0	2020-04-13T22:57:17.129Z
txExpired-average	0	2020-04-13T22:57:17.129Z
txExpired-total	0	2020-04-13T22:57:17.129Z
txProcessed-average	0	2020-04-13T22:57:17.129Z
txProcessed-total	0	2020-04-13T22:57:17.129Z
queueLength-average	1.4	2020-04-13T22:57:17.129Z
queueLength-value	0	2020-04-13T22:57:17.129Z
serverLoad-average	0.058587137614028235	2020-04-13T22:57:17.129Z
serverLoad-value	0.10641777777777778	2020-04-13T22:57:17.129Z
txTimeInQueue-average	1.5962666666666667	2020-04-13T22:57:17.129Z
txInjected-average	0.016666666666666666	2020-04-13T22:57:18.133Z
txInjected-total	1	2020-04-13T22:57:18.133Z
txApplied-average	0.23333333333333334	2020-04-13T22:57:18.133Z
txApplied-total	15	2020-04-13T22:57:18.133Z
txRejected-average	0	2020-04-13T22:57:18.133Z
txRejected-total	0	2020-04-13T22:57:18.133Z
txExpired-average	0	2020-04-13T22:57:18.133Z
txExpired-total	0	2020-04-13T22:57:18.133Z
txProcessed-average	0	2020-04-13T22:57:18.133Z
txProcessed-total	0	2020-04-13T22:57:18.133Z
queueLength-average	1.4	2020-04-13T22:57:18.133Z
queueLength-value	0	2020-04-13T22:57:18.133Z
serverLoad-average	0.06036076724365787	2020-04-13T22:57:18.133Z
serverLoad-value	0.10641777777777778	2020-04-13T22:57:18.133Z
txTimeInQueue-average	1.5962666666666667	2020-04-13T22:57:18.133Z
txInjected-average	0.016666666666666666	2020-04-13T22:57:19.134Z
txInjected-total	1	2020-04-13T22:57:19.134Z
txApplied-average	0.23333333333333334	2020-04-13T22:57:19.134Z
txApplied-total	15	2020-04-13T22:57:19.134Z
txRejected-average	0	2020-04-13T22:57:19.134Z
txRejected-total	0	2020-04-13T22:57:19.134Z
txExpired-average	0	2020-04-13T22:57:19.134Z
txExpired-total	0	2020-04-13T22:57:19.134Z
txProcessed-average	0	2020-04-13T22:57:19.134Z
txProcessed-total	0	2020-04-13T22:57:19.134Z
queueLength-average	1.4	2020-04-13T22:57:19.134Z
queueLength-value	0	2020-04-13T22:57:19.134Z
serverLoad-average	0.06213439687328749	2020-04-13T22:57:19.134Z
serverLoad-value	0.10641777777777778	2020-04-13T22:57:19.134Z
txTimeInQueue-average	1.5962666666666667	2020-04-13T22:57:19.134Z
txInjected-average	0.016666666666666666	2020-04-13T22:57:20.138Z
txInjected-total	1	2020-04-13T22:57:20.138Z
txApplied-average	0.23333333333333334	2020-04-13T22:57:20.138Z
txApplied-total	15	2020-04-13T22:57:20.138Z
txRejected-average	0	2020-04-13T22:57:20.138Z
txRejected-total	0	2020-04-13T22:57:20.138Z
txExpired-average	0	2020-04-13T22:57:20.138Z
txExpired-total	0	2020-04-13T22:57:20.138Z
txProcessed-average	0	2020-04-13T22:57:20.138Z
txProcessed-total	0	2020-04-13T22:57:20.138Z
queueLength-average	1.3833333333333333	2020-04-13T22:57:20.138Z
queueLength-value	0	2020-04-13T22:57:20.138Z
serverLoad-average	0.06390802650291712	2020-04-13T22:57:20.138Z
serverLoad-value	0.10641777777777778	2020-04-13T22:57:20.138Z
txTimeInQueue-average	1.5912833333333334	2020-04-13T22:57:20.138Z
txInjected-average	0.016666666666666666	2020-04-13T22:57:21.144Z
txInjected-total	1	2020-04-13T22:57:21.144Z
txApplied-average	0.23333333333333334	2020-04-13T22:57:21.144Z
txApplied-total	15	2020-04-13T22:57:21.144Z
txRejected-average	0	2020-04-13T22:57:21.144Z
txRejected-total	0	2020-04-13T22:57:21.144Z
txExpired-average	0	2020-04-13T22:57:21.144Z
txExpired-total	0	2020-04-13T22:57:21.144Z
txProcessed-average	0	2020-04-13T22:57:21.144Z
txProcessed-total	0	2020-04-13T22:57:21.144Z
queueLength-average	1.3666666666666667	2020-04-13T22:57:21.144Z
queueLength-value	0	2020-04-13T22:57:21.144Z
serverLoad-average	0.06565945242884305	2020-04-13T22:57:21.144Z
serverLoad-value	0.10608555555555556	2020-04-13T22:57:21.144Z
txTimeInQueue-average	1.5695999999999999	2020-04-13T22:57:21.144Z
txInjected-average	0.016666666666666666	2020-04-13T22:57:22.147Z
txInjected-total	1	2020-04-13T22:57:22.147Z
txApplied-average	0.23333333333333334	2020-04-13T22:57:22.147Z
txApplied-total	15	2020-04-13T22:57:22.147Z
txRejected-average	0	2020-04-13T22:57:22.147Z
txRejected-total	0	2020-04-13T22:57:22.147Z
txExpired-average	0	2020-04-13T22:57:22.147Z
txExpired-total	0	2020-04-13T22:57:22.147Z
txProcessed-average	0	2020-04-13T22:57:22.147Z
txProcessed-total	0	2020-04-13T22:57:22.147Z
queueLength-average	1.3333333333333333	2020-04-13T22:57:22.147Z
queueLength-value	0	2020-04-13T22:57:22.147Z
serverLoad-average	0.06737226334502239	2020-04-13T22:57:22.147Z
serverLoad-value	0.10464	2020-04-13T22:57:22.147Z
txTimeInQueue-average	1.53125	2020-04-13T22:57:22.147Z
txInjected-average	0.016666666666666666	2020-04-13T22:57:23.148Z
txInjected-total	1	2020-04-13T22:57:23.148Z
txApplied-average	0.23333333333333334	2020-04-13T22:57:23.148Z
txApplied-total	15	2020-04-13T22:57:23.148Z
txRejected-average	0	2020-04-13T22:57:23.148Z
txRejected-total	0	2020-04-13T22:57:23.148Z
txExpired-average	0	2020-04-13T22:57:23.148Z
txExpired-total	0	2020-04-13T22:57:23.148Z
txProcessed-average	0	2020-04-13T22:57:23.148Z
txProcessed-total	0	2020-04-13T22:57:23.148Z
queueLength-average	1.2666666666666666	2020-04-13T22:57:23.148Z
queueLength-value	0	2020-04-13T22:57:23.148Z
serverLoad-average	0.068998920433145	2020-04-13T22:57:23.148Z
serverLoad-value	0.10208333333333333	2020-04-13T22:57:23.148Z
txTimeInQueue-average	1.5036333333333334	2020-04-13T22:57:23.148Z
txInjected-average	0.016666666666666666	2020-04-13T22:57:24.153Z
txInjected-total	1	2020-04-13T22:57:24.153Z
txApplied-average	0.23333333333333334	2020-04-13T22:57:24.153Z
txApplied-total	15	2020-04-13T22:57:24.153Z
txRejected-average	0	2020-04-13T22:57:24.153Z
txRejected-total	0	2020-04-13T22:57:24.153Z
txExpired-average	0	2020-04-13T22:57:24.153Z
txExpired-total	0	2020-04-13T22:57:24.153Z
txProcessed-average	0	2020-04-13T22:57:24.153Z
txProcessed-total	0	2020-04-13T22:57:24.153Z
queueLength-average	1.2	2020-04-13T22:57:24.153Z
queueLength-value	0	2020-04-13T22:57:24.153Z
serverLoad-average	0.07056495370370369	2020-04-13T22:57:24.153Z
serverLoad-value	0.10024222222222222	2020-04-13T22:57:24.153Z
txTimeInQueue-average	1.4593333333333331	2020-04-13T22:57:24.153Z
txInjected-average	0.016666666666666666	2020-04-13T22:57:25.156Z
txInjected-total	1	2020-04-13T22:57:25.156Z
txApplied-average	0.23333333333333334	2020-04-13T22:57:25.156Z
txApplied-total	15	2020-04-13T22:57:25.156Z
txRejected-average	0	2020-04-13T22:57:25.156Z
txRejected-total	0	2020-04-13T22:57:25.156Z
txExpired-average	0	2020-04-13T22:57:25.156Z
txExpired-total	0	2020-04-13T22:57:25.156Z
txProcessed-average	0	2020-04-13T22:57:25.156Z
txProcessed-total	0	2020-04-13T22:57:25.156Z
queueLength-average	1.1333333333333333	2020-04-13T22:57:25.156Z
queueLength-value	0	2020-04-13T22:57:25.156Z
serverLoad-average	0.07203428703703703	2020-04-13T22:57:25.156Z
serverLoad-value	0.09728888888888888	2020-04-13T22:57:25.156Z
txTimeInQueue-average	1.39835	2020-04-13T22:57:25.156Z
txInjected-average	0.016666666666666666	2020-04-13T22:57:26.162Z
txInjected-total	1	2020-04-13T22:57:26.162Z
txApplied-average	0.21666666666666667	2020-04-13T22:57:26.162Z
txApplied-total	15	2020-04-13T22:57:26.162Z
txRejected-average	0	2020-04-13T22:57:26.162Z
txRejected-total	0	2020-04-13T22:57:26.162Z
txExpired-average	0	2020-04-13T22:57:26.162Z
txExpired-total	0	2020-04-13T22:57:26.162Z
txProcessed-average	0	2020-04-13T22:57:26.162Z
txProcessed-total	0	2020-04-13T22:57:26.162Z
queueLength-average	1.0833333333333333	2020-04-13T22:57:26.162Z
queueLength-value	0	2020-04-13T22:57:26.162Z
serverLoad-average	0.07336810185185186	2020-04-13T22:57:26.162Z
serverLoad-value	0.09322333333333334	2020-04-13T22:57:26.162Z
txTimeInQueue-average	1.3264749999999998	2020-04-13T22:57:26.162Z
txInjected-average	0.016666666666666666	2020-04-13T22:57:27.167Z
txInjected-total	1	2020-04-13T22:57:27.167Z
txApplied-average	0.21666666666666667	2020-04-13T22:57:27.167Z
txApplied-total	15	2020-04-13T22:57:27.167Z
txRejected-average	0	2020-04-13T22:57:27.167Z
txRejected-total	0	2020-04-13T22:57:27.167Z
txExpired-average	0	2020-04-13T22:57:27.167Z
txExpired-total	0	2020-04-13T22:57:27.167Z
txProcessed-average	0	2020-04-13T22:57:27.167Z
txProcessed-total	0	2020-04-13T22:57:27.167Z
queueLength-average	1.0333333333333334	2020-04-13T22:57:27.167Z
queueLength-value	0	2020-04-13T22:57:27.167Z
serverLoad-average	0.07454219444444443	2020-04-13T22:57:27.167Z
serverLoad-value	0.08843166666666666	2020-04-13T22:57:27.167Z
txTimeInQueue-average	1.2379333333333333	2020-04-13T22:57:27.167Z
txInjected-average	0.016666666666666666	2020-04-13T22:57:28.171Z
txInjected-total	1	2020-04-13T22:57:28.171Z
txApplied-average	0.2	2020-04-13T22:57:28.171Z
txApplied-total	15	2020-04-13T22:57:28.171Z
txRejected-average	0	2020-04-13T22:57:28.171Z
txRejected-total	0	2020-04-13T22:57:28.171Z
txExpired-average	0	2020-04-13T22:57:28.171Z
txExpired-total	0	2020-04-13T22:57:28.171Z
txProcessed-average	0	2020-04-13T22:57:28.171Z
txProcessed-total	0	2020-04-13T22:57:28.171Z
queueLength-average	1	2020-04-13T22:57:28.171Z
queueLength-value	0	2020-04-13T22:57:28.171Z
serverLoad-average	0.07551952777777778	2020-04-13T22:57:28.171Z
serverLoad-value	0.08252888888888889	2020-04-13T22:57:28.171Z
txTimeInQueue-average	1.1384833333333333	2020-04-13T22:57:28.171Z
txInjected-average	0.016666666666666666	2020-04-13T22:57:29.174Z
txInjected-total	1	2020-04-13T22:57:29.174Z
txApplied-average	0.16666666666666666	2020-04-13T22:57:29.174Z
txApplied-total	15	2020-04-13T22:57:29.174Z
txRejected-average	0	2020-04-13T22:57:29.174Z
txRejected-total	0	2020-04-13T22:57:29.174Z
txExpired-average	0	2020-04-13T22:57:29.174Z
txExpired-total	0	2020-04-13T22:57:29.174Z
txProcessed-average	0	2020-04-13T22:57:29.174Z
txProcessed-total	0	2020-04-13T22:57:29.174Z
queueLength-average	1	2020-04-13T22:57:29.174Z
queueLength-value	0	2020-04-13T22:57:29.174Z
serverLoad-average	0.0762758611111111	2020-04-13T22:57:29.174Z
serverLoad-value	0.07589888888888889	2020-04-13T22:57:29.174Z
txTimeInQueue-average	1.1384833333333333	2020-04-13T22:57:29.174Z
txInjected-average	0.016666666666666666	2020-04-13T22:57:30.179Z
txInjected-total	1	2020-04-13T22:57:30.179Z
txApplied-average	0.16666666666666666	2020-04-13T22:57:30.179Z
txApplied-total	15	2020-04-13T22:57:30.179Z
txRejected-average	0	2020-04-13T22:57:30.179Z
txRejected-total	0	2020-04-13T22:57:30.179Z
txExpired-average	0	2020-04-13T22:57:30.179Z
txExpired-total	0	2020-04-13T22:57:30.179Z
txProcessed-average	0	2020-04-13T22:57:30.179Z
txProcessed-total	0	2020-04-13T22:57:30.179Z
queueLength-average	1	2020-04-13T22:57:30.179Z
queueLength-value	0	2020-04-13T22:57:30.179Z
serverLoad-average	0.07703219444444445	2020-04-13T22:57:30.179Z
serverLoad-value	0.07589888888888889	2020-04-13T22:57:30.179Z
txTimeInQueue-average	1.1384833333333333	2020-04-13T22:57:30.179Z
txInjected-average	0.016666666666666666	2020-04-13T22:57:31.181Z
txInjected-total	1	2020-04-13T22:57:31.181Z
txApplied-average	0.16666666666666666	2020-04-13T22:57:31.181Z
txApplied-total	15	2020-04-13T22:57:31.181Z
txRejected-average	0	2020-04-13T22:57:31.181Z
txRejected-total	0	2020-04-13T22:57:31.181Z
txExpired-average	0	2020-04-13T22:57:31.181Z
txExpired-total	0	2020-04-13T22:57:31.181Z
txProcessed-average	0	2020-04-13T22:57:31.181Z
txProcessed-total	0	2020-04-13T22:57:31.181Z
queueLength-average	1	2020-04-13T22:57:31.181Z
queueLength-value	0	2020-04-13T22:57:31.181Z
serverLoad-average	0.07778852777777777	2020-04-13T22:57:31.181Z
serverLoad-value	0.07589888888888889	2020-04-13T22:57:31.181Z
txTimeInQueue-average	1.1384833333333333	2020-04-13T22:57:31.181Z
txInjected-average	0.016666666666666666	2020-04-13T22:57:32.186Z
txInjected-total	1	2020-04-13T22:57:32.186Z
txApplied-average	0.16666666666666666	2020-04-13T22:57:32.186Z
txApplied-total	15	2020-04-13T22:57:32.186Z
txRejected-average	0	2020-04-13T22:57:32.186Z
txRejected-total	0	2020-04-13T22:57:32.186Z
txExpired-average	0	2020-04-13T22:57:32.186Z
txExpired-total	0	2020-04-13T22:57:32.186Z
txProcessed-average	0	2020-04-13T22:57:32.186Z
txProcessed-total	0	2020-04-13T22:57:32.186Z
queueLength-average	1	2020-04-13T22:57:32.186Z
queueLength-value	0	2020-04-13T22:57:32.186Z
serverLoad-average	0.0785448611111111	2020-04-13T22:57:32.186Z
serverLoad-value	0.07589888888888889	2020-04-13T22:57:32.186Z
txTimeInQueue-average	1.1384833333333333	2020-04-13T22:57:32.186Z
txInjected-average	0.016666666666666666	2020-04-13T22:57:33.186Z
txInjected-total	1	2020-04-13T22:57:33.186Z
txApplied-average	0.16666666666666666	2020-04-13T22:57:33.186Z
txApplied-total	15	2020-04-13T22:57:33.186Z
txRejected-average	0	2020-04-13T22:57:33.186Z
txRejected-total	0	2020-04-13T22:57:33.186Z
txExpired-average	0	2020-04-13T22:57:33.186Z
txExpired-total	0	2020-04-13T22:57:33.186Z
txProcessed-average	0	2020-04-13T22:57:33.186Z
txProcessed-total	0	2020-04-13T22:57:33.186Z
queueLength-average	1	2020-04-13T22:57:33.186Z
queueLength-value	0	2020-04-13T22:57:33.186Z
serverLoad-average	0.07930119444444444	2020-04-13T22:57:33.186Z
serverLoad-value	0.07589888888888889	2020-04-13T22:57:33.186Z
txTimeInQueue-average	1.1384833333333333	2020-04-13T22:57:33.186Z
txInjected-average	0.016666666666666666	2020-04-13T22:57:34.191Z
txInjected-total	1	2020-04-13T22:57:34.191Z
txApplied-average	0.16666666666666666	2020-04-13T22:57:34.191Z
txApplied-total	15	2020-04-13T22:57:34.191Z
txRejected-average	0	2020-04-13T22:57:34.191Z
txRejected-total	0	2020-04-13T22:57:34.191Z
txExpired-average	0	2020-04-13T22:57:34.191Z
txExpired-total	0	2020-04-13T22:57:34.191Z
txProcessed-average	0	2020-04-13T22:57:34.191Z
txProcessed-total	0	2020-04-13T22:57:34.191Z
queueLength-average	1	2020-04-13T22:57:34.191Z
queueLength-value	0	2020-04-13T22:57:34.191Z
serverLoad-average	0.08005752777777778	2020-04-13T22:57:34.191Z
serverLoad-value	0.07589888888888889	2020-04-13T22:57:34.191Z
txTimeInQueue-average	1.1384833333333333	2020-04-13T22:57:34.191Z
txInjected-average	0.016666666666666666	2020-04-13T22:57:35.194Z
txInjected-total	1	2020-04-13T22:57:35.194Z
txApplied-average	0.16666666666666666	2020-04-13T22:57:35.194Z
txApplied-total	15	2020-04-13T22:57:35.194Z
txRejected-average	0	2020-04-13T22:57:35.194Z
txRejected-total	0	2020-04-13T22:57:35.194Z
txExpired-average	0	2020-04-13T22:57:35.194Z
txExpired-total	0	2020-04-13T22:57:35.194Z
txProcessed-average	0	2020-04-13T22:57:35.194Z
txProcessed-total	0	2020-04-13T22:57:35.194Z
queueLength-average	1	2020-04-13T22:57:35.194Z
queueLength-value	0	2020-04-13T22:57:35.194Z
serverLoad-average	0.08081386111111111	2020-04-13T22:57:35.194Z
serverLoad-value	0.07589888888888889	2020-04-13T22:57:35.194Z
txTimeInQueue-average	1.1384833333333333	2020-04-13T22:57:35.194Z
txInjected-average	0.016666666666666666	2020-04-13T22:57:36.195Z
txInjected-total	1	2020-04-13T22:57:36.195Z
txApplied-average	0.16666666666666666	2020-04-13T22:57:36.195Z
txApplied-total	15	2020-04-13T22:57:36.195Z
txRejected-average	0	2020-04-13T22:57:36.195Z
txRejected-total	0	2020-04-13T22:57:36.195Z
txExpired-average	0	2020-04-13T22:57:36.195Z
txExpired-total	0	2020-04-13T22:57:36.195Z
txProcessed-average	0	2020-04-13T22:57:36.195Z
txProcessed-total	0	2020-04-13T22:57:36.195Z
queueLength-average	1	2020-04-13T22:57:36.195Z
queueLength-value	0	2020-04-13T22:57:36.195Z
serverLoad-average	0.08157019444444445	2020-04-13T22:57:36.195Z
serverLoad-value	0.07589888888888889	2020-04-13T22:57:36.195Z
txTimeInQueue-average	1.1384833333333333	2020-04-13T22:57:36.195Z
txInjected-average	0.016666666666666666	2020-04-13T22:57:37.196Z
txInjected-total	1	2020-04-13T22:57:37.196Z
txApplied-average	0.16666666666666666	2020-04-13T22:57:37.196Z
txApplied-total	15	2020-04-13T22:57:37.196Z
txRejected-average	0	2020-04-13T22:57:37.196Z
txRejected-total	0	2020-04-13T22:57:37.196Z
txExpired-average	0	2020-04-13T22:57:37.196Z
txExpired-total	0	2020-04-13T22:57:37.196Z
txProcessed-average	0	2020-04-13T22:57:37.196Z
txProcessed-total	0	2020-04-13T22:57:37.196Z
queueLength-average	1	2020-04-13T22:57:37.196Z
queueLength-value	0	2020-04-13T22:57:37.196Z
serverLoad-average	0.08232652777777778	2020-04-13T22:57:37.196Z
serverLoad-value	0.07589888888888889	2020-04-13T22:57:37.196Z
txTimeInQueue-average	1.1384833333333333	2020-04-13T22:57:37.196Z
txInjected-average	0.016666666666666666	2020-04-13T22:57:38.200Z
txInjected-total	1	2020-04-13T22:57:38.200Z
txApplied-average	0.16666666666666666	2020-04-13T22:57:38.200Z
txApplied-total	15	2020-04-13T22:57:38.200Z
txRejected-average	0	2020-04-13T22:57:38.200Z
txRejected-total	0	2020-04-13T22:57:38.200Z
txExpired-average	0	2020-04-13T22:57:38.200Z
txExpired-total	0	2020-04-13T22:57:38.200Z
txProcessed-average	0	2020-04-13T22:57:38.200Z
txProcessed-total	0	2020-04-13T22:57:38.200Z
queueLength-average	1	2020-04-13T22:57:38.200Z
queueLength-value	0	2020-04-13T22:57:38.200Z
serverLoad-average	0.08308286111111113	2020-04-13T22:57:38.200Z
serverLoad-value	0.07589888888888889	2020-04-13T22:57:38.200Z
txTimeInQueue-average	1.1384833333333333	2020-04-13T22:57:38.200Z
